country,year,indicator,value,country_name,indicator_code,description,unit,frequency,transformation,source,retrieved_at
CHN,1960,EXPORTS_PERCENT_GDP,3.14649701726736,China,NE.EXP.GNFS.ZS,Exports of goods and services percentage of GDP,percent,annual,none,world_bank,2026-05-13T21:09:55.868266+00:00
CHN,1961,EXPORTS_PERCENT_GDP,3.00147724389829,China,NE.EXP.GNFS.ZS,Exports of goods and services percentage of GDP,percent,annual,none,world_bank,2026-05-13T21:09:55.868266+00:00
CHN,1962,EXPORTS_PERCENT_GDP,3.18187809249592,China,NE.EXP.GNFS.ZS,Exports of goods and services percentage of GDP,percent,annual,none,world_bank,2026-05-13T21:09:55.868266+00:00
CHN,1963,EXPORTS_PERCENT_GDP,3.279427154169,China,NE.EXP.GNFS.ZS,Exports of goods and services percentage of GDP,percent,annual,none,world_bank,2026-05-13T21:09:55.868266+00:00
CHN,1964,EXPORTS_PERCENT_GDP,3.24105588221634,China,NE.EXP.GNFS.ZS,Exports of goods and services percentage of GDP,percent,annual,none,world_bank,2026-05-13T21:09:55.868266+00:00
CHN,1965,EXPORTS_PERCENT_GDP,3.18368644911352,China,NE.EXP.GNFS.ZS,Exports of goods and services percentage of GDP,percent,annual,none,world_bank,2026-05-13T21:09:55.868266+00:00
CHN,1966,EXPORTS_PERCENT_GDP,3.08454778826638,China,NE.EXP.GNFS.ZS,Exports of goods and services percentage of GDP,percent,annual,none,world_bank,2026-05-13T21:09:55.868266+00:00
CHN,1967,EXPORTS_PERCENT_GDP,2.95280114994993,China,NE.EXP.GNFS.ZS,Exports of goods and services percentage of GDP,percent,annual,none,world_bank,2026-05-13T21:09:55.868266+00:00
CHN,1968,EXPORTS_PERCENT_GDP,2.97927634903285,China,NE.EXP.GNFS.ZS,Exports of goods and services percentage of GDP,percent,annual,none,world_bank,2026-05-13T21:09:55.868266+00:00
CHN,1969,EXPORTS_PERCENT_GDP,2.77326409498398,China,NE.EXP.GNFS.ZS,Exports of goods and services percentage of GDP,percent,annual,none,world_bank,2026-05-13T21:09:55.868266+00:00
CHN,1970,EXPORTS_PERCENT_GDP,2.45191173862661,China,NE.EXP.GNFS.ZS,Exports of goods and services percentage of GDP,percent,annual,none,world_bank,2026-05-13T21:09:55.868266+00:00
CHN,1971,EXPORTS_PERCENT_GDP,2.71152734986346,China,NE.EXP.GNFS.ZS,Exports of goods and services percentage of GDP,percent,annual,none,world_bank,2026-05-13T21:09:55.868266+00:00
CHN,1972,EXPORTS_PERCENT_GDP,3.10630545897125,China,NE.EXP.GNFS.ZS,Exports of goods and services percentage of GDP,percent,annual,none,world_bank,2026-05-13T21:09:55.868266+00:00
CHN,1973,EXPORTS_PERCENT_GDP,4.29453198256321,China,NE.EXP.GNFS.ZS,Exports of goods and services percentage of GDP,percent,annual,none,world_bank,2026-05-13T21:09:55.868266+00:00
CHN,1974,EXPORTS_PERCENT_GDP,4.99456118394499,China,NE.EXP.GNFS.ZS,Exports of goods and services percentage of GDP,percent,annual,none,world_bank,2026-05-13T21:09:55.868266+00:00
CHN,1975,EXPORTS_PERCENT_GDP,4.87182232405151,China,NE.EXP.GNFS.ZS,Exports of goods and services percentage of GDP,percent,annual,none,world_bank,2026-05-13T21:09:55.868266+00:00
CHN,1976,EXPORTS_PERCENT_GDP,4.8253916518573,China,NE.EXP.GNFS.ZS,Exports of goods and services percentage of GDP,percent,annual,none,world_bank,2026-05-13T21:09:55.868266+00:00
CHN,1977,EXPORTS_PERCENT_GDP,4.72021382337347,China,NE.EXP.GNFS.ZS,Exports of goods and services percentage of GDP,percent,annual,none,world_bank,2026-05-13T21:09:55.868266+00:00
CHN,1978,EXPORTS_PERCENT_GDP,7.2109217325228,China,NE.EXP.GNFS.ZS,Exports of goods and services percentage of GDP,percent,annual,none,world_bank,2026-05-13T21:09:55.868266+00:00
CHN,1979,EXPORTS_PERCENT_GDP,7.8189696143358,China,NE.EXP.GNFS.ZS,Exports of goods and services percentage of GDP,percent,annual,none,world_bank,2026-05-13T21:09:55.868266+00:00
CHN,1980,EXPORTS_PERCENT_GDP,10.1341967491351,China,NE.EXP.GNFS.ZS,Exports of goods and services percentage of GDP,percent,annual,none,world_bank,2026-05-13T21:09:55.868266+00:00
CHN,1981,EXPORTS_PERCENT_GDP,12.4198281796671,China,NE.EXP.GNFS.ZS,Exports of goods and services percentage of GDP,percent,annual,none,world_bank,2026-05-13T21:09:55.868266+00:00
CHN,1982,EXPORTS_PERCENT_GDP,10.9986490384497,China,NE.EXP.GNFS.ZS,Exports of goods and services percentage of GDP,percent,annual,none,world_bank,2026-05-13T21:09:55.868266+00:00
CHN,1983,EXPORTS_PERCENT_GDP,9.49953661216008,China,NE.EXP.GNFS.ZS,Exports of goods and services percentage of GDP,percent,annual,none,world_bank,2026-05-13T21:09:55.868266+00:00
CHN,1984,EXPORTS_PERCENT_GDP,9.50853686392573,China,NE.EXP.GNFS.ZS,Exports of goods and services percentage of GDP,percent,annual,none,world_bank,2026-05-13T21:09:55.868266+00:00
CHN,1985,EXPORTS_PERCENT_GDP,8.32129856902917,China,NE.EXP.GNFS.ZS,Exports of goods and services percentage of GDP,percent,annual,none,world_bank,2026-05-13T21:09:55.868266+00:00
CHN,1986,EXPORTS_PERCENT_GDP,8.69621588638232,China,NE.EXP.GNFS.ZS,Exports of goods and services percentage of GDP,percent,annual,none,world_bank,2026-05-13T21:09:55.868266+00:00
CHN,1987,EXPORTS_PERCENT_GDP,12.4601248299538,China,NE.EXP.GNFS.ZS,Exports of goods and services percentage of GDP,percent,annual,none,world_bank,2026-05-13T21:09:55.868266+00:00
CHN,1988,EXPORTS_PERCENT_GDP,14.3577170443892,China,NE.EXP.GNFS.ZS,Exports of goods and services percentage of GDP,percent,annual,none,world_bank,2026-05-13T21:09:55.868266+00:00
CHN,1989,EXPORTS_PERCENT_GDP,11.8235049297269,China,NE.EXP.GNFS.ZS,Exports of goods and services percentage of GDP,percent,annual,none,world_bank,2026-05-13T21:09:55.868266+00:00
CHN,1990,EXPORTS_PERCENT_GDP,13.5882641172526,China,NE.EXP.GNFS.ZS,Exports of goods and services percentage of GDP,percent,annual,none,world_bank,2026-05-13T21:09:55.868266+00:00
CHN,1991,EXPORTS_PERCENT_GDP,14.4450323111337,China,NE.EXP.GNFS.ZS,Exports of goods and services percentage of GDP,percent,annual,none,world_bank,2026-05-13T21:09:55.868266+00:00
CHN,1992,EXPORTS_PERCENT_GDP,15.6002410213269,China,NE.EXP.GNFS.ZS,Exports of goods and services percentage of GDP,percent,annual,none,world_bank,2026-05-13T21:09:55.868266+00:00
CHN,1993,EXPORTS_PERCENT_GDP,16.6339975209836,China,NE.EXP.GNFS.ZS,Exports of goods and services percentage of GDP,percent,annual,none,world_bank,2026-05-13T21:09:55.868266+00:00
CHN,1994,EXPORTS_PERCENT_GDP,18.4515778259707,China,NE.EXP.GNFS.ZS,Exports of goods and services percentage of GDP,percent,annual,none,world_bank,2026-05-13T21:09:55.868266+00:00
CHN,1995,EXPORTS_PERCENT_GDP,17.8624291729756,China,NE.EXP.GNFS.ZS,Exports of goods and services percentage of GDP,percent,annual,none,world_bank,2026-05-13T21:09:55.868266+00:00
CHN,1996,EXPORTS_PERCENT_GDP,17.8247104643429,China,NE.EXP.GNFS.ZS,Exports of goods and services percentage of GDP,percent,annual,none,world_bank,2026-05-13T21:09:55.868266+00:00
CHN,1997,EXPORTS_PERCENT_GDP,19.3692945938508,China,NE.EXP.GNFS.ZS,Exports of goods and services percentage of GDP,percent,annual,none,world_bank,2026-05-13T21:09:55.868266+00:00
CHN,1998,EXPORTS_PERCENT_GDP,18.1992267514817,China,NE.EXP.GNFS.ZS,Exports of goods and services percentage of GDP,percent,annual,none,world_bank,2026-05-13T21:09:55.868266+00:00
CHN,1999,EXPORTS_PERCENT_GDP,18.0006905864312,China,NE.EXP.GNFS.ZS,Exports of goods and services percentage of GDP,percent,annual,none,world_bank,2026-05-13T21:09:55.868266+00:00
CHN,2000,EXPORTS_PERCENT_GDP,20.681599363293,China,NE.EXP.GNFS.ZS,Exports of goods and services percentage of GDP,percent,annual,none,world_bank,2026-05-13T21:09:55.868266+00:00
CHN,2001,EXPORTS_PERCENT_GDP,20.0776873829946,China,NE.EXP.GNFS.ZS,Exports of goods and services percentage of GDP,percent,annual,none,world_bank,2026-05-13T21:09:55.868266+00:00
CHN,2002,EXPORTS_PERCENT_GDP,22.3518233715808,China,NE.EXP.GNFS.ZS,Exports of goods and services percentage of GDP,percent,annual,none,world_bank,2026-05-13T21:09:55.868266+00:00
CHN,2003,EXPORTS_PERCENT_GDP,26.6023738514511,China,NE.EXP.GNFS.ZS,Exports of goods and services percentage of GDP,percent,annual,none,world_bank,2026-05-13T21:09:55.868266+00:00
CHN,2004,EXPORTS_PERCENT_GDP,30.6097162464404,China,NE.EXP.GNFS.ZS,Exports of goods and services percentage of GDP,percent,annual,none,world_bank,2026-05-13T21:09:55.868266+00:00
CHN,2005,EXPORTS_PERCENT_GDP,33.3687977498922,China,NE.EXP.GNFS.ZS,Exports of goods and services percentage of GDP,percent,annual,none,world_bank,2026-05-13T21:09:55.868266+00:00
CHN,2006,EXPORTS_PERCENT_GDP,35.5268468681701,China,NE.EXP.GNFS.ZS,Exports of goods and services percentage of GDP,percent,annual,none,world_bank,2026-05-13T21:09:55.868266+00:00
CHN,2007,EXPORTS_PERCENT_GDP,34.9066956194649,China,NE.EXP.GNFS.ZS,Exports of goods and services percentage of GDP,percent,annual,none,world_bank,2026-05-13T21:09:55.868266+00:00
CHN,2008,EXPORTS_PERCENT_GDP,32.092513602143,China,NE.EXP.GNFS.ZS,Exports of goods and services percentage of GDP,percent,annual,none,world_bank,2026-05-13T21:09:55.868266+00:00
CHN,2009,EXPORTS_PERCENT_GDP,24.3307718125403,China,NE.EXP.GNFS.ZS,Exports of goods and services percentage of GDP,percent,annual,none,world_bank,2026-05-13T21:09:55.868266+00:00
CHN,2010,EXPORTS_PERCENT_GDP,26.7227451502469,China,NE.EXP.GNFS.ZS,Exports of goods and services percentage of GDP,percent,annual,none,world_bank,2026-05-13T21:09:55.868266+00:00
CHN,2011,EXPORTS_PERCENT_GDP,26.1518828948759,China,NE.EXP.GNFS.ZS,Exports of goods and services percentage of GDP,percent,annual,none,world_bank,2026-05-13T21:09:55.868266+00:00
CHN,2012,EXPORTS_PERCENT_GDP,25.07670432956,China,NE.EXP.GNFS.ZS,Exports of goods and services percentage of GDP,percent,annual,none,world_bank,2026-05-13T21:09:55.868266+00:00
CHN,2013,EXPORTS_PERCENT_GDP,24.1633430905854,China,NE.EXP.GNFS.ZS,Exports of goods and services percentage of GDP,percent,annual,none,world_bank,2026-05-13T21:09:55.868266+00:00
CHN,2014,EXPORTS_PERCENT_GDP,23.0719766947263,China,NE.EXP.GNFS.ZS,Exports of goods and services percentage of GDP,percent,annual,none,world_bank,2026-05-13T21:09:55.868266+00:00
CHN,2015,EXPORTS_PERCENT_GDP,20.9390642234326,China,NE.EXP.GNFS.ZS,Exports of goods and services percentage of GDP,percent,annual,none,world_bank,2026-05-13T21:09:55.868266+00:00
CHN,2016,EXPORTS_PERCENT_GDP,19.2036507365412,China,NE.EXP.GNFS.ZS,Exports of goods and services percentage of GDP,percent,annual,none,world_bank,2026-05-13T21:09:55.868266+00:00
CHN,2017,EXPORTS_PERCENT_GDP,19.3356301657728,China,NE.EXP.GNFS.ZS,Exports of goods and services percentage of GDP,percent,annual,none,world_bank,2026-05-13T21:09:55.868266+00:00
CHN,2018,EXPORTS_PERCENT_GDP,18.770519802938,China,NE.EXP.GNFS.ZS,Exports of goods and services percentage of GDP,percent,annual,none,world_bank,2026-05-13T21:09:55.868266+00:00
CHN,2019,EXPORTS_PERCENT_GDP,18.0557069597496,China,NE.EXP.GNFS.ZS,Exports of goods and services percentage of GDP,percent,annual,none,world_bank,2026-05-13T21:09:55.868266+00:00
CHN,2020,EXPORTS_PERCENT_GDP,18.2035821684822,China,NE.EXP.GNFS.ZS,Exports of goods and services percentage of GDP,percent,annual,none,world_bank,2026-05-13T21:09:55.868266+00:00
CHN,2021,EXPORTS_PERCENT_GDP,19.5262422245091,China,NE.EXP.GNFS.ZS,Exports of goods and services percentage of GDP,percent,annual,none,world_bank,2026-05-13T21:09:55.868266+00:00
CHN,2022,EXPORTS_PERCENT_GDP,20.2977316914005,China,NE.EXP.GNFS.ZS,Exports of goods and services percentage of GDP,percent,annual,none,world_bank,2026-05-13T21:09:55.868266+00:00
CHN,2023,EXPORTS_PERCENT_GDP,19.102471716101,China,NE.EXP.GNFS.ZS,Exports of goods and services percentage of GDP,percent,annual,none,world_bank,2026-05-13T21:09:55.868266+00:00
CHN,2024,EXPORTS_PERCENT_GDP,20.0229166362049,China,NE.EXP.GNFS.ZS,Exports of goods and services percentage of GDP,percent,annual,none,world_bank,2026-05-13T21:09:55.868266+00:00
CHN,2025,EXPORTS_PERCENT_GDP,,China,NE.EXP.GNFS.ZS,Exports of goods and services percentage of GDP,percent,annual,none,world_bank,2026-05-13T21:09:55.868266+00:00
CHN,1960,FDI_NET_INFLOWS,,China,BX.KLT.DINV.WD.GD.ZS,Foreign direct investment net inflows percentage GDP,percent,annual,none,world_bank,2026-05-13T21:09:57.134689+00:00
CHN,1961,FDI_NET_INFLOWS,,China,BX.KLT.DINV.WD.GD.ZS,Foreign direct investment net inflows percentage GDP,percent,annual,none,world_bank,2026-05-13T21:09:57.134689+00:00
CHN,1962,FDI_NET_INFLOWS,,China,BX.KLT.DINV.WD.GD.ZS,Foreign direct investment net inflows percentage GDP,percent,annual,none,world_bank,2026-05-13T21:09:57.134689+00:00
CHN,1963,FDI_NET_INFLOWS,,China,BX.KLT.DINV.WD.GD.ZS,Foreign direct investment net inflows percentage GDP,percent,annual,none,world_bank,2026-05-13T21:09:57.134689+00:00
CHN,1964,FDI_NET_INFLOWS,,China,BX.KLT.DINV.WD.GD.ZS,Foreign direct investment net inflows percentage GDP,percent,annual,none,world_bank,2026-05-13T21:09:57.134689+00:00
CHN,1965,FDI_NET_INFLOWS,,China,BX.KLT.DINV.WD.GD.ZS,Foreign direct investment net inflows percentage GDP,percent,annual,none,world_bank,2026-05-13T21:09:57.134689+00:00
CHN,1966,FDI_NET_INFLOWS,,China,BX.KLT.DINV.WD.GD.ZS,Foreign direct investment net inflows percentage GDP,percent,annual,none,world_bank,2026-05-13T21:09:57.134689+00:00
CHN,1967,FDI_NET_INFLOWS,,China,BX.KLT.DINV.WD.GD.ZS,Foreign direct investment net inflows percentage GDP,percent,annual,none,world_bank,2026-05-13T21:09:57.134689+00:00
CHN,1968,FDI_NET_INFLOWS,,China,BX.KLT.DINV.WD.GD.ZS,Foreign direct investment net inflows percentage GDP,percent,annual,none,world_bank,2026-05-13T21:09:57.134689+00:00
CHN,1969,FDI_NET_INFLOWS,,China,BX.KLT.DINV.WD.GD.ZS,Foreign direct investment net inflows percentage GDP,percent,annual,none,world_bank,2026-05-13T21:09:57.134689+00:00
CHN,1970,FDI_NET_INFLOWS,,China,BX.KLT.DINV.WD.GD.ZS,Foreign direct investment net inflows percentage GDP,percent,annual,none,world_bank,2026-05-13T21:09:57.134689+00:00
CHN,1971,FDI_NET_INFLOWS,,China,BX.KLT.DINV.WD.GD.ZS,Foreign direct investment net inflows percentage GDP,percent,annual,none,world_bank,2026-05-13T21:09:57.134689+00:00
CHN,1972,FDI_NET_INFLOWS,,China,BX.KLT.DINV.WD.GD.ZS,Foreign direct investment net inflows percentage GDP,percent,annual,none,world_bank,2026-05-13T21:09:57.134689+00:00
CHN,1973,FDI_NET_INFLOWS,,China,BX.KLT.DINV.WD.GD.ZS,Foreign direct investment net inflows percentage GDP,percent,annual,none,world_bank,2026-05-13T21:09:57.134689+00:00
CHN,1974,FDI_NET_INFLOWS,,China,BX.KLT.DINV.WD.GD.ZS,Foreign direct investment net inflows percentage GDP,percent,annual,none,world_bank,2026-05-13T21:09:57.134689+00:00
CHN,1975,FDI_NET_INFLOWS,,China,BX.KLT.DINV.WD.GD.ZS,Foreign direct investment net inflows percentage GDP,percent,annual,none,world_bank,2026-05-13T21:09:57.134689+00:00
CHN,1976,FDI_NET_INFLOWS,,China,BX.KLT.DINV.WD.GD.ZS,Foreign direct investment net inflows percentage GDP,percent,annual,none,world_bank,2026-05-13T21:09:57.134689+00:00
CHN,1977,FDI_NET_INFLOWS,,China,BX.KLT.DINV.WD.GD.ZS,Foreign direct investment net inflows percentage GDP,percent,annual,none,world_bank,2026-05-13T21:09:57.134689+00:00
CHN,1978,FDI_NET_INFLOWS,,China,BX.KLT.DINV.WD.GD.ZS,Foreign direct investment net inflows percentage GDP,percent,annual,none,world_bank,2026-05-13T21:09:57.134689+00:00
CHN,1979,FDI_NET_INFLOWS,4.47993767043241e-05,China,BX.KLT.DINV.WD.GD.ZS,Foreign direct investment net inflows percentage GDP,percent,annual,none,world_bank,2026-05-13T21:09:57.134689+00:00
CHN,1980,FDI_NET_INFLOWS,0.0297669560676284,China,BX.KLT.DINV.WD.GD.ZS,Foreign direct investment net inflows percentage GDP,percent,annual,none,world_bank,2026-05-13T21:09:57.134689+00:00
CHN,1981,FDI_NET_INFLOWS,0.135053693854026,China,BX.KLT.DINV.WD.GD.ZS,Foreign direct investment net inflows percentage GDP,percent,annual,none,world_bank,2026-05-13T21:09:57.134689+00:00
CHN,1982,FDI_NET_INFLOWS,0.20926517571885,China,BX.KLT.DINV.WD.GD.ZS,Foreign direct investment net inflows percentage GDP,percent,annual,none,world_bank,2026-05-13T21:09:57.134689+00:00
CHN,1983,FDI_NET_INFLOWS,0.275169498549523,China,BX.KLT.DINV.WD.GD.ZS,Foreign direct investment net inflows percentage GDP,percent,annual,none,world_bank,2026-05-13T21:09:57.134689+00:00
CHN,1984,FDI_NET_INFLOWS,0.483023421644452,China,BX.KLT.DINV.WD.GD.ZS,Foreign direct investment net inflows percentage GDP,percent,annual,none,world_bank,2026-05-13T21:09:57.134689+00:00
CHN,1985,FDI_NET_INFLOWS,0.535049748242083,China,BX.KLT.DINV.WD.GD.ZS,Foreign direct investment net inflows percentage GDP,percent,annual,none,world_bank,2026-05-13T21:09:57.134689+00:00
CHN,1986,FDI_NET_INFLOWS,0.622282399569032,China,BX.KLT.DINV.WD.GD.ZS,Foreign direct investment net inflows percentage GDP,percent,annual,none,world_bank,2026-05-13T21:09:57.134689+00:00
CHN,1987,FDI_NET_INFLOWS,0.846208214101229,China,BX.KLT.DINV.WD.GD.ZS,Foreign direct investment net inflows percentage GDP,percent,annual,none,world_bank,2026-05-13T21:09:57.134689+00:00
CHN,1988,FDI_NET_INFLOWS,1.02080965909091,China,BX.KLT.DINV.WD.GD.ZS,Foreign direct investment net inflows percentage GDP,percent,annual,none,world_bank,2026-05-13T21:09:57.134689+00:00
CHN,1989,FDI_NET_INFLOWS,0.973934921557234,China,BX.KLT.DINV.WD.GD.ZS,Foreign direct investment net inflows percentage GDP,percent,annual,none,world_bank,2026-05-13T21:09:57.134689+00:00
CHN,1990,FDI_NET_INFLOWS,0.964431294157465,China,BX.KLT.DINV.WD.GD.ZS,Foreign direct investment net inflows percentage GDP,percent,annual,none,world_bank,2026-05-13T21:09:57.134689+00:00
CHN,1991,FDI_NET_INFLOWS,1.13546978147697,China,BX.KLT.DINV.WD.GD.ZS,Foreign direct investment net inflows percentage GDP,percent,annual,none,world_bank,2026-05-13T21:09:57.134689+00:00
CHN,1992,FDI_NET_INFLOWS,2.60348627617638,China,BX.KLT.DINV.WD.GD.ZS,Foreign direct investment net inflows percentage GDP,percent,annual,none,world_bank,2026-05-13T21:09:57.134689+00:00
CHN,1993,FDI_NET_INFLOWS,6.16158341638819,China,BX.KLT.DINV.WD.GD.ZS,Foreign direct investment net inflows percentage GDP,percent,annual,none,world_bank,2026-05-13T21:09:57.134689+00:00
CHN,1994,FDI_NET_INFLOWS,5.95964712479176,China,BX.KLT.DINV.WD.GD.ZS,Foreign direct investment net inflows percentage GDP,percent,annual,none,world_bank,2026-05-13T21:09:57.134689+00:00
CHN,1995,FDI_NET_INFLOWS,4.85635899646063,China,BX.KLT.DINV.WD.GD.ZS,Foreign direct investment net inflows percentage GDP,percent,annual,none,world_bank,2026-05-13T21:09:57.134689+00:00
CHN,1996,FDI_NET_INFLOWS,4.62623979720429,China,BX.KLT.DINV.WD.GD.ZS,Foreign direct investment net inflows percentage GDP,percent,annual,none,world_bank,2026-05-13T21:09:57.134689+00:00
CHN,1997,FDI_NET_INFLOWS,4.69530688267996,China,BX.KLT.DINV.WD.GD.ZS,Foreign direct investment net inflows percentage GDP,percent,annual,none,world_bank,2026-05-13T21:09:57.134689+00:00
CHN,1998,FDI_NET_INFLOWS,4.40097362165008,China,BX.KLT.DINV.WD.GD.ZS,Foreign direct investment net inflows percentage GDP,percent,annual,none,world_bank,2026-05-13T21:09:57.134689+00:00
CHN,1999,FDI_NET_INFLOWS,3.71556393762674,China,BX.KLT.DINV.WD.GD.ZS,Foreign direct investment net inflows percentage GDP,percent,annual,none,world_bank,2026-05-13T21:09:57.134689+00:00
CHN,2000,FDI_NET_INFLOWS,3.43984725315719,China,BX.KLT.DINV.WD.GD.ZS,Foreign direct investment net inflows percentage GDP,percent,annual,none,world_bank,2026-05-13T21:09:57.134689+00:00
CHN,2001,FDI_NET_INFLOWS,3.47245235578959,China,BX.KLT.DINV.WD.GD.ZS,Foreign direct investment net inflows percentage GDP,percent,annual,none,world_bank,2026-05-13T21:09:57.134689+00:00
CHN,2002,FDI_NET_INFLOWS,3.56241418263928,China,BX.KLT.DINV.WD.GD.ZS,Foreign direct investment net inflows percentage GDP,percent,annual,none,world_bank,2026-05-13T21:09:57.134689+00:00
CHN,2003,FDI_NET_INFLOWS,3.43849537731211,China,BX.KLT.DINV.WD.GD.ZS,Foreign direct investment net inflows percentage GDP,percent,annual,none,world_bank,2026-05-13T21:09:57.134689+00:00
CHN,2004,FDI_NET_INFLOWS,3.43299015092913,China,BX.KLT.DINV.WD.GD.ZS,Foreign direct investment net inflows percentage GDP,percent,annual,none,world_bank,2026-05-13T21:09:57.134689+00:00
CHN,2005,FDI_NET_INFLOWS,4.49218509012467,China,BX.KLT.DINV.WD.GD.ZS,Foreign direct investment net inflows percentage GDP,percent,annual,none,world_bank,2026-05-13T21:09:57.134689+00:00
CHN,2006,FDI_NET_INFLOWS,4.44499743873593,China,BX.KLT.DINV.WD.GD.ZS,Foreign direct investment net inflows percentage GDP,percent,annual,none,world_bank,2026-05-13T21:09:57.134689+00:00
CHN,2007,FDI_NET_INFLOWS,4.33537500236917,China,BX.KLT.DINV.WD.GD.ZS,Foreign direct investment net inflows percentage GDP,percent,annual,none,world_bank,2026-05-13T21:09:57.134689+00:00
CHN,2008,FDI_NET_INFLOWS,3.67520717506325,China,BX.KLT.DINV.WD.GD.ZS,Foreign direct investment net inflows percentage GDP,percent,annual,none,world_bank,2026-05-13T21:09:57.134689+00:00
CHN,2009,FDI_NET_INFLOWS,2.52538984334254,China,BX.KLT.DINV.WD.GD.ZS,Foreign direct investment net inflows percentage GDP,percent,annual,none,world_bank,2026-05-13T21:09:57.134689+00:00
CHN,2010,FDI_NET_INFLOWS,3.93541996731512,China,BX.KLT.DINV.WD.GD.ZS,Foreign direct investment net inflows percentage GDP,percent,annual,none,world_bank,2026-05-13T21:09:57.134689+00:00
CHN,2011,FDI_NET_INFLOWS,3.65069190228423,China,BX.KLT.DINV.WD.GD.ZS,Foreign direct investment net inflows percentage GDP,percent,annual,none,world_bank,2026-05-13T21:09:57.134689+00:00
CHN,2012,FDI_NET_INFLOWS,2.78099138181613,China,BX.KLT.DINV.WD.GD.ZS,Foreign direct investment net inflows percentage GDP,percent,annual,none,world_bank,2026-05-13T21:09:57.134689+00:00
CHN,2013,FDI_NET_INFLOWS,2.98598708261986,China,BX.KLT.DINV.WD.GD.ZS,Foreign direct investment net inflows percentage GDP,percent,annual,none,world_bank,2026-05-13T21:09:57.134689+00:00
CHN,2014,FDI_NET_INFLOWS,2.51155883670463,China,BX.KLT.DINV.WD.GD.ZS,Foreign direct investment net inflows percentage GDP,percent,annual,none,world_bank,2026-05-13T21:09:57.134689+00:00
CHN,2015,FDI_NET_INFLOWS,2.14957284731563,China,BX.KLT.DINV.WD.GD.ZS,Foreign direct investment net inflows percentage GDP,percent,annual,none,world_bank,2026-05-13T21:09:57.134689+00:00
CHN,2016,FDI_NET_INFLOWS,1.52539470315394,China,BX.KLT.DINV.WD.GD.ZS,Foreign direct investment net inflows percentage GDP,percent,annual,none,world_bank,2026-05-13T21:09:57.134689+00:00
CHN,2017,FDI_NET_INFLOWS,1.32468971748482,China,BX.KLT.DINV.WD.GD.ZS,Foreign direct investment net inflows percentage GDP,percent,annual,none,world_bank,2026-05-13T21:09:57.134689+00:00
CHN,2018,FDI_NET_INFLOWS,1.66361992284408,China,BX.KLT.DINV.WD.GD.ZS,Foreign direct investment net inflows percentage GDP,percent,annual,none,world_bank,2026-05-13T21:09:57.134689+00:00
CHN,2019,FDI_NET_INFLOWS,1.28549226847992,China,BX.KLT.DINV.WD.GD.ZS,Foreign direct investment net inflows percentage GDP,percent,annual,none,world_bank,2026-05-13T21:09:57.134689+00:00
CHN,2020,FDI_NET_INFLOWS,1.68770756292082,China,BX.KLT.DINV.WD.GD.ZS,Foreign direct investment net inflows percentage GDP,percent,annual,none,world_bank,2026-05-13T21:09:57.134689+00:00
CHN,2021,FDI_NET_INFLOWS,1.8903454142588,China,BX.KLT.DINV.WD.GD.ZS,Foreign direct investment net inflows percentage GDP,percent,annual,none,world_bank,2026-05-13T21:09:57.134689+00:00
CHN,2022,FDI_NET_INFLOWS,1.03841365474349,China,BX.KLT.DINV.WD.GD.ZS,Foreign direct investment net inflows percentage GDP,percent,annual,none,world_bank,2026-05-13T21:09:57.134689+00:00
CHN,2023,FDI_NET_INFLOWS,0.280991103634816,China,BX.KLT.DINV.WD.GD.ZS,Foreign direct investment net inflows percentage GDP,percent,annual,none,world_bank,2026-05-13T21:09:57.134689+00:00
CHN,2024,FDI_NET_INFLOWS,0.0989988051182737,China,BX.KLT.DINV.WD.GD.ZS,Foreign direct investment net inflows percentage GDP,percent,annual,none,world_bank,2026-05-13T21:09:57.134689+00:00
CHN,2025,FDI_NET_INFLOWS,,China,BX.KLT.DINV.WD.GD.ZS,Foreign direct investment net inflows percentage GDP,percent,annual,none,world_bank,2026-05-13T21:09:57.134689+00:00
CHN,1960,GDP_GROWTH,,China,NY.GDP.MKTP.KD.ZG,GDP growth annual percentage,percent,annual,none,world_bank,2026-05-13T21:09:54.970779+00:00
CHN,1961,GDP_GROWTH,-27.2700000038883,China,NY.GDP.MKTP.KD.ZG,GDP growth annual percentage,percent,annual,none,world_bank,2026-05-13T21:09:54.970779+00:00
CHN,1962,GDP_GROWTH,-5.57999999019671,China,NY.GDP.MKTP.KD.ZG,GDP growth annual percentage,percent,annual,none,world_bank,2026-05-13T21:09:54.970779+00:00
CHN,1963,GDP_GROWTH,10.2999999963989,China,NY.GDP.MKTP.KD.ZG,GDP growth annual percentage,percent,annual,none,world_bank,2026-05-13T21:09:54.970779+00:00
CHN,1964,GDP_GROWTH,18.1799999938203,China,NY.GDP.MKTP.KD.ZG,GDP growth annual percentage,percent,annual,none,world_bank,2026-05-13T21:09:54.970779+00:00
CHN,1965,GDP_GROWTH,16.9500000038699,China,NY.GDP.MKTP.KD.ZG,GDP growth annual percentage,percent,annual,none,world_bank,2026-05-13T21:09:54.970779+00:00
CHN,1966,GDP_GROWTH,10.6499999984174,China,NY.GDP.MKTP.KD.ZG,GDP growth annual percentage,percent,annual,none,world_bank,2026-05-13T21:09:54.970779+00:00
CHN,1967,GDP_GROWTH,-5.77000000405148,China,NY.GDP.MKTP.KD.ZG,GDP growth annual percentage,percent,annual,none,world_bank,2026-05-13T21:09:54.970779+00:00
CHN,1968,GDP_GROWTH,-4.09999998647768,China,NY.GDP.MKTP.KD.ZG,GDP growth annual percentage,percent,annual,none,world_bank,2026-05-13T21:09:54.970779+00:00
CHN,1969,GDP_GROWTH,16.9399999960609,China,NY.GDP.MKTP.KD.ZG,GDP growth annual percentage,percent,annual,none,world_bank,2026-05-13T21:09:54.970779+00:00
CHN,1970,GDP_GROWTH,19.2999999967022,China,NY.GDP.MKTP.KD.ZG,GDP growth annual percentage,percent,annual,none,world_bank,2026-05-13T21:09:54.970779+00:00
CHN,1971,GDP_GROWTH,7.05999999853672,China,NY.GDP.MKTP.KD.ZG,GDP growth annual percentage,percent,annual,none,world_bank,2026-05-13T21:09:54.970779+00:00
CHN,1972,GDP_GROWTH,3.81000000021984,China,NY.GDP.MKTP.KD.ZG,GDP growth annual percentage,percent,annual,none,world_bank,2026-05-13T21:09:54.970779+00:00
CHN,1973,GDP_GROWTH,7.76000000084325,China,NY.GDP.MKTP.KD.ZG,GDP growth annual percentage,percent,annual,none,world_bank,2026-05-13T21:09:54.970779+00:00
CHN,1974,GDP_GROWTH,2.31000000294736,China,NY.GDP.MKTP.KD.ZG,GDP growth annual percentage,percent,annual,none,world_bank,2026-05-13T21:09:54.970779+00:00
CHN,1975,GDP_GROWTH,8.71999999747992,China,NY.GDP.MKTP.KD.ZG,GDP growth annual percentage,percent,annual,none,world_bank,2026-05-13T21:09:54.970779+00:00
CHN,1976,GDP_GROWTH,-1.57000000165326,China,NY.GDP.MKTP.KD.ZG,GDP growth annual percentage,percent,annual,none,world_bank,2026-05-13T21:09:54.970779+00:00
CHN,1977,GDP_GROWTH,7.57000000138403,China,NY.GDP.MKTP.KD.ZG,GDP growth annual percentage,percent,annual,none,world_bank,2026-05-13T21:09:54.970779+00:00
CHN,1978,GDP_GROWTH,11.3259779878892,China,NY.GDP.MKTP.KD.ZG,GDP growth annual percentage,percent,annual,none,world_bank,2026-05-13T21:09:54.970779+00:00
CHN,1979,GDP_GROWTH,7.59132468000007,China,NY.GDP.MKTP.KD.ZG,GDP growth annual percentage,percent,annual,none,world_bank,2026-05-13T21:09:54.970779+00:00
CHN,1980,GDP_GROWTH,7.83414501593799,China,NY.GDP.MKTP.KD.ZG,GDP growth annual percentage,percent,annual,none,world_bank,2026-05-13T21:09:54.970779+00:00
CHN,1981,GDP_GROWTH,5.11276109058952,China,NY.GDP.MKTP.KD.ZG,GDP growth annual percentage,percent,annual,none,world_bank,2026-05-13T21:09:54.970779+00:00
CHN,1982,GDP_GROWTH,9.05928417062999,China,NY.GDP.MKTP.KD.ZG,GDP growth annual percentage,percent,annual,none,world_bank,2026-05-13T21:09:54.970779+00:00
CHN,1983,GDP_GROWTH,10.7273706842105,China,NY.GDP.MKTP.KD.ZG,GDP growth annual percentage,percent,annual,none,world_bank,2026-05-13T21:09:54.970779+00:00
CHN,1984,GDP_GROWTH,15.2325609955089,China,NY.GDP.MKTP.KD.ZG,GDP growth annual percentage,percent,annual,none,world_bank,2026-05-13T21:09:54.970779+00:00
CHN,1985,GDP_GROWTH,13.435474366529,China,NY.GDP.MKTP.KD.ZG,GDP growth annual percentage,percent,annual,none,world_bank,2026-05-13T21:09:54.970779+00:00
CHN,1986,GDP_GROWTH,8.93506493506504,China,NY.GDP.MKTP.KD.ZG,GDP growth annual percentage,percent,annual,none,world_bank,2026-05-13T21:09:54.970779+00:00
CHN,1987,GDP_GROWTH,11.6282225655699,China,NY.GDP.MKTP.KD.ZG,GDP growth annual percentage,percent,annual,none,world_bank,2026-05-13T21:09:54.970779+00:00
CHN,1988,GDP_GROWTH,11.2225949825209,China,NY.GDP.MKTP.KD.ZG,GDP growth annual percentage,percent,annual,none,world_bank,2026-05-13T21:09:54.970779+00:00
CHN,1989,GDP_GROWTH,4.20633435547828,China,NY.GDP.MKTP.KD.ZG,GDP growth annual percentage,percent,annual,none,world_bank,2026-05-13T21:09:54.970779+00:00
CHN,1990,GDP_GROWTH,3.9416305983694,China,NY.GDP.MKTP.KD.ZG,GDP growth annual percentage,percent,annual,none,world_bank,2026-05-13T21:09:54.970779+00:00
CHN,1991,GDP_GROWTH,9.36170212784847,China,NY.GDP.MKTP.KD.ZG,GDP growth annual percentage,percent,annual,none,world_bank,2026-05-13T21:09:54.970779+00:00
CHN,1992,GDP_GROWTH,14.2996108947926,China,NY.GDP.MKTP.KD.ZG,GDP growth annual percentage,percent,annual,none,world_bank,2026-05-13T21:09:54.970779+00:00
CHN,1993,GDP_GROWTH,13.9290780143689,China,NY.GDP.MKTP.KD.ZG,GDP growth annual percentage,percent,annual,none,world_bank,2026-05-13T21:09:54.970779+00:00
CHN,1994,GDP_GROWTH,13.0727091631599,China,NY.GDP.MKTP.KD.ZG,GDP growth annual percentage,percent,annual,none,world_bank,2026-05-13T21:09:54.970779+00:00
CHN,1995,GDP_GROWTH,11.0328121562746,China,NY.GDP.MKTP.KD.ZG,GDP growth annual percentage,percent,annual,none,world_bank,2026-05-13T21:09:54.970779+00:00
CHN,1996,GDP_GROWTH,9.97619992053447,China,NY.GDP.MKTP.KD.ZG,GDP growth annual percentage,percent,annual,none,world_bank,2026-05-13T21:09:54.970779+00:00
CHN,1997,GDP_GROWTH,9.2876465280865,China,NY.GDP.MKTP.KD.ZG,GDP growth annual percentage,percent,annual,none,world_bank,2026-05-13T21:09:54.970779+00:00
CHN,1998,GDP_GROWTH,7.92079207933551,China,NY.GDP.MKTP.KD.ZG,GDP growth annual percentage,percent,annual,none,world_bank,2026-05-13T21:09:54.970779+00:00
CHN,1999,GDP_GROWTH,7.7370030581299,China,NY.GDP.MKTP.KD.ZG,GDP growth annual percentage,percent,annual,none,world_bank,2026-05-13T21:09:54.970779+00:00
CHN,2000,GDP_GROWTH,8.58643201808462,China,NY.GDP.MKTP.KD.ZG,GDP growth annual percentage,percent,annual,none,world_bank,2026-05-13T21:09:54.970779+00:00
CHN,2001,GDP_GROWTH,8.31263887091522,China,NY.GDP.MKTP.KD.ZG,GDP growth annual percentage,percent,annual,none,world_bank,2026-05-13T21:09:54.970779+00:00
CHN,2002,GDP_GROWTH,9.24339326638321,China,NY.GDP.MKTP.KD.ZG,GDP growth annual percentage,percent,annual,none,world_bank,2026-05-13T21:09:54.970779+00:00
CHN,2003,GDP_GROWTH,10.1181928640117,China,NY.GDP.MKTP.KD.ZG,GDP growth annual percentage,percent,annual,none,world_bank,2026-05-13T21:09:54.970779+00:00
CHN,2004,GDP_GROWTH,10.1314073631003,China,NY.GDP.MKTP.KD.ZG,GDP growth annual percentage,percent,annual,none,world_bank,2026-05-13T21:09:54.970779+00:00
CHN,2005,GDP_GROWTH,11.458238455067,China,NY.GDP.MKTP.KD.ZG,GDP growth annual percentage,percent,annual,none,world_bank,2026-05-13T21:09:54.970779+00:00
CHN,2006,GDP_GROWTH,12.6746751655235,China,NY.GDP.MKTP.KD.ZG,GDP growth annual percentage,percent,annual,none,world_bank,2026-05-13T21:09:54.970779+00:00
CHN,2007,GDP_GROWTH,14.1499854947127,China,NY.GDP.MKTP.KD.ZG,GDP growth annual percentage,percent,annual,none,world_bank,2026-05-13T21:09:54.970779+00:00
CHN,2008,GDP_GROWTH,9.67024588602851,China,NY.GDP.MKTP.KD.ZG,GDP growth annual percentage,percent,annual,none,world_bank,2026-05-13T21:09:54.970779+00:00
CHN,2009,GDP_GROWTH,9.40269972778044,China,NY.GDP.MKTP.KD.ZG,GDP growth annual percentage,percent,annual,none,world_bank,2026-05-13T21:09:54.970779+00:00
CHN,2010,GDP_GROWTH,10.5962719761682,China,NY.GDP.MKTP.KD.ZG,GDP growth annual percentage,percent,annual,none,world_bank,2026-05-13T21:09:54.970779+00:00
CHN,2011,GDP_GROWTH,9.4613358870736,China,NY.GDP.MKTP.KD.ZG,GDP growth annual percentage,percent,annual,none,world_bank,2026-05-13T21:09:54.970779+00:00
CHN,2012,GDP_GROWTH,7.85617427055587,China,NY.GDP.MKTP.KD.ZG,GDP growth annual percentage,percent,annual,none,world_bank,2026-05-13T21:09:54.970779+00:00
CHN,2013,GDP_GROWTH,7.77872409446717,China,NY.GDP.MKTP.KD.ZG,GDP growth annual percentage,percent,annual,none,world_bank,2026-05-13T21:09:54.970779+00:00
CHN,2014,GDP_GROWTH,7.46190028229434,China,NY.GDP.MKTP.KD.ZG,GDP growth annual percentage,percent,annual,none,world_bank,2026-05-13T21:09:54.970779+00:00
CHN,2015,GDP_GROWTH,6.97878002657477,China,NY.GDP.MKTP.KD.ZG,GDP growth annual percentage,percent,annual,none,world_bank,2026-05-13T21:09:54.970779+00:00
CHN,2016,GDP_GROWTH,6.77555562837017,China,NY.GDP.MKTP.KD.ZG,GDP growth annual percentage,percent,annual,none,world_bank,2026-05-13T21:09:54.970779+00:00
CHN,2017,GDP_GROWTH,6.8912663621211,China,NY.GDP.MKTP.KD.ZG,GDP growth annual percentage,percent,annual,none,world_bank,2026-05-13T21:09:54.970779+00:00
CHN,2018,GDP_GROWTH,6.75671800166833,China,NY.GDP.MKTP.KD.ZG,GDP growth annual percentage,percent,annual,none,world_bank,2026-05-13T21:09:54.970779+00:00
CHN,2019,GDP_GROWTH,6.06850235053705,China,NY.GDP.MKTP.KD.ZG,GDP growth annual percentage,percent,annual,none,world_bank,2026-05-13T21:09:54.970779+00:00
CHN,2020,GDP_GROWTH,2.34018843078414,China,NY.GDP.MKTP.KD.ZG,GDP growth annual percentage,percent,annual,none,world_bank,2026-05-13T21:09:54.970779+00:00
CHN,2021,GDP_GROWTH,8.57008513166322,China,NY.GDP.MKTP.KD.ZG,GDP growth annual percentage,percent,annual,none,world_bank,2026-05-13T21:09:54.970779+00:00
CHN,2022,GDP_GROWTH,3.1341888719577,China,NY.GDP.MKTP.KD.ZG,GDP growth annual percentage,percent,annual,none,world_bank,2026-05-13T21:09:54.970779+00:00
CHN,2023,GDP_GROWTH,5.41484330099675,China,NY.GDP.MKTP.KD.ZG,GDP growth annual percentage,percent,annual,none,world_bank,2026-05-13T21:09:54.970779+00:00
CHN,2024,GDP_GROWTH,4.9773565917572,China,NY.GDP.MKTP.KD.ZG,GDP growth annual percentage,percent,annual,none,world_bank,2026-05-13T21:09:54.970779+00:00
CHN,2025,GDP_GROWTH,,China,NY.GDP.MKTP.KD.ZG,GDP growth annual percentage,percent,annual,none,world_bank,2026-05-13T21:09:54.970779+00:00
CHN,1960,GDP_PER_CAPITA,89.7150749167731,China,NY.GDP.PCAP.CD,GDP per capita current USD,USD,annual,log,world_bank,2026-05-13T21:09:55.204471+00:00
CHN,1961,GDP_PER_CAPITA,75.9655011127574,China,NY.GDP.PCAP.CD,GDP per capita current USD,USD,annual,log,world_bank,2026-05-13T21:09:55.204471+00:00
CHN,1962,GDP_PER_CAPITA,71.0616845971262,China,NY.GDP.PCAP.CD,GDP per capita current USD,USD,annual,log,world_bank,2026-05-13T21:09:55.204471+00:00
CHN,1963,GDP_PER_CAPITA,74.4681540864463,China,NY.GDP.PCAP.CD,GDP per capita current USD,USD,annual,log,world_bank,2026-05-13T21:09:55.204471+00:00
CHN,1964,GDP_PER_CAPITA,85.6611074645449,China,NY.GDP.PCAP.CD,GDP per capita current USD,USD,annual,log,world_bank,2026-05-13T21:09:55.204471+00:00
CHN,1965,GDP_PER_CAPITA,98.6681688740435,China,NY.GDP.PCAP.CD,GDP per capita current USD,USD,annual,log,world_bank,2026-05-13T21:09:55.204471+00:00
CHN,1966,GDP_PER_CAPITA,104.50646350178,China,NY.GDP.PCAP.CD,GDP per capita current USD,USD,annual,log,world_bank,2026-05-13T21:09:55.204471+00:00
CHN,1967,GDP_PER_CAPITA,96.7614480104016,China,NY.GDP.PCAP.CD,GDP per capita current USD,USD,annual,log,world_bank,2026-05-13T21:09:55.204471+00:00
CHN,1968,GDP_PER_CAPITA,91.6454581848979,China,NY.GDP.PCAP.CD,GDP per capita current USD,USD,annual,log,world_bank,2026-05-13T21:09:55.204471+00:00
CHN,1969,GDP_PER_CAPITA,100.308139479526,China,NY.GDP.PCAP.CD,GDP per capita current USD,USD,annual,log,world_bank,2026-05-13T21:09:55.204471+00:00
CHN,1970,GDP_PER_CAPITA,113.346243039894,China,NY.GDP.PCAP.CD,GDP per capita current USD,USD,annual,log,world_bank,2026-05-13T21:09:55.204471+00:00
CHN,1971,GDP_PER_CAPITA,118.84249157909,China,NY.GDP.PCAP.CD,GDP per capita current USD,USD,annual,log,world_bank,2026-05-13T21:09:55.204471+00:00
CHN,1972,GDP_PER_CAPITA,132.097410431007,China,NY.GDP.PCAP.CD,GDP per capita current USD,USD,annual,log,world_bank,2026-05-13T21:09:55.204471+00:00
CHN,1973,GDP_PER_CAPITA,157.339888078555,China,NY.GDP.PCAP.CD,GDP per capita current USD,USD,annual,log,world_bank,2026-05-13T21:09:55.204471+00:00
CHN,1974,GDP_PER_CAPITA,160.402546852304,China,NY.GDP.PCAP.CD,GDP per capita current USD,USD,annual,log,world_bank,2026-05-13T21:09:55.204471+00:00
CHN,1975,GDP_PER_CAPITA,178.621249282085,China,NY.GDP.PCAP.CD,GDP per capita current USD,USD,annual,log,world_bank,2026-05-13T21:09:55.204471+00:00
CHN,1976,GDP_PER_CAPITA,165.680987722637,China,NY.GDP.PCAP.CD,GDP per capita current USD,USD,annual,log,world_bank,2026-05-13T21:09:55.204471+00:00
CHN,1977,GDP_PER_CAPITA,185.728620718294,China,NY.GDP.PCAP.CD,GDP per capita current USD,USD,annual,log,world_bank,2026-05-13T21:09:55.204471+00:00
CHN,1978,GDP_PER_CAPITA,156.655616850835,China,NY.GDP.PCAP.CD,GDP per capita current USD,USD,annual,log,world_bank,2026-05-13T21:09:55.204471+00:00
CHN,1979,GDP_PER_CAPITA,184.285853059043,China,NY.GDP.PCAP.CD,GDP per capita current USD,USD,annual,log,world_bank,2026-05-13T21:09:55.204471+00:00
CHN,1980,GDP_PER_CAPITA,195.149479992051,China,NY.GDP.PCAP.CD,GDP per capita current USD,USD,annual,log,world_bank,2026-05-13T21:09:55.204471+00:00
CHN,1981,GDP_PER_CAPITA,197.425510967822,China,NY.GDP.PCAP.CD,GDP per capita current USD,USD,annual,log,world_bank,2026-05-13T21:09:55.204471+00:00
CHN,1982,GDP_PER_CAPITA,203.722788366928,China,NY.GDP.PCAP.CD,GDP per capita current USD,USD,annual,log,world_bank,2026-05-13T21:09:55.204471+00:00
CHN,1983,GDP_PER_CAPITA,225.86534696156,China,NY.GDP.PCAP.CD,GDP per capita current USD,USD,annual,log,world_bank,2026-05-13T21:09:55.204471+00:00
CHN,1984,GDP_PER_CAPITA,251.192686463827,China,NY.GDP.PCAP.CD,GDP per capita current USD,USD,annual,log,world_bank,2026-05-13T21:09:55.204471+00:00
CHN,1985,GDP_PER_CAPITA,295.007445815897,China,NY.GDP.PCAP.CD,GDP per capita current USD,USD,annual,log,world_bank,2026-05-13T21:09:55.204471+00:00
CHN,1986,GDP_PER_CAPITA,282.445603096707,China,NY.GDP.PCAP.CD,GDP per capita current USD,USD,annual,log,world_bank,2026-05-13T21:09:55.204471+00:00
CHN,1987,GDP_PER_CAPITA,252.256760114454,China,NY.GDP.PCAP.CD,GDP per capita current USD,USD,annual,log,world_bank,2026-05-13T21:09:55.204471+00:00
CHN,1988,GDP_PER_CAPITA,284.023573149686,China,NY.GDP.PCAP.CD,GDP per capita current USD,USD,annual,log,world_bank,2026-05-13T21:09:55.204471+00:00
CHN,1989,GDP_PER_CAPITA,311.429461227032,China,NY.GDP.PCAP.CD,GDP per capita current USD,USD,annual,log,world_bank,2026-05-13T21:09:55.204471+00:00
CHN,1990,GDP_PER_CAPITA,318.50335359039,China,NY.GDP.PCAP.CD,GDP per capita current USD,USD,annual,log,world_bank,2026-05-13T21:09:55.204471+00:00
CHN,1991,GDP_PER_CAPITA,334.130288119078,China,NY.GDP.PCAP.CD,GDP per capita current USD,USD,annual,log,world_bank,2026-05-13T21:09:55.204471+00:00
CHN,1992,GDP_PER_CAPITA,367.822651903542,China,NY.GDP.PCAP.CD,GDP per capita current USD,USD,annual,log,world_bank,2026-05-13T21:09:55.204471+00:00
CHN,1993,GDP_PER_CAPITA,378.939353053314,China,NY.GDP.PCAP.CD,GDP per capita current USD,USD,annual,log,world_bank,2026-05-13T21:09:55.204471+00:00
CHN,1994,GDP_PER_CAPITA,475.677874448369,China,NY.GDP.PCAP.CD,GDP per capita current USD,USD,annual,log,world_bank,2026-05-13T21:09:55.204471+00:00
CHN,1995,GDP_PER_CAPITA,612.680277898627,China,NY.GDP.PCAP.CD,GDP per capita current USD,USD,annual,log,world_bank,2026-05-13T21:09:55.204471+00:00
CHN,1996,GDP_PER_CAPITA,713.337387811657,China,NY.GDP.PCAP.CD,GDP per capita current USD,USD,annual,log,world_bank,2026-05-13T21:09:55.204471+00:00
CHN,1997,GDP_PER_CAPITA,786.743548510999,China,NY.GDP.PCAP.CD,GDP per capita current USD,USD,annual,log,world_bank,2026-05-13T21:09:55.204471+00:00
CHN,1998,GDP_PER_CAPITA,835.095348597432,China,NY.GDP.PCAP.CD,GDP per capita current USD,USD,annual,log,world_bank,2026-05-13T21:09:55.204471+00:00
CHN,1999,GDP_PER_CAPITA,881.146614068925,China,NY.GDP.PCAP.CD,GDP per capita current USD,USD,annual,log,world_bank,2026-05-13T21:09:55.204471+00:00
CHN,2000,GDP_PER_CAPITA,969.199513696287,China,NY.GDP.PCAP.CD,GDP per capita current USD,USD,annual,log,world_bank,2026-05-13T21:09:55.204471+00:00
CHN,2001,GDP_PER_CAPITA,1065.40597574519,China,NY.GDP.PCAP.CD,GDP per capita current USD,USD,annual,log,world_bank,2026-05-13T21:09:55.204471+00:00
CHN,2002,GDP_PER_CAPITA,1163.55957673426,China,NY.GDP.PCAP.CD,GDP per capita current USD,USD,annual,log,world_bank,2026-05-13T21:09:55.204471+00:00
CHN,2003,GDP_PER_CAPITA,1306.97245408557,China,NY.GDP.PCAP.CD,GDP per capita current USD,USD,annual,log,world_bank,2026-05-13T21:09:55.204471+00:00
CHN,2004,GDP_PER_CAPITA,1530.92726215723,China,NY.GDP.PCAP.CD,GDP per capita current USD,USD,annual,log,world_bank,2026-05-13T21:09:55.204471+00:00
CHN,2005,GDP_PER_CAPITA,1777.64496828464,China,NY.GDP.PCAP.CD,GDP per capita current USD,USD,annual,log,world_bank,2026-05-13T21:09:55.204471+00:00
CHN,2006,GDP_PER_CAPITA,2129.25696999613,China,NY.GDP.PCAP.CD,GDP per capita current USD,USD,annual,log,world_bank,2026-05-13T21:09:55.204471+00:00
CHN,2007,GDP_PER_CAPITA,2734.72709877693,China,NY.GDP.PCAP.CD,GDP per capita current USD,USD,annual,log,world_bank,2026-05-13T21:09:55.204471+00:00
CHN,2008,GDP_PER_CAPITA,3523.44302065213,China,NY.GDP.PCAP.CD,GDP per capita current USD,USD,annual,log,world_bank,2026-05-13T21:09:55.204471+00:00
CHN,2009,GDP_PER_CAPITA,3898.24459158811,China,NY.GDP.PCAP.CD,GDP per capita current USD,USD,annual,log,world_bank,2026-05-13T21:09:55.204471+00:00
CHN,2010,GDP_PER_CAPITA,4629.24551710077,China,NY.GDP.PCAP.CD,GDP per capita current USD,USD,annual,log,world_bank,2026-05-13T21:09:55.204471+00:00
CHN,2011,GDP_PER_CAPITA,5703.76027973346,China,NY.GDP.PCAP.CD,GDP per capita current USD,USD,annual,log,world_bank,2026-05-13T21:09:55.204471+00:00
CHN,2012,GDP_PER_CAPITA,6405.0574241349,China,NY.GDP.PCAP.CD,GDP per capita current USD,USD,annual,log,world_bank,2026-05-13T21:09:55.204471+00:00
CHN,2013,GDP_PER_CAPITA,7147.03518622344,China,NY.GDP.PCAP.CD,GDP per capita current USD,USD,annual,log,world_bank,2026-05-13T21:09:55.204471+00:00
CHN,2014,GDP_PER_CAPITA,7781.06597484974,China,NY.GDP.PCAP.CD,GDP per capita current USD,USD,annual,log,world_bank,2026-05-13T21:09:55.204471+00:00
CHN,2015,GDP_PER_CAPITA,8175.33285077393,China,NY.GDP.PCAP.CD,GDP per capita current USD,USD,annual,log,world_bank,2026-05-13T21:09:55.204471+00:00
CHN,2016,GDP_PER_CAPITA,8254.86859320357,China,NY.GDP.PCAP.CD,GDP per capita current USD,USD,annual,log,world_bank,2026-05-13T21:09:55.204471+00:00
CHN,2017,GDP_PER_CAPITA,8979.67652709856,China,NY.GDP.PCAP.CD,GDP per capita current USD,USD,annual,log,world_bank,2026-05-13T21:09:55.204471+00:00
CHN,2018,GDP_PER_CAPITA,10085.6638148819,China,NY.GDP.PCAP.CD,GDP per capita current USD,USD,annual,log,world_bank,2026-05-13T21:09:55.204471+00:00
CHN,2019,GDP_PER_CAPITA,10342.9009524335,China,NY.GDP.PCAP.CD,GDP per capita current USD,USD,annual,log,world_bank,2026-05-13T21:09:55.204471+00:00
CHN,2020,GDP_PER_CAPITA,10627.4637989619,China,NY.GDP.PCAP.CD,GDP per capita current USD,USD,annual,log,world_bank,2026-05-13T21:09:55.204471+00:00
CHN,2021,GDP_PER_CAPITA,12887.4357242941,China,NY.GDP.PCAP.CD,GDP per capita current USD,USD,annual,log,world_bank,2026-05-13T21:09:55.204471+00:00
CHN,2022,GDP_PER_CAPITA,12970.6056414327,China,NY.GDP.PCAP.CD,GDP per capita current USD,USD,annual,log,world_bank,2026-05-13T21:09:55.204471+00:00
CHN,2023,GDP_PER_CAPITA,12951.1782397043,China,NY.GDP.PCAP.CD,GDP per capita current USD,USD,annual,log,world_bank,2026-05-13T21:09:55.204471+00:00
CHN,2024,GDP_PER_CAPITA,13303.1481543868,China,NY.GDP.PCAP.CD,GDP per capita current USD,USD,annual,log,world_bank,2026-05-13T21:09:55.204471+00:00
CHN,2025,GDP_PER_CAPITA,,China,NY.GDP.PCAP.CD,GDP per capita current USD,USD,annual,log,world_bank,2026-05-13T21:09:55.204471+00:00
CHN,1960,HIGH_TECH_EXPORTS,,China,TX.VAL.TECH.MF.ZS,High technology exports percentage manufactured exports,percent,annual,none,world_bank,2026-05-13T21:09:57.871341+00:00
CHN,1961,HIGH_TECH_EXPORTS,,China,TX.VAL.TECH.MF.ZS,High technology exports percentage manufactured exports,percent,annual,none,world_bank,2026-05-13T21:09:57.871341+00:00
CHN,1962,HIGH_TECH_EXPORTS,,China,TX.VAL.TECH.MF.ZS,High technology exports percentage manufactured exports,percent,annual,none,world_bank,2026-05-13T21:09:57.871341+00:00
CHN,1963,HIGH_TECH_EXPORTS,,China,TX.VAL.TECH.MF.ZS,High technology exports percentage manufactured exports,percent,annual,none,world_bank,2026-05-13T21:09:57.871341+00:00
CHN,1964,HIGH_TECH_EXPORTS,,China,TX.VAL.TECH.MF.ZS,High technology exports percentage manufactured exports,percent,annual,none,world_bank,2026-05-13T21:09:57.871341+00:00
CHN,1965,HIGH_TECH_EXPORTS,,China,TX.VAL.TECH.MF.ZS,High technology exports percentage manufactured exports,percent,annual,none,world_bank,2026-05-13T21:09:57.871341+00:00
CHN,1966,HIGH_TECH_EXPORTS,,China,TX.VAL.TECH.MF.ZS,High technology exports percentage manufactured exports,percent,annual,none,world_bank,2026-05-13T21:09:57.871341+00:00
CHN,1967,HIGH_TECH_EXPORTS,,China,TX.VAL.TECH.MF.ZS,High technology exports percentage manufactured exports,percent,annual,none,world_bank,2026-05-13T21:09:57.871341+00:00
CHN,1968,HIGH_TECH_EXPORTS,,China,TX.VAL.TECH.MF.ZS,High technology exports percentage manufactured exports,percent,annual,none,world_bank,2026-05-13T21:09:57.871341+00:00
CHN,1969,HIGH_TECH_EXPORTS,,China,TX.VAL.TECH.MF.ZS,High technology exports percentage manufactured exports,percent,annual,none,world_bank,2026-05-13T21:09:57.871341+00:00
CHN,1970,HIGH_TECH_EXPORTS,,China,TX.VAL.TECH.MF.ZS,High technology exports percentage manufactured exports,percent,annual,none,world_bank,2026-05-13T21:09:57.871341+00:00
CHN,1971,HIGH_TECH_EXPORTS,,China,TX.VAL.TECH.MF.ZS,High technology exports percentage manufactured exports,percent,annual,none,world_bank,2026-05-13T21:09:57.871341+00:00
CHN,1972,HIGH_TECH_EXPORTS,,China,TX.VAL.TECH.MF.ZS,High technology exports percentage manufactured exports,percent,annual,none,world_bank,2026-05-13T21:09:57.871341+00:00
CHN,1973,HIGH_TECH_EXPORTS,,China,TX.VAL.TECH.MF.ZS,High technology exports percentage manufactured exports,percent,annual,none,world_bank,2026-05-13T21:09:57.871341+00:00
CHN,1974,HIGH_TECH_EXPORTS,,China,TX.VAL.TECH.MF.ZS,High technology exports percentage manufactured exports,percent,annual,none,world_bank,2026-05-13T21:09:57.871341+00:00
CHN,1975,HIGH_TECH_EXPORTS,,China,TX.VAL.TECH.MF.ZS,High technology exports percentage manufactured exports,percent,annual,none,world_bank,2026-05-13T21:09:57.871341+00:00
CHN,1976,HIGH_TECH_EXPORTS,,China,TX.VAL.TECH.MF.ZS,High technology exports percentage manufactured exports,percent,annual,none,world_bank,2026-05-13T21:09:57.871341+00:00
CHN,1977,HIGH_TECH_EXPORTS,,China,TX.VAL.TECH.MF.ZS,High technology exports percentage manufactured exports,percent,annual,none,world_bank,2026-05-13T21:09:57.871341+00:00
CHN,1978,HIGH_TECH_EXPORTS,,China,TX.VAL.TECH.MF.ZS,High technology exports percentage manufactured exports,percent,annual,none,world_bank,2026-05-13T21:09:57.871341+00:00
CHN,1979,HIGH_TECH_EXPORTS,,China,TX.VAL.TECH.MF.ZS,High technology exports percentage manufactured exports,percent,annual,none,world_bank,2026-05-13T21:09:57.871341+00:00
CHN,1980,HIGH_TECH_EXPORTS,,China,TX.VAL.TECH.MF.ZS,High technology exports percentage manufactured exports,percent,annual,none,world_bank,2026-05-13T21:09:57.871341+00:00
CHN,1981,HIGH_TECH_EXPORTS,,China,TX.VAL.TECH.MF.ZS,High technology exports percentage manufactured exports,percent,annual,none,world_bank,2026-05-13T21:09:57.871341+00:00
CHN,1982,HIGH_TECH_EXPORTS,,China,TX.VAL.TECH.MF.ZS,High technology exports percentage manufactured exports,percent,annual,none,world_bank,2026-05-13T21:09:57.871341+00:00
CHN,1983,HIGH_TECH_EXPORTS,,China,TX.VAL.TECH.MF.ZS,High technology exports percentage manufactured exports,percent,annual,none,world_bank,2026-05-13T21:09:57.871341+00:00
CHN,1984,HIGH_TECH_EXPORTS,,China,TX.VAL.TECH.MF.ZS,High technology exports percentage manufactured exports,percent,annual,none,world_bank,2026-05-13T21:09:57.871341+00:00
CHN,1985,HIGH_TECH_EXPORTS,,China,TX.VAL.TECH.MF.ZS,High technology exports percentage manufactured exports,percent,annual,none,world_bank,2026-05-13T21:09:57.871341+00:00
CHN,1986,HIGH_TECH_EXPORTS,,China,TX.VAL.TECH.MF.ZS,High technology exports percentage manufactured exports,percent,annual,none,world_bank,2026-05-13T21:09:57.871341+00:00
CHN,1987,HIGH_TECH_EXPORTS,,China,TX.VAL.TECH.MF.ZS,High technology exports percentage manufactured exports,percent,annual,none,world_bank,2026-05-13T21:09:57.871341+00:00
CHN,1988,HIGH_TECH_EXPORTS,,China,TX.VAL.TECH.MF.ZS,High technology exports percentage manufactured exports,percent,annual,none,world_bank,2026-05-13T21:09:57.871341+00:00
CHN,1989,HIGH_TECH_EXPORTS,,China,TX.VAL.TECH.MF.ZS,High technology exports percentage manufactured exports,percent,annual,none,world_bank,2026-05-13T21:09:57.871341+00:00
CHN,1990,HIGH_TECH_EXPORTS,,China,TX.VAL.TECH.MF.ZS,High technology exports percentage manufactured exports,percent,annual,none,world_bank,2026-05-13T21:09:57.871341+00:00
CHN,1991,HIGH_TECH_EXPORTS,,China,TX.VAL.TECH.MF.ZS,High technology exports percentage manufactured exports,percent,annual,none,world_bank,2026-05-13T21:09:57.871341+00:00
CHN,1992,HIGH_TECH_EXPORTS,,China,TX.VAL.TECH.MF.ZS,High technology exports percentage manufactured exports,percent,annual,none,world_bank,2026-05-13T21:09:57.871341+00:00
CHN,1993,HIGH_TECH_EXPORTS,,China,TX.VAL.TECH.MF.ZS,High technology exports percentage manufactured exports,percent,annual,none,world_bank,2026-05-13T21:09:57.871341+00:00
CHN,1994,HIGH_TECH_EXPORTS,,China,TX.VAL.TECH.MF.ZS,High technology exports percentage manufactured exports,percent,annual,none,world_bank,2026-05-13T21:09:57.871341+00:00
CHN,1995,HIGH_TECH_EXPORTS,,China,TX.VAL.TECH.MF.ZS,High technology exports percentage manufactured exports,percent,annual,none,world_bank,2026-05-13T21:09:57.871341+00:00
CHN,1996,HIGH_TECH_EXPORTS,,China,TX.VAL.TECH.MF.ZS,High technology exports percentage manufactured exports,percent,annual,none,world_bank,2026-05-13T21:09:57.871341+00:00
CHN,1997,HIGH_TECH_EXPORTS,,China,TX.VAL.TECH.MF.ZS,High technology exports percentage manufactured exports,percent,annual,none,world_bank,2026-05-13T21:09:57.871341+00:00
CHN,1998,HIGH_TECH_EXPORTS,,China,TX.VAL.TECH.MF.ZS,High technology exports percentage manufactured exports,percent,annual,none,world_bank,2026-05-13T21:09:57.871341+00:00
CHN,1999,HIGH_TECH_EXPORTS,,China,TX.VAL.TECH.MF.ZS,High technology exports percentage manufactured exports,percent,annual,none,world_bank,2026-05-13T21:09:57.871341+00:00
CHN,2000,HIGH_TECH_EXPORTS,,China,TX.VAL.TECH.MF.ZS,High technology exports percentage manufactured exports,percent,annual,none,world_bank,2026-05-13T21:09:57.871341+00:00
CHN,2001,HIGH_TECH_EXPORTS,,China,TX.VAL.TECH.MF.ZS,High technology exports percentage manufactured exports,percent,annual,none,world_bank,2026-05-13T21:09:57.871341+00:00
CHN,2002,HIGH_TECH_EXPORTS,,China,TX.VAL.TECH.MF.ZS,High technology exports percentage manufactured exports,percent,annual,none,world_bank,2026-05-13T21:09:57.871341+00:00
CHN,2003,HIGH_TECH_EXPORTS,,China,TX.VAL.TECH.MF.ZS,High technology exports percentage manufactured exports,percent,annual,none,world_bank,2026-05-13T21:09:57.871341+00:00
CHN,2004,HIGH_TECH_EXPORTS,,China,TX.VAL.TECH.MF.ZS,High technology exports percentage manufactured exports,percent,annual,none,world_bank,2026-05-13T21:09:57.871341+00:00
CHN,2005,HIGH_TECH_EXPORTS,,China,TX.VAL.TECH.MF.ZS,High technology exports percentage manufactured exports,percent,annual,none,world_bank,2026-05-13T21:09:57.871341+00:00
CHN,2006,HIGH_TECH_EXPORTS,,China,TX.VAL.TECH.MF.ZS,High technology exports percentage manufactured exports,percent,annual,none,world_bank,2026-05-13T21:09:57.871341+00:00
CHN,2007,HIGH_TECH_EXPORTS,30.2374939097036,China,TX.VAL.TECH.MF.ZS,High technology exports percentage manufactured exports,percent,annual,none,world_bank,2026-05-13T21:09:57.871341+00:00
CHN,2008,HIGH_TECH_EXPORTS,29.4319344493349,China,TX.VAL.TECH.MF.ZS,High technology exports percentage manufactured exports,percent,annual,none,world_bank,2026-05-13T21:09:57.871341+00:00
CHN,2009,HIGH_TECH_EXPORTS,31.9775769727453,China,TX.VAL.TECH.MF.ZS,High technology exports percentage manufactured exports,percent,annual,none,world_bank,2026-05-13T21:09:57.871341+00:00
CHN,2010,HIGH_TECH_EXPORTS,32.1501169663397,China,TX.VAL.TECH.MF.ZS,High technology exports percentage manufactured exports,percent,annual,none,world_bank,2026-05-13T21:09:57.871341+00:00
CHN,2011,HIGH_TECH_EXPORTS,30.5004796644425,China,TX.VAL.TECH.MF.ZS,High technology exports percentage manufactured exports,percent,annual,none,world_bank,2026-05-13T21:09:57.871341+00:00
CHN,2012,HIGH_TECH_EXPORTS,30.8618085179503,China,TX.VAL.TECH.MF.ZS,High technology exports percentage manufactured exports,percent,annual,none,world_bank,2026-05-13T21:09:57.871341+00:00
CHN,2013,HIGH_TECH_EXPORTS,31.5855813292794,China,TX.VAL.TECH.MF.ZS,High technology exports percentage manufactured exports,percent,annual,none,world_bank,2026-05-13T21:09:57.871341+00:00
CHN,2014,HIGH_TECH_EXPORTS,29.7037271802947,China,TX.VAL.TECH.MF.ZS,High technology exports percentage manufactured exports,percent,annual,none,world_bank,2026-05-13T21:09:57.871341+00:00
CHN,2015,HIGH_TECH_EXPORTS,30.4312672747562,China,TX.VAL.TECH.MF.ZS,High technology exports percentage manufactured exports,percent,annual,none,world_bank,2026-05-13T21:09:57.871341+00:00
CHN,2016,HIGH_TECH_EXPORTS,30.2545232296357,China,TX.VAL.TECH.MF.ZS,High technology exports percentage manufactured exports,percent,annual,none,world_bank,2026-05-13T21:09:57.871341+00:00
CHN,2017,HIGH_TECH_EXPORTS,30.9118639785891,China,TX.VAL.TECH.MF.ZS,High technology exports percentage manufactured exports,percent,annual,none,world_bank,2026-05-13T21:09:57.871341+00:00
CHN,2018,HIGH_TECH_EXPORTS,31.5481478595353,China,TX.VAL.TECH.MF.ZS,High technology exports percentage manufactured exports,percent,annual,none,world_bank,2026-05-13T21:09:57.871341+00:00
CHN,2019,HIGH_TECH_EXPORTS,30.8186302968419,China,TX.VAL.TECH.MF.ZS,High technology exports percentage manufactured exports,percent,annual,none,world_bank,2026-05-13T21:09:57.871341+00:00
CHN,2020,HIGH_TECH_EXPORTS,31.2766154241293,China,TX.VAL.TECH.MF.ZS,High technology exports percentage manufactured exports,percent,annual,none,world_bank,2026-05-13T21:09:57.871341+00:00
CHN,2021,HIGH_TECH_EXPORTS,30.2190732796596,China,TX.VAL.TECH.MF.ZS,High technology exports percentage manufactured exports,percent,annual,none,world_bank,2026-05-13T21:09:57.871341+00:00
CHN,2022,HIGH_TECH_EXPORTS,27.7650612563156,China,TX.VAL.TECH.MF.ZS,High technology exports percentage manufactured exports,percent,annual,none,world_bank,2026-05-13T21:09:57.871341+00:00
CHN,2023,HIGH_TECH_EXPORTS,26.5682136542881,China,TX.VAL.TECH.MF.ZS,High technology exports percentage manufactured exports,percent,annual,none,world_bank,2026-05-13T21:09:57.871341+00:00
CHN,2024,HIGH_TECH_EXPORTS,26.2777380479223,China,TX.VAL.TECH.MF.ZS,High technology exports percentage manufactured exports,percent,annual,none,world_bank,2026-05-13T21:09:57.871341+00:00
CHN,2025,HIGH_TECH_EXPORTS,,China,TX.VAL.TECH.MF.ZS,High technology exports percentage manufactured exports,percent,annual,none,world_bank,2026-05-13T21:09:57.871341+00:00
CHN,1960,IMPORTS_PERCENT_GDP,3.15907926241091,China,NE.IMP.GNFS.ZS,Imports of goods and services percentage of GDP,percent,annual,none,world_bank,2026-05-13T21:09:56.634100+00:00
CHN,1961,IMPORTS_PERCENT_GDP,2.80706829282533,China,NE.IMP.GNFS.ZS,Imports of goods and services percentage of GDP,percent,annual,none,world_bank,2026-05-13T21:09:56.634100+00:00
CHN,1962,IMPORTS_PERCENT_GDP,2.38364492614407,China,NE.IMP.GNFS.ZS,Imports of goods and services percentage of GDP,percent,annual,none,world_bank,2026-05-13T21:09:56.634100+00:00
CHN,1963,IMPORTS_PERCENT_GDP,2.38263514432009,China,NE.IMP.GNFS.ZS,Imports of goods and services percentage of GDP,percent,annual,none,world_bank,2026-05-13T21:09:56.634100+00:00
CHN,1964,IMPORTS_PERCENT_GDP,2.47585068914239,China,NE.IMP.GNFS.ZS,Imports of goods and services percentage of GDP,percent,annual,none,world_bank,2026-05-13T21:09:56.634100+00:00
CHN,1965,IMPORTS_PERCENT_GDP,2.71578402243841,China,NE.IMP.GNFS.ZS,Imports of goods and services percentage of GDP,percent,annual,none,world_bank,2026-05-13T21:09:56.634100+00:00
CHN,1966,IMPORTS_PERCENT_GDP,2.8434414417019,China,NE.IMP.GNFS.ZS,Imports of goods and services percentage of GDP,percent,annual,none,world_bank,2026-05-13T21:09:56.634100+00:00
CHN,1967,IMPORTS_PERCENT_GDP,2.62953634513186,China,NE.IMP.GNFS.ZS,Imports of goods and services percentage of GDP,percent,annual,none,world_bank,2026-05-13T21:09:56.634100+00:00
CHN,1968,IMPORTS_PERCENT_GDP,2.59962183986494,China,NE.IMP.GNFS.ZS,Imports of goods and services percentage of GDP,percent,annual,none,world_bank,2026-05-13T21:09:56.634100+00:00
CHN,1969,IMPORTS_PERCENT_GDP,2.1681126940581,China,NE.IMP.GNFS.ZS,Imports of goods and services percentage of GDP,percent,annual,none,world_bank,2026-05-13T21:09:56.634100+00:00
CHN,1970,IMPORTS_PERCENT_GDP,2.37357459141631,China,NE.IMP.GNFS.ZS,Imports of goods and services percentage of GDP,percent,annual,none,world_bank,2026-05-13T21:09:56.634100+00:00
CHN,1971,IMPORTS_PERCENT_GDP,2.23404264740857,China,NE.IMP.GNFS.ZS,Imports of goods and services percentage of GDP,percent,annual,none,world_bank,2026-05-13T21:09:56.634100+00:00
CHN,1972,IMPORTS_PERCENT_GDP,2.56116672626638,China,NE.IMP.GNFS.ZS,Imports of goods and services percentage of GDP,percent,annual,none,world_bank,2026-05-13T21:09:56.634100+00:00
CHN,1973,IMPORTS_PERCENT_GDP,3.78900729553575,China,NE.IMP.GNFS.ZS,Imports of goods and services percentage of GDP,percent,annual,none,world_bank,2026-05-13T21:09:56.634100+00:00
CHN,1974,IMPORTS_PERCENT_GDP,5.34294538210084,China,NE.IMP.GNFS.ZS,Imports of goods and services percentage of GDP,percent,annual,none,world_bank,2026-05-13T21:09:56.634100+00:00
CHN,1975,IMPORTS_PERCENT_GDP,5.10426507116579,China,NE.IMP.GNFS.ZS,Imports of goods and services percentage of GDP,percent,annual,none,world_bank,2026-05-13T21:09:56.634100+00:00
CHN,1976,IMPORTS_PERCENT_GDP,4.76651170488208,China,NE.IMP.GNFS.ZS,Imports of goods and services percentage of GDP,percent,annual,none,world_bank,2026-05-13T21:09:56.634100+00:00
CHN,1977,IMPORTS_PERCENT_GDP,4.59998549903361,China,NE.IMP.GNFS.ZS,Imports of goods and services percentage of GDP,percent,annual,none,world_bank,2026-05-13T21:09:56.634100+00:00
CHN,1978,IMPORTS_PERCENT_GDP,8.18600249674338,China,NE.IMP.GNFS.ZS,Imports of goods and services percentage of GDP,percent,annual,none,world_bank,2026-05-13T21:09:56.634100+00:00
CHN,1979,IMPORTS_PERCENT_GDP,8.69963744156603,China,NE.IMP.GNFS.ZS,Imports of goods and services percentage of GDP,percent,annual,none,world_bank,2026-05-13T21:09:56.634100+00:00
CHN,1980,IMPORTS_PERCENT_GDP,11.406859455578,China,NE.IMP.GNFS.ZS,Imports of goods and services percentage of GDP,percent,annual,none,world_bank,2026-05-13T21:09:56.634100+00:00
CHN,1981,IMPORTS_PERCENT_GDP,11.3239974113697,China,NE.IMP.GNFS.ZS,Imports of goods and services percentage of GDP,percent,annual,none,world_bank,2026-05-13T21:09:56.634100+00:00
CHN,1982,IMPORTS_PERCENT_GDP,8.65682572319597,China,NE.IMP.GNFS.ZS,Imports of goods and services percentage of GDP,percent,annual,none,world_bank,2026-05-13T21:09:56.634100+00:00
CHN,1983,IMPORTS_PERCENT_GDP,8.38717689396696,China,NE.IMP.GNFS.ZS,Imports of goods and services percentage of GDP,percent,annual,none,world_bank,2026-05-13T21:09:56.634100+00:00
CHN,1984,IMPORTS_PERCENT_GDP,9.48780294916516,China,NE.IMP.GNFS.ZS,Imports of goods and services percentage of GDP,percent,annual,none,world_bank,2026-05-13T21:09:56.634100+00:00
CHN,1985,IMPORTS_PERCENT_GDP,12.3530387153669,China,NE.IMP.GNFS.ZS,Imports of goods and services percentage of GDP,percent,annual,none,world_bank,2026-05-13T21:09:56.634100+00:00
CHN,1986,IMPORTS_PERCENT_GDP,11.1488382505503,China,NE.IMP.GNFS.ZS,Imports of goods and services percentage of GDP,percent,annual,none,world_bank,2026-05-13T21:09:56.634100+00:00
CHN,1987,IMPORTS_PERCENT_GDP,12.3537088445159,China,NE.IMP.GNFS.ZS,Imports of goods and services percentage of GDP,percent,annual,none,world_bank,2026-05-13T21:09:56.634100+00:00
CHN,1988,IMPORTS_PERCENT_GDP,15.6556218739347,China,NE.IMP.GNFS.ZS,Imports of goods and services percentage of GDP,percent,annual,none,world_bank,2026-05-13T21:09:56.634100+00:00
CHN,1989,IMPORTS_PERCENT_GDP,13.2380499616851,China,NE.IMP.GNFS.ZS,Imports of goods and services percentage of GDP,percent,annual,none,world_bank,2026-05-13T21:09:56.634100+00:00
CHN,1990,IMPORTS_PERCENT_GDP,10.6377183627152,China,NE.IMP.GNFS.ZS,Imports of goods and services percentage of GDP,percent,annual,none,world_bank,2026-05-13T21:09:56.634100+00:00
CHN,1991,IMPORTS_PERCENT_GDP,11.4279491835766,China,NE.IMP.GNFS.ZS,Imports of goods and services percentage of GDP,percent,annual,none,world_bank,2026-05-13T21:09:56.634100+00:00
CHN,1992,IMPORTS_PERCENT_GDP,14.4338530320539,China,NE.IMP.GNFS.ZS,Imports of goods and services percentage of GDP,percent,annual,none,world_bank,2026-05-13T21:09:56.634100+00:00
CHN,1993,IMPORTS_PERCENT_GDP,19.274644137231,China,NE.IMP.GNFS.ZS,Imports of goods and services percentage of GDP,percent,annual,none,world_bank,2026-05-13T21:09:56.634100+00:00
CHN,1994,IMPORTS_PERCENT_GDP,17.1538856989073,China,NE.IMP.GNFS.ZS,Imports of goods and services percentage of GDP,percent,annual,none,world_bank,2026-05-13T21:09:56.634100+00:00
CHN,1995,IMPORTS_PERCENT_GDP,16.2425229859567,China,NE.IMP.GNFS.ZS,Imports of goods and services percentage of GDP,percent,annual,none,world_bank,2026-05-13T21:09:56.634100+00:00
CHN,1996,IMPORTS_PERCENT_GDP,15.8040407669576,China,NE.IMP.GNFS.ZS,Imports of goods and services percentage of GDP,percent,annual,none,world_bank,2026-05-13T21:09:56.634100+00:00
CHN,1997,IMPORTS_PERCENT_GDP,14.9442817281513,China,NE.IMP.GNFS.ZS,Imports of goods and services percentage of GDP,percent,annual,none,world_bank,2026-05-13T21:09:56.634100+00:00
CHN,1998,IMPORTS_PERCENT_GDP,13.9725131842671,China,NE.IMP.GNFS.ZS,Imports of goods and services percentage of GDP,percent,annual,none,world_bank,2026-05-13T21:09:56.634100+00:00
CHN,1999,IMPORTS_PERCENT_GDP,15.2248474895742,China,NE.IMP.GNFS.ZS,Imports of goods and services percentage of GDP,percent,annual,none,world_bank,2026-05-13T21:09:56.634100+00:00
CHN,2000,IMPORTS_PERCENT_GDP,18.3293431142068,China,NE.IMP.GNFS.ZS,Imports of goods and services percentage of GDP,percent,annual,none,world_bank,2026-05-13T21:09:56.634100+00:00
CHN,2001,IMPORTS_PERCENT_GDP,18.0049595688389,China,NE.IMP.GNFS.ZS,Imports of goods and services percentage of GDP,percent,annual,none,world_bank,2026-05-13T21:09:56.634100+00:00
CHN,2002,IMPORTS_PERCENT_GDP,19.8426189671605,China,NE.IMP.GNFS.ZS,Imports of goods and services percentage of GDP,percent,annual,none,world_bank,2026-05-13T21:09:56.634100+00:00
CHN,2003,IMPORTS_PERCENT_GDP,24.4751062787292,China,NE.IMP.GNFS.ZS,Imports of goods and services percentage of GDP,percent,annual,none,world_bank,2026-05-13T21:09:56.634100+00:00
CHN,2004,IMPORTS_PERCENT_GDP,28.0306177944035,China,NE.IMP.GNFS.ZS,Imports of goods and services percentage of GDP,percent,annual,none,world_bank,2026-05-13T21:09:56.634100+00:00
CHN,2005,IMPORTS_PERCENT_GDP,27.9912771909315,China,NE.IMP.GNFS.ZS,Imports of goods and services percentage of GDP,percent,annual,none,world_bank,2026-05-13T21:09:56.634100+00:00
CHN,2006,IMPORTS_PERCENT_GDP,28.0427329939926,China,NE.IMP.GNFS.ZS,Imports of goods and services percentage of GDP,percent,annual,none,world_bank,2026-05-13T21:09:56.634100+00:00
CHN,2007,IMPORTS_PERCENT_GDP,26.3597683811527,China,NE.IMP.GNFS.ZS,Imports of goods and services percentage of GDP,percent,annual,none,world_bank,2026-05-13T21:09:56.634100+00:00
CHN,2008,IMPORTS_PERCENT_GDP,24.6186193981779,China,NE.IMP.GNFS.ZS,Imports of goods and services percentage of GDP,percent,annual,none,world_bank,2026-05-13T21:09:56.634100+00:00
CHN,2009,IMPORTS_PERCENT_GDP,20.0889926205716,China,NE.IMP.GNFS.ZS,Imports of goods and services percentage of GDP,percent,annual,none,world_bank,2026-05-13T21:09:56.634100+00:00
CHN,2010,IMPORTS_PERCENT_GDP,23.1313270836509,China,NE.IMP.GNFS.ZS,Imports of goods and services percentage of GDP,percent,annual,none,world_bank,2026-05-13T21:09:56.634100+00:00
CHN,2011,IMPORTS_PERCENT_GDP,23.7939443304884,China,NE.IMP.GNFS.ZS,Imports of goods and services percentage of GDP,percent,annual,none,world_bank,2026-05-13T21:09:56.634100+00:00
CHN,2012,IMPORTS_PERCENT_GDP,22.4035087488717,China,NE.IMP.GNFS.ZS,Imports of goods and services percentage of GDP,percent,annual,none,world_bank,2026-05-13T21:09:56.634100+00:00
CHN,2013,IMPORTS_PERCENT_GDP,21.7526982889717,China,NE.IMP.GNFS.ZS,Imports of goods and services percentage of GDP,percent,annual,none,world_bank,2026-05-13T21:09:56.634100+00:00
CHN,2014,IMPORTS_PERCENT_GDP,20.9964797865269,China,NE.IMP.GNFS.ZS,Imports of goods and services percentage of GDP,percent,annual,none,world_bank,2026-05-13T21:09:56.634100+00:00
CHN,2015,IMPORTS_PERCENT_GDP,17.7581206128298,China,NE.IMP.GNFS.ZS,Imports of goods and services percentage of GDP,percent,annual,none,world_bank,2026-05-13T21:09:56.634100+00:00
CHN,2016,IMPORTS_PERCENT_GDP,16.9735199564368,China,NE.IMP.GNFS.ZS,Imports of goods and services percentage of GDP,percent,annual,none,world_bank,2026-05-13T21:09:56.634100+00:00
CHN,2017,IMPORTS_PERCENT_GDP,17.6152224500872,China,NE.IMP.GNFS.ZS,Imports of goods and services percentage of GDP,percent,annual,none,world_bank,2026-05-13T21:09:56.634100+00:00
CHN,2018,IMPORTS_PERCENT_GDP,18.1238645885338,China,NE.IMP.GNFS.ZS,Imports of goods and services percentage of GDP,percent,annual,none,world_bank,2026-05-13T21:09:56.634100+00:00
CHN,2019,IMPORTS_PERCENT_GDP,17.1437133141341,China,NE.IMP.GNFS.ZS,Imports of goods and services percentage of GDP,percent,annual,none,world_bank,2026-05-13T21:09:56.634100+00:00
CHN,2020,IMPORTS_PERCENT_GDP,15.8353686179759,China,NE.IMP.GNFS.ZS,Imports of goods and services percentage of GDP,percent,annual,none,world_bank,2026-05-13T21:09:56.634100+00:00
CHN,2021,IMPORTS_PERCENT_GDP,16.9944489517585,China,NE.IMP.GNFS.ZS,Imports of goods and services percentage of GDP,percent,annual,none,world_bank,2026-05-13T21:09:56.634100+00:00
CHN,2022,IMPORTS_PERCENT_GDP,17.1429881849654,China,NE.IMP.GNFS.ZS,Imports of goods and services percentage of GDP,percent,annual,none,world_bank,2026-05-13T21:09:56.634100+00:00
CHN,2023,IMPORTS_PERCENT_GDP,17.0027206530128,China,NE.IMP.GNFS.ZS,Imports of goods and services percentage of GDP,percent,annual,none,world_bank,2026-05-13T21:09:56.634100+00:00
CHN,2024,IMPORTS_PERCENT_GDP,17.1755035026016,China,NE.IMP.GNFS.ZS,Imports of goods and services percentage of GDP,percent,annual,none,world_bank,2026-05-13T21:09:56.634100+00:00
CHN,2025,IMPORTS_PERCENT_GDP,,China,NE.IMP.GNFS.ZS,Imports of goods and services percentage of GDP,percent,annual,none,world_bank,2026-05-13T21:09:56.634100+00:00
CHN,1960,INFLATION,,China,FP.CPI.TOTL.ZG,Inflation consumer prices annual percentage,percent,annual,none,world_bank,2026-05-13T21:09:55.492930+00:00
CHN,1961,INFLATION,,China,FP.CPI.TOTL.ZG,Inflation consumer prices annual percentage,percent,annual,none,world_bank,2026-05-13T21:09:55.492930+00:00
CHN,1962,INFLATION,,China,FP.CPI.TOTL.ZG,Inflation consumer prices annual percentage,percent,annual,none,world_bank,2026-05-13T21:09:55.492930+00:00
CHN,1963,INFLATION,,China,FP.CPI.TOTL.ZG,Inflation consumer prices annual percentage,percent,annual,none,world_bank,2026-05-13T21:09:55.492930+00:00
CHN,1964,INFLATION,,China,FP.CPI.TOTL.ZG,Inflation consumer prices annual percentage,percent,annual,none,world_bank,2026-05-13T21:09:55.492930+00:00
CHN,1965,INFLATION,,China,FP.CPI.TOTL.ZG,Inflation consumer prices annual percentage,percent,annual,none,world_bank,2026-05-13T21:09:55.492930+00:00
CHN,1966,INFLATION,,China,FP.CPI.TOTL.ZG,Inflation consumer prices annual percentage,percent,annual,none,world_bank,2026-05-13T21:09:55.492930+00:00
CHN,1967,INFLATION,,China,FP.CPI.TOTL.ZG,Inflation consumer prices annual percentage,percent,annual,none,world_bank,2026-05-13T21:09:55.492930+00:00
CHN,1968,INFLATION,,China,FP.CPI.TOTL.ZG,Inflation consumer prices annual percentage,percent,annual,none,world_bank,2026-05-13T21:09:55.492930+00:00
CHN,1969,INFLATION,,China,FP.CPI.TOTL.ZG,Inflation consumer prices annual percentage,percent,annual,none,world_bank,2026-05-13T21:09:55.492930+00:00
CHN,1970,INFLATION,,China,FP.CPI.TOTL.ZG,Inflation consumer prices annual percentage,percent,annual,none,world_bank,2026-05-13T21:09:55.492930+00:00
CHN,1971,INFLATION,,China,FP.CPI.TOTL.ZG,Inflation consumer prices annual percentage,percent,annual,none,world_bank,2026-05-13T21:09:55.492930+00:00
CHN,1972,INFLATION,,China,FP.CPI.TOTL.ZG,Inflation consumer prices annual percentage,percent,annual,none,world_bank,2026-05-13T21:09:55.492930+00:00
CHN,1973,INFLATION,,China,FP.CPI.TOTL.ZG,Inflation consumer prices annual percentage,percent,annual,none,world_bank,2026-05-13T21:09:55.492930+00:00
CHN,1974,INFLATION,,China,FP.CPI.TOTL.ZG,Inflation consumer prices annual percentage,percent,annual,none,world_bank,2026-05-13T21:09:55.492930+00:00
CHN,1975,INFLATION,,China,FP.CPI.TOTL.ZG,Inflation consumer prices annual percentage,percent,annual,none,world_bank,2026-05-13T21:09:55.492930+00:00
CHN,1976,INFLATION,,China,FP.CPI.TOTL.ZG,Inflation consumer prices annual percentage,percent,annual,none,world_bank,2026-05-13T21:09:55.492930+00:00
CHN,1977,INFLATION,,China,FP.CPI.TOTL.ZG,Inflation consumer prices annual percentage,percent,annual,none,world_bank,2026-05-13T21:09:55.492930+00:00
CHN,1978,INFLATION,,China,FP.CPI.TOTL.ZG,Inflation consumer prices annual percentage,percent,annual,none,world_bank,2026-05-13T21:09:55.492930+00:00
CHN,1979,INFLATION,,China,FP.CPI.TOTL.ZG,Inflation consumer prices annual percentage,percent,annual,none,world_bank,2026-05-13T21:09:55.492930+00:00
CHN,1980,INFLATION,,China,FP.CPI.TOTL.ZG,Inflation consumer prices annual percentage,percent,annual,none,world_bank,2026-05-13T21:09:55.492930+00:00
CHN,1981,INFLATION,,China,FP.CPI.TOTL.ZG,Inflation consumer prices annual percentage,percent,annual,none,world_bank,2026-05-13T21:09:55.492930+00:00
CHN,1982,INFLATION,,China,FP.CPI.TOTL.ZG,Inflation consumer prices annual percentage,percent,annual,none,world_bank,2026-05-13T21:09:55.492930+00:00
CHN,1983,INFLATION,,China,FP.CPI.TOTL.ZG,Inflation consumer prices annual percentage,percent,annual,none,world_bank,2026-05-13T21:09:55.492930+00:00
CHN,1984,INFLATION,,China,FP.CPI.TOTL.ZG,Inflation consumer prices annual percentage,percent,annual,none,world_bank,2026-05-13T21:09:55.492930+00:00
CHN,1985,INFLATION,,China,FP.CPI.TOTL.ZG,Inflation consumer prices annual percentage,percent,annual,none,world_bank,2026-05-13T21:09:55.492930+00:00
CHN,1986,INFLATION,,China,FP.CPI.TOTL.ZG,Inflation consumer prices annual percentage,percent,annual,none,world_bank,2026-05-13T21:09:55.492930+00:00
CHN,1987,INFLATION,7.23383553065609,China,FP.CPI.TOTL.ZG,Inflation consumer prices annual percentage,percent,annual,none,world_bank,2026-05-13T21:09:55.492930+00:00
CHN,1988,INFLATION,18.8118179448752,China,FP.CPI.TOTL.ZG,Inflation consumer prices annual percentage,percent,annual,none,world_bank,2026-05-13T21:09:55.492930+00:00
CHN,1989,INFLATION,18.2456383621647,China,FP.CPI.TOTL.ZG,Inflation consumer prices annual percentage,percent,annual,none,world_bank,2026-05-13T21:09:55.492930+00:00
CHN,1990,INFLATION,3.05229012075233,China,FP.CPI.TOTL.ZG,Inflation consumer prices annual percentage,percent,annual,none,world_bank,2026-05-13T21:09:55.492930+00:00
CHN,1991,INFLATION,3.55668565220452,China,FP.CPI.TOTL.ZG,Inflation consumer prices annual percentage,percent,annual,none,world_bank,2026-05-13T21:09:55.492930+00:00
CHN,1992,INFLATION,6.35398134024868,China,FP.CPI.TOTL.ZG,Inflation consumer prices annual percentage,percent,annual,none,world_bank,2026-05-13T21:09:55.492930+00:00
CHN,1993,INFLATION,14.6100786356602,China,FP.CPI.TOTL.ZG,Inflation consumer prices annual percentage,percent,annual,none,world_bank,2026-05-13T21:09:55.492930+00:00
CHN,1994,INFLATION,24.2569897243361,China,FP.CPI.TOTL.ZG,Inflation consumer prices annual percentage,percent,annual,none,world_bank,2026-05-13T21:09:55.492930+00:00
CHN,1995,INFLATION,16.7912251650916,China,FP.CPI.TOTL.ZG,Inflation consumer prices annual percentage,percent,annual,none,world_bank,2026-05-13T21:09:55.492930+00:00
CHN,1996,INFLATION,8.31316028893908,China,FP.CPI.TOTL.ZG,Inflation consumer prices annual percentage,percent,annual,none,world_bank,2026-05-13T21:09:55.492930+00:00
CHN,1997,INFLATION,2.78646505531881,China,FP.CPI.TOTL.ZG,Inflation consumer prices annual percentage,percent,annual,none,world_bank,2026-05-13T21:09:55.492930+00:00
CHN,1998,INFLATION,-0.773186011549318,China,FP.CPI.TOTL.ZG,Inflation consumer prices annual percentage,percent,annual,none,world_bank,2026-05-13T21:09:55.492930+00:00
CHN,1999,INFLATION,-1.40147268276464,China,FP.CPI.TOTL.ZG,Inflation consumer prices annual percentage,percent,annual,none,world_bank,2026-05-13T21:09:55.492930+00:00
CHN,2000,INFLATION,0.347811226864586,China,FP.CPI.TOTL.ZG,Inflation consumer prices annual percentage,percent,annual,none,world_bank,2026-05-13T21:09:55.492930+00:00
CHN,2001,INFLATION,0.719125609120113,China,FP.CPI.TOTL.ZG,Inflation consumer prices annual percentage,percent,annual,none,world_bank,2026-05-13T21:09:55.492930+00:00
CHN,2002,INFLATION,-0.731970902350243,China,FP.CPI.TOTL.ZG,Inflation consumer prices annual percentage,percent,annual,none,world_bank,2026-05-13T21:09:55.492930+00:00
CHN,2003,INFLATION,1.12760348729637,China,FP.CPI.TOTL.ZG,Inflation consumer prices annual percentage,percent,annual,none,world_bank,2026-05-13T21:09:55.492930+00:00
CHN,2004,INFLATION,3.82463743108159,China,FP.CPI.TOTL.ZG,Inflation consumer prices annual percentage,percent,annual,none,world_bank,2026-05-13T21:09:55.492930+00:00
CHN,2005,INFLATION,1.7764140766757,China,FP.CPI.TOTL.ZG,Inflation consumer prices annual percentage,percent,annual,none,world_bank,2026-05-13T21:09:55.492930+00:00
CHN,2006,INFLATION,1.64943099455859,China,FP.CPI.TOTL.ZG,Inflation consumer prices annual percentage,percent,annual,none,world_bank,2026-05-13T21:09:55.492930+00:00
CHN,2007,INFLATION,4.81676767378834,China,FP.CPI.TOTL.ZG,Inflation consumer prices annual percentage,percent,annual,none,world_bank,2026-05-13T21:09:55.492930+00:00
CHN,2008,INFLATION,5.92525137041091,China,FP.CPI.TOTL.ZG,Inflation consumer prices annual percentage,percent,annual,none,world_bank,2026-05-13T21:09:55.492930+00:00
CHN,2009,INFLATION,-0.728165250932898,China,FP.CPI.TOTL.ZG,Inflation consumer prices annual percentage,percent,annual,none,world_bank,2026-05-13T21:09:55.492930+00:00
CHN,2010,INFLATION,3.17532475269199,China,FP.CPI.TOTL.ZG,Inflation consumer prices annual percentage,percent,annual,none,world_bank,2026-05-13T21:09:55.492930+00:00
CHN,2011,INFLATION,5.55389892257493,China,FP.CPI.TOTL.ZG,Inflation consumer prices annual percentage,percent,annual,none,world_bank,2026-05-13T21:09:55.492930+00:00
CHN,2012,INFLATION,2.6195243264554,China,FP.CPI.TOTL.ZG,Inflation consumer prices annual percentage,percent,annual,none,world_bank,2026-05-13T21:09:55.492930+00:00
CHN,2013,INFLATION,2.62105001748114,China,FP.CPI.TOTL.ZG,Inflation consumer prices annual percentage,percent,annual,none,world_bank,2026-05-13T21:09:55.492930+00:00
CHN,2014,INFLATION,1.9216416278852,China,FP.CPI.TOTL.ZG,Inflation consumer prices annual percentage,percent,annual,none,world_bank,2026-05-13T21:09:55.492930+00:00
CHN,2015,INFLATION,1.43702380935654,China,FP.CPI.TOTL.ZG,Inflation consumer prices annual percentage,percent,annual,none,world_bank,2026-05-13T21:09:55.492930+00:00
CHN,2016,INFLATION,2.00000182191943,China,FP.CPI.TOTL.ZG,Inflation consumer prices annual percentage,percent,annual,none,world_bank,2026-05-13T21:09:55.492930+00:00
CHN,2017,INFLATION,1.59313600071435,China,FP.CPI.TOTL.ZG,Inflation consumer prices annual percentage,percent,annual,none,world_bank,2026-05-13T21:09:55.492930+00:00
CHN,2018,INFLATION,2.07479039965576,China,FP.CPI.TOTL.ZG,Inflation consumer prices annual percentage,percent,annual,none,world_bank,2026-05-13T21:09:55.492930+00:00
CHN,2019,INFLATION,2.89923416358226,China,FP.CPI.TOTL.ZG,Inflation consumer prices annual percentage,percent,annual,none,world_bank,2026-05-13T21:09:55.492930+00:00
CHN,2020,INFLATION,2.41942189457782,China,FP.CPI.TOTL.ZG,Inflation consumer prices annual percentage,percent,annual,none,world_bank,2026-05-13T21:09:55.492930+00:00
CHN,2021,INFLATION,0.981015135544881,China,FP.CPI.TOTL.ZG,Inflation consumer prices annual percentage,percent,annual,none,world_bank,2026-05-13T21:09:55.492930+00:00
CHN,2022,INFLATION,1.9735755573905,China,FP.CPI.TOTL.ZG,Inflation consumer prices annual percentage,percent,annual,none,world_bank,2026-05-13T21:09:55.492930+00:00
CHN,2023,INFLATION,0.23483682889305,China,FP.CPI.TOTL.ZG,Inflation consumer prices annual percentage,percent,annual,none,world_bank,2026-05-13T21:09:55.492930+00:00
CHN,2024,INFLATION,0.218128938439177,China,FP.CPI.TOTL.ZG,Inflation consumer prices annual percentage,percent,annual,none,world_bank,2026-05-13T21:09:55.492930+00:00
CHN,2025,INFLATION,,China,FP.CPI.TOTL.ZG,Inflation consumer prices annual percentage,percent,annual,none,world_bank,2026-05-13T21:09:55.492930+00:00
CHN,1960,MILITARY_EXPENDITURE,,China,MS.MIL.XPND.GD.ZS,Military expenditure percentage GDP,percent,annual,none,world_bank,2026-05-13T21:09:58.547971+00:00
CHN,1961,MILITARY_EXPENDITURE,,China,MS.MIL.XPND.GD.ZS,Military expenditure percentage GDP,percent,annual,none,world_bank,2026-05-13T21:09:58.547971+00:00
CHN,1962,MILITARY_EXPENDITURE,,China,MS.MIL.XPND.GD.ZS,Military expenditure percentage GDP,percent,annual,none,world_bank,2026-05-13T21:09:58.547971+00:00
CHN,1963,MILITARY_EXPENDITURE,,China,MS.MIL.XPND.GD.ZS,Military expenditure percentage GDP,percent,annual,none,world_bank,2026-05-13T21:09:58.547971+00:00
CHN,1964,MILITARY_EXPENDITURE,,China,MS.MIL.XPND.GD.ZS,Military expenditure percentage GDP,percent,annual,none,world_bank,2026-05-13T21:09:58.547971+00:00
CHN,1965,MILITARY_EXPENDITURE,,China,MS.MIL.XPND.GD.ZS,Military expenditure percentage GDP,percent,annual,none,world_bank,2026-05-13T21:09:58.547971+00:00
CHN,1966,MILITARY_EXPENDITURE,,China,MS.MIL.XPND.GD.ZS,Military expenditure percentage GDP,percent,annual,none,world_bank,2026-05-13T21:09:58.547971+00:00
CHN,1967,MILITARY_EXPENDITURE,,China,MS.MIL.XPND.GD.ZS,Military expenditure percentage GDP,percent,annual,none,world_bank,2026-05-13T21:09:58.547971+00:00
CHN,1968,MILITARY_EXPENDITURE,,China,MS.MIL.XPND.GD.ZS,Military expenditure percentage GDP,percent,annual,none,world_bank,2026-05-13T21:09:58.547971+00:00
CHN,1969,MILITARY_EXPENDITURE,,China,MS.MIL.XPND.GD.ZS,Military expenditure percentage GDP,percent,annual,none,world_bank,2026-05-13T21:09:58.547971+00:00
CHN,1970,MILITARY_EXPENDITURE,,China,MS.MIL.XPND.GD.ZS,Military expenditure percentage GDP,percent,annual,none,world_bank,2026-05-13T21:09:58.547971+00:00
CHN,1971,MILITARY_EXPENDITURE,,China,MS.MIL.XPND.GD.ZS,Military expenditure percentage GDP,percent,annual,none,world_bank,2026-05-13T21:09:58.547971+00:00
CHN,1972,MILITARY_EXPENDITURE,,China,MS.MIL.XPND.GD.ZS,Military expenditure percentage GDP,percent,annual,none,world_bank,2026-05-13T21:09:58.547971+00:00
CHN,1973,MILITARY_EXPENDITURE,,China,MS.MIL.XPND.GD.ZS,Military expenditure percentage GDP,percent,annual,none,world_bank,2026-05-13T21:09:58.547971+00:00
CHN,1974,MILITARY_EXPENDITURE,,China,MS.MIL.XPND.GD.ZS,Military expenditure percentage GDP,percent,annual,none,world_bank,2026-05-13T21:09:58.547971+00:00
CHN,1975,MILITARY_EXPENDITURE,,China,MS.MIL.XPND.GD.ZS,Military expenditure percentage GDP,percent,annual,none,world_bank,2026-05-13T21:09:58.547971+00:00
CHN,1976,MILITARY_EXPENDITURE,,China,MS.MIL.XPND.GD.ZS,Military expenditure percentage GDP,percent,annual,none,world_bank,2026-05-13T21:09:58.547971+00:00
CHN,1977,MILITARY_EXPENDITURE,,China,MS.MIL.XPND.GD.ZS,Military expenditure percentage GDP,percent,annual,none,world_bank,2026-05-13T21:09:58.547971+00:00
CHN,1978,MILITARY_EXPENDITURE,,China,MS.MIL.XPND.GD.ZS,Military expenditure percentage GDP,percent,annual,none,world_bank,2026-05-13T21:09:58.547971+00:00
CHN,1979,MILITARY_EXPENDITURE,,China,MS.MIL.XPND.GD.ZS,Military expenditure percentage GDP,percent,annual,none,world_bank,2026-05-13T21:09:58.547971+00:00
CHN,1980,MILITARY_EXPENDITURE,,China,MS.MIL.XPND.GD.ZS,Military expenditure percentage GDP,percent,annual,none,world_bank,2026-05-13T21:09:58.547971+00:00
CHN,1981,MILITARY_EXPENDITURE,,China,MS.MIL.XPND.GD.ZS,Military expenditure percentage GDP,percent,annual,none,world_bank,2026-05-13T21:09:58.547971+00:00
CHN,1982,MILITARY_EXPENDITURE,,China,MS.MIL.XPND.GD.ZS,Military expenditure percentage GDP,percent,annual,none,world_bank,2026-05-13T21:09:58.547971+00:00
CHN,1983,MILITARY_EXPENDITURE,,China,MS.MIL.XPND.GD.ZS,Military expenditure percentage GDP,percent,annual,none,world_bank,2026-05-13T21:09:58.547971+00:00
CHN,1984,MILITARY_EXPENDITURE,,China,MS.MIL.XPND.GD.ZS,Military expenditure percentage GDP,percent,annual,none,world_bank,2026-05-13T21:09:58.547971+00:00
CHN,1985,MILITARY_EXPENDITURE,,China,MS.MIL.XPND.GD.ZS,Military expenditure percentage GDP,percent,annual,none,world_bank,2026-05-13T21:09:58.547971+00:00
CHN,1986,MILITARY_EXPENDITURE,,China,MS.MIL.XPND.GD.ZS,Military expenditure percentage GDP,percent,annual,none,world_bank,2026-05-13T21:09:58.547971+00:00
CHN,1987,MILITARY_EXPENDITURE,,China,MS.MIL.XPND.GD.ZS,Military expenditure percentage GDP,percent,annual,none,world_bank,2026-05-13T21:09:58.547971+00:00
CHN,1988,MILITARY_EXPENDITURE,,China,MS.MIL.XPND.GD.ZS,Military expenditure percentage GDP,percent,annual,none,world_bank,2026-05-13T21:09:58.547971+00:00
CHN,1989,MILITARY_EXPENDITURE,2.44710131532583,China,MS.MIL.XPND.GD.ZS,Military expenditure percentage GDP,percent,annual,none,world_bank,2026-05-13T21:09:58.547971+00:00
CHN,1990,MILITARY_EXPENDITURE,2.45401611552735,China,MS.MIL.XPND.GD.ZS,Military expenditure percentage GDP,percent,annual,none,world_bank,2026-05-13T21:09:58.547971+00:00
CHN,1991,MILITARY_EXPENDITURE,2.31124341155315,China,MS.MIL.XPND.GD.ZS,Military expenditure percentage GDP,percent,annual,none,world_bank,2026-05-13T21:09:58.547971+00:00
CHN,1992,MILITARY_EXPENDITURE,2.44954206753443,China,MS.MIL.XPND.GD.ZS,Military expenditure percentage GDP,percent,annual,none,world_bank,2026-05-13T21:09:58.547971+00:00
CHN,1993,MILITARY_EXPENDITURE,1.92806687404062,China,MS.MIL.XPND.GD.ZS,Military expenditure percentage GDP,percent,annual,none,world_bank,2026-05-13T21:09:58.547971+00:00
CHN,1994,MILITARY_EXPENDITURE,1.69347959870483,China,MS.MIL.XPND.GD.ZS,Military expenditure percentage GDP,percent,annual,none,world_bank,2026-05-13T21:09:58.547971+00:00
CHN,1995,MILITARY_EXPENDITURE,1.68623388691537,China,MS.MIL.XPND.GD.ZS,Military expenditure percentage GDP,percent,annual,none,world_bank,2026-05-13T21:09:58.547971+00:00
CHN,1996,MILITARY_EXPENDITURE,1.65272667000964,China,MS.MIL.XPND.GD.ZS,Military expenditure percentage GDP,percent,annual,none,world_bank,2026-05-13T21:09:58.547971+00:00
CHN,1997,MILITARY_EXPENDITURE,1.63265067284541,China,MS.MIL.XPND.GD.ZS,Military expenditure percentage GDP,percent,annual,none,world_bank,2026-05-13T21:09:58.547971+00:00
CHN,1998,MILITARY_EXPENDITURE,1.65508069090551,China,MS.MIL.XPND.GD.ZS,Military expenditure percentage GDP,percent,annual,none,world_bank,2026-05-13T21:09:58.547971+00:00
CHN,1999,MILITARY_EXPENDITURE,1.87146591412577,China,MS.MIL.XPND.GD.ZS,Military expenditure percentage GDP,percent,annual,none,world_bank,2026-05-13T21:09:58.547971+00:00
CHN,2000,MILITARY_EXPENDITURE,1.83575968454189,China,MS.MIL.XPND.GD.ZS,Military expenditure percentage GDP,percent,annual,none,world_bank,2026-05-13T21:09:58.547971+00:00
CHN,2001,MILITARY_EXPENDITURE,1.98308624365796,China,MS.MIL.XPND.GD.ZS,Military expenditure percentage GDP,percent,annual,none,world_bank,2026-05-13T21:09:58.547971+00:00
CHN,2002,MILITARY_EXPENDITURE,2.05936465293746,China,MS.MIL.XPND.GD.ZS,Military expenditure percentage GDP,percent,annual,none,world_bank,2026-05-13T21:09:58.547971+00:00
CHN,2003,MILITARY_EXPENDITURE,1.99628893565843,China,MS.MIL.XPND.GD.ZS,Military expenditure percentage GDP,percent,annual,none,world_bank,2026-05-13T21:09:58.547971+00:00
CHN,2004,MILITARY_EXPENDITURE,1.93850823279804,China,MS.MIL.XPND.GD.ZS,Military expenditure percentage GDP,percent,annual,none,world_bank,2026-05-13T21:09:58.547971+00:00
CHN,2005,MILITARY_EXPENDITURE,1.87185802294835,China,MS.MIL.XPND.GD.ZS,Military expenditure percentage GDP,percent,annual,none,world_bank,2026-05-13T21:09:58.547971+00:00
CHN,2006,MILITARY_EXPENDITURE,1.8695916362794,China,MS.MIL.XPND.GD.ZS,Military expenditure percentage GDP,percent,annual,none,world_bank,2026-05-13T21:09:58.547971+00:00
CHN,2007,MILITARY_EXPENDITURE,1.75016458545192,China,MS.MIL.XPND.GD.ZS,Military expenditure percentage GDP,percent,annual,none,world_bank,2026-05-13T21:09:58.547971+00:00
CHN,2008,MILITARY_EXPENDITURE,1.71604254580499,China,MS.MIL.XPND.GD.ZS,Military expenditure percentage GDP,percent,annual,none,world_bank,2026-05-13T21:09:58.547971+00:00
CHN,2009,MILITARY_EXPENDITURE,1.89352379603523,China,MS.MIL.XPND.GD.ZS,Military expenditure percentage GDP,percent,annual,none,world_bank,2026-05-13T21:09:58.547971+00:00
CHN,2010,MILITARY_EXPENDITURE,1.73351986212832,China,MS.MIL.XPND.GD.ZS,Military expenditure percentage GDP,percent,annual,none,world_bank,2026-05-13T21:09:58.547971+00:00
CHN,2011,MILITARY_EXPENDITURE,1.65908251595704,China,MS.MIL.XPND.GD.ZS,Military expenditure percentage GDP,percent,annual,none,world_bank,2026-05-13T21:09:58.547971+00:00
CHN,2012,MILITARY_EXPENDITURE,1.70094267160117,China,MS.MIL.XPND.GD.ZS,Military expenditure percentage GDP,percent,annual,none,world_bank,2026-05-13T21:09:58.547971+00:00
CHN,2013,MILITARY_EXPENDITURE,1.7143409229625,China,MS.MIL.XPND.GD.ZS,Military expenditure percentage GDP,percent,annual,none,world_bank,2026-05-13T21:09:58.547971+00:00
CHN,2014,MILITARY_EXPENDITURE,1.73840928794394,China,MS.MIL.XPND.GD.ZS,Military expenditure percentage GDP,percent,annual,none,world_bank,2026-05-13T21:09:58.547971+00:00
CHN,2015,MILITARY_EXPENDITURE,1.77677106896806,China,MS.MIL.XPND.GD.ZS,Military expenditure percentage GDP,percent,annual,none,world_bank,2026-05-13T21:09:58.547971+00:00
CHN,2016,MILITARY_EXPENDITURE,1.7688865902507,China,MS.MIL.XPND.GD.ZS,Military expenditure percentage GDP,percent,annual,none,world_bank,2026-05-13T21:09:58.547971+00:00
CHN,2017,MILITARY_EXPENDITURE,1.71124264388853,China,MS.MIL.XPND.GD.ZS,Military expenditure percentage GDP,percent,annual,none,world_bank,2026-05-13T21:09:58.547971+00:00
CHN,2018,MILITARY_EXPENDITURE,1.67357820944542,China,MS.MIL.XPND.GD.ZS,Military expenditure percentage GDP,percent,annual,none,world_bank,2026-05-13T21:09:58.547971+00:00
CHN,2019,MILITARY_EXPENDITURE,1.68291101151296,China,MS.MIL.XPND.GD.ZS,Military expenditure percentage GDP,percent,annual,none,world_bank,2026-05-13T21:09:58.547971+00:00
CHN,2020,MILITARY_EXPENDITURE,1.75669947098837,China,MS.MIL.XPND.GD.ZS,Military expenditure percentage GDP,percent,annual,none,world_bank,2026-05-13T21:09:58.547971+00:00
CHN,2021,MILITARY_EXPENDITURE,1.60525971842503,China,MS.MIL.XPND.GD.ZS,Military expenditure percentage GDP,percent,annual,none,world_bank,2026-05-13T21:09:58.547971+00:00
CHN,2022,MILITARY_EXPENDITURE,1.63053389156959,China,MS.MIL.XPND.GD.ZS,Military expenditure percentage GDP,percent,annual,none,world_bank,2026-05-13T21:09:58.547971+00:00
CHN,2023,MILITARY_EXPENDITURE,1.66484889659813,China,MS.MIL.XPND.GD.ZS,Military expenditure percentage GDP,percent,annual,none,world_bank,2026-05-13T21:09:58.547971+00:00
CHN,2024,MILITARY_EXPENDITURE,1.71129740345228,China,MS.MIL.XPND.GD.ZS,Military expenditure percentage GDP,percent,annual,none,world_bank,2026-05-13T21:09:58.547971+00:00
CHN,2025,MILITARY_EXPENDITURE,,China,MS.MIL.XPND.GD.ZS,Military expenditure percentage GDP,percent,annual,none,world_bank,2026-05-13T21:09:58.547971+00:00
CHN,1960,UNEMPLOYMENT,,China,SL.UEM.TOTL.ZS,Unemployment total percentage of labor force,percent,annual,none,world_bank,2026-05-13T21:09:55.733341+00:00
CHN,1961,UNEMPLOYMENT,,China,SL.UEM.TOTL.ZS,Unemployment total percentage of labor force,percent,annual,none,world_bank,2026-05-13T21:09:55.733341+00:00
CHN,1962,UNEMPLOYMENT,,China,SL.UEM.TOTL.ZS,Unemployment total percentage of labor force,percent,annual,none,world_bank,2026-05-13T21:09:55.733341+00:00
CHN,1963,UNEMPLOYMENT,,China,SL.UEM.TOTL.ZS,Unemployment total percentage of labor force,percent,annual,none,world_bank,2026-05-13T21:09:55.733341+00:00
CHN,1964,UNEMPLOYMENT,,China,SL.UEM.TOTL.ZS,Unemployment total percentage of labor force,percent,annual,none,world_bank,2026-05-13T21:09:55.733341+00:00
CHN,1965,UNEMPLOYMENT,,China,SL.UEM.TOTL.ZS,Unemployment total percentage of labor force,percent,annual,none,world_bank,2026-05-13T21:09:55.733341+00:00
CHN,1966,UNEMPLOYMENT,,China,SL.UEM.TOTL.ZS,Unemployment total percentage of labor force,percent,annual,none,world_bank,2026-05-13T21:09:55.733341+00:00
CHN,1967,UNEMPLOYMENT,,China,SL.UEM.TOTL.ZS,Unemployment total percentage of labor force,percent,annual,none,world_bank,2026-05-13T21:09:55.733341+00:00
CHN,1968,UNEMPLOYMENT,,China,SL.UEM.TOTL.ZS,Unemployment total percentage of labor force,percent,annual,none,world_bank,2026-05-13T21:09:55.733341+00:00
CHN,1969,UNEMPLOYMENT,,China,SL.UEM.TOTL.ZS,Unemployment total percentage of labor force,percent,annual,none,world_bank,2026-05-13T21:09:55.733341+00:00
CHN,1970,UNEMPLOYMENT,,China,SL.UEM.TOTL.ZS,Unemployment total percentage of labor force,percent,annual,none,world_bank,2026-05-13T21:09:55.733341+00:00
CHN,1971,UNEMPLOYMENT,,China,SL.UEM.TOTL.ZS,Unemployment total percentage of labor force,percent,annual,none,world_bank,2026-05-13T21:09:55.733341+00:00
CHN,1972,UNEMPLOYMENT,,China,SL.UEM.TOTL.ZS,Unemployment total percentage of labor force,percent,annual,none,world_bank,2026-05-13T21:09:55.733341+00:00
CHN,1973,UNEMPLOYMENT,,China,SL.UEM.TOTL.ZS,Unemployment total percentage of labor force,percent,annual,none,world_bank,2026-05-13T21:09:55.733341+00:00
CHN,1974,UNEMPLOYMENT,,China,SL.UEM.TOTL.ZS,Unemployment total percentage of labor force,percent,annual,none,world_bank,2026-05-13T21:09:55.733341+00:00
CHN,1975,UNEMPLOYMENT,,China,SL.UEM.TOTL.ZS,Unemployment total percentage of labor force,percent,annual,none,world_bank,2026-05-13T21:09:55.733341+00:00
CHN,1976,UNEMPLOYMENT,,China,SL.UEM.TOTL.ZS,Unemployment total percentage of labor force,percent,annual,none,world_bank,2026-05-13T21:09:55.733341+00:00
CHN,1977,UNEMPLOYMENT,,China,SL.UEM.TOTL.ZS,Unemployment total percentage of labor force,percent,annual,none,world_bank,2026-05-13T21:09:55.733341+00:00
CHN,1978,UNEMPLOYMENT,,China,SL.UEM.TOTL.ZS,Unemployment total percentage of labor force,percent,annual,none,world_bank,2026-05-13T21:09:55.733341+00:00
CHN,1979,UNEMPLOYMENT,,China,SL.UEM.TOTL.ZS,Unemployment total percentage of labor force,percent,annual,none,world_bank,2026-05-13T21:09:55.733341+00:00
CHN,1980,UNEMPLOYMENT,,China,SL.UEM.TOTL.ZS,Unemployment total percentage of labor force,percent,annual,none,world_bank,2026-05-13T21:09:55.733341+00:00
CHN,1981,UNEMPLOYMENT,,China,SL.UEM.TOTL.ZS,Unemployment total percentage of labor force,percent,annual,none,world_bank,2026-05-13T21:09:55.733341+00:00
CHN,1982,UNEMPLOYMENT,,China,SL.UEM.TOTL.ZS,Unemployment total percentage of labor force,percent,annual,none,world_bank,2026-05-13T21:09:55.733341+00:00
CHN,1983,UNEMPLOYMENT,,China,SL.UEM.TOTL.ZS,Unemployment total percentage of labor force,percent,annual,none,world_bank,2026-05-13T21:09:55.733341+00:00
CHN,1984,UNEMPLOYMENT,,China,SL.UEM.TOTL.ZS,Unemployment total percentage of labor force,percent,annual,none,world_bank,2026-05-13T21:09:55.733341+00:00
CHN,1985,UNEMPLOYMENT,,China,SL.UEM.TOTL.ZS,Unemployment total percentage of labor force,percent,annual,none,world_bank,2026-05-13T21:09:55.733341+00:00
CHN,1986,UNEMPLOYMENT,,China,SL.UEM.TOTL.ZS,Unemployment total percentage of labor force,percent,annual,none,world_bank,2026-05-13T21:09:55.733341+00:00
CHN,1987,UNEMPLOYMENT,,China,SL.UEM.TOTL.ZS,Unemployment total percentage of labor force,percent,annual,none,world_bank,2026-05-13T21:09:55.733341+00:00
CHN,1988,UNEMPLOYMENT,,China,SL.UEM.TOTL.ZS,Unemployment total percentage of labor force,percent,annual,none,world_bank,2026-05-13T21:09:55.733341+00:00
CHN,1989,UNEMPLOYMENT,,China,SL.UEM.TOTL.ZS,Unemployment total percentage of labor force,percent,annual,none,world_bank,2026-05-13T21:09:55.733341+00:00
CHN,1990,UNEMPLOYMENT,,China,SL.UEM.TOTL.ZS,Unemployment total percentage of labor force,percent,annual,none,world_bank,2026-05-13T21:09:55.733341+00:00
CHN,1991,UNEMPLOYMENT,2.37,China,SL.UEM.TOTL.ZS,Unemployment total percentage of labor force,percent,annual,none,world_bank,2026-05-13T21:09:55.733341+00:00
CHN,1992,UNEMPLOYMENT,2.37,China,SL.UEM.TOTL.ZS,Unemployment total percentage of labor force,percent,annual,none,world_bank,2026-05-13T21:09:55.733341+00:00
CHN,1993,UNEMPLOYMENT,2.69,China,SL.UEM.TOTL.ZS,Unemployment total percentage of labor force,percent,annual,none,world_bank,2026-05-13T21:09:55.733341+00:00
CHN,1994,UNEMPLOYMENT,2.9,China,SL.UEM.TOTL.ZS,Unemployment total percentage of labor force,percent,annual,none,world_bank,2026-05-13T21:09:55.733341+00:00
CHN,1995,UNEMPLOYMENT,3.0,China,SL.UEM.TOTL.ZS,Unemployment total percentage of labor force,percent,annual,none,world_bank,2026-05-13T21:09:55.733341+00:00
CHN,1996,UNEMPLOYMENT,3.12,China,SL.UEM.TOTL.ZS,Unemployment total percentage of labor force,percent,annual,none,world_bank,2026-05-13T21:09:55.733341+00:00
CHN,1997,UNEMPLOYMENT,3.23,China,SL.UEM.TOTL.ZS,Unemployment total percentage of labor force,percent,annual,none,world_bank,2026-05-13T21:09:55.733341+00:00
CHN,1998,UNEMPLOYMENT,3.24,China,SL.UEM.TOTL.ZS,Unemployment total percentage of labor force,percent,annual,none,world_bank,2026-05-13T21:09:55.733341+00:00
CHN,1999,UNEMPLOYMENT,3.25,China,SL.UEM.TOTL.ZS,Unemployment total percentage of labor force,percent,annual,none,world_bank,2026-05-13T21:09:55.733341+00:00
CHN,2000,UNEMPLOYMENT,3.26,China,SL.UEM.TOTL.ZS,Unemployment total percentage of labor force,percent,annual,none,world_bank,2026-05-13T21:09:55.733341+00:00
CHN,2001,UNEMPLOYMENT,3.8,China,SL.UEM.TOTL.ZS,Unemployment total percentage of labor force,percent,annual,none,world_bank,2026-05-13T21:09:55.733341+00:00
CHN,2002,UNEMPLOYMENT,4.24,China,SL.UEM.TOTL.ZS,Unemployment total percentage of labor force,percent,annual,none,world_bank,2026-05-13T21:09:55.733341+00:00
CHN,2003,UNEMPLOYMENT,4.58,China,SL.UEM.TOTL.ZS,Unemployment total percentage of labor force,percent,annual,none,world_bank,2026-05-13T21:09:55.733341+00:00
CHN,2004,UNEMPLOYMENT,4.49,China,SL.UEM.TOTL.ZS,Unemployment total percentage of labor force,percent,annual,none,world_bank,2026-05-13T21:09:55.733341+00:00
CHN,2005,UNEMPLOYMENT,4.52,China,SL.UEM.TOTL.ZS,Unemployment total percentage of labor force,percent,annual,none,world_bank,2026-05-13T21:09:55.733341+00:00
CHN,2006,UNEMPLOYMENT,4.43,China,SL.UEM.TOTL.ZS,Unemployment total percentage of labor force,percent,annual,none,world_bank,2026-05-13T21:09:55.733341+00:00
CHN,2007,UNEMPLOYMENT,4.35,China,SL.UEM.TOTL.ZS,Unemployment total percentage of labor force,percent,annual,none,world_bank,2026-05-13T21:09:55.733341+00:00
CHN,2008,UNEMPLOYMENT,4.59,China,SL.UEM.TOTL.ZS,Unemployment total percentage of labor force,percent,annual,none,world_bank,2026-05-13T21:09:55.733341+00:00
CHN,2009,UNEMPLOYMENT,4.72,China,SL.UEM.TOTL.ZS,Unemployment total percentage of labor force,percent,annual,none,world_bank,2026-05-13T21:09:55.733341+00:00
CHN,2010,UNEMPLOYMENT,4.53,China,SL.UEM.TOTL.ZS,Unemployment total percentage of labor force,percent,annual,none,world_bank,2026-05-13T21:09:55.733341+00:00
CHN,2011,UNEMPLOYMENT,4.55,China,SL.UEM.TOTL.ZS,Unemployment total percentage of labor force,percent,annual,none,world_bank,2026-05-13T21:09:55.733341+00:00
CHN,2012,UNEMPLOYMENT,4.58,China,SL.UEM.TOTL.ZS,Unemployment total percentage of labor force,percent,annual,none,world_bank,2026-05-13T21:09:55.733341+00:00
CHN,2013,UNEMPLOYMENT,4.6,China,SL.UEM.TOTL.ZS,Unemployment total percentage of labor force,percent,annual,none,world_bank,2026-05-13T21:09:55.733341+00:00
CHN,2014,UNEMPLOYMENT,4.63,China,SL.UEM.TOTL.ZS,Unemployment total percentage of labor force,percent,annual,none,world_bank,2026-05-13T21:09:55.733341+00:00
CHN,2015,UNEMPLOYMENT,4.65,China,SL.UEM.TOTL.ZS,Unemployment total percentage of labor force,percent,annual,none,world_bank,2026-05-13T21:09:55.733341+00:00
CHN,2016,UNEMPLOYMENT,4.56,China,SL.UEM.TOTL.ZS,Unemployment total percentage of labor force,percent,annual,none,world_bank,2026-05-13T21:09:55.733341+00:00
CHN,2017,UNEMPLOYMENT,4.47,China,SL.UEM.TOTL.ZS,Unemployment total percentage of labor force,percent,annual,none,world_bank,2026-05-13T21:09:55.733341+00:00
CHN,2018,UNEMPLOYMENT,4.31,China,SL.UEM.TOTL.ZS,Unemployment total percentage of labor force,percent,annual,none,world_bank,2026-05-13T21:09:55.733341+00:00
CHN,2019,UNEMPLOYMENT,4.56,China,SL.UEM.TOTL.ZS,Unemployment total percentage of labor force,percent,annual,none,world_bank,2026-05-13T21:09:55.733341+00:00
CHN,2020,UNEMPLOYMENT,5.0,China,SL.UEM.TOTL.ZS,Unemployment total percentage of labor force,percent,annual,none,world_bank,2026-05-13T21:09:55.733341+00:00
CHN,2021,UNEMPLOYMENT,4.55,China,SL.UEM.TOTL.ZS,Unemployment total percentage of labor force,percent,annual,none,world_bank,2026-05-13T21:09:55.733341+00:00
CHN,2022,UNEMPLOYMENT,4.98,China,SL.UEM.TOTL.ZS,Unemployment total percentage of labor force,percent,annual,none,world_bank,2026-05-13T21:09:55.733341+00:00
CHN,2023,UNEMPLOYMENT,4.67,China,SL.UEM.TOTL.ZS,Unemployment total percentage of labor force,percent,annual,none,world_bank,2026-05-13T21:09:55.733341+00:00
CHN,2024,UNEMPLOYMENT,4.59,China,SL.UEM.TOTL.ZS,Unemployment total percentage of labor force,percent,annual,none,world_bank,2026-05-13T21:09:55.733341+00:00
CHN,2025,UNEMPLOYMENT,4.615,China,SL.UEM.TOTL.ZS,Unemployment total percentage of labor force,percent,annual,none,world_bank,2026-05-13T21:09:55.733341+00:00
DEU,1960,EXPORTS_PERCENT_GDP,,Germany,NE.EXP.GNFS.ZS,Exports of goods and services percentage of GDP,percent,annual,none,world_bank,2026-05-13T21:09:45.429605+00:00
DEU,1961,EXPORTS_PERCENT_GDP,,Germany,NE.EXP.GNFS.ZS,Exports of goods and services percentage of GDP,percent,annual,none,world_bank,2026-05-13T21:09:45.429605+00:00
DEU,1962,EXPORTS_PERCENT_GDP,,Germany,NE.EXP.GNFS.ZS,Exports of goods and services percentage of GDP,percent,annual,none,world_bank,2026-05-13T21:09:45.429605+00:00
DEU,1963,EXPORTS_PERCENT_GDP,,Germany,NE.EXP.GNFS.ZS,Exports of goods and services percentage of GDP,percent,annual,none,world_bank,2026-05-13T21:09:45.429605+00:00
DEU,1964,EXPORTS_PERCENT_GDP,,Germany,NE.EXP.GNFS.ZS,Exports of goods and services percentage of GDP,percent,annual,none,world_bank,2026-05-13T21:09:45.429605+00:00
DEU,1965,EXPORTS_PERCENT_GDP,,Germany,NE.EXP.GNFS.ZS,Exports of goods and services percentage of GDP,percent,annual,none,world_bank,2026-05-13T21:09:45.429605+00:00
DEU,1966,EXPORTS_PERCENT_GDP,,Germany,NE.EXP.GNFS.ZS,Exports of goods and services percentage of GDP,percent,annual,none,world_bank,2026-05-13T21:09:45.429605+00:00
DEU,1967,EXPORTS_PERCENT_GDP,,Germany,NE.EXP.GNFS.ZS,Exports of goods and services percentage of GDP,percent,annual,none,world_bank,2026-05-13T21:09:45.429605+00:00
DEU,1968,EXPORTS_PERCENT_GDP,,Germany,NE.EXP.GNFS.ZS,Exports of goods and services percentage of GDP,percent,annual,none,world_bank,2026-05-13T21:09:45.429605+00:00
DEU,1969,EXPORTS_PERCENT_GDP,,Germany,NE.EXP.GNFS.ZS,Exports of goods and services percentage of GDP,percent,annual,none,world_bank,2026-05-13T21:09:45.429605+00:00
DEU,1970,EXPORTS_PERCENT_GDP,15.0652897094797,Germany,NE.EXP.GNFS.ZS,Exports of goods and services percentage of GDP,percent,annual,none,world_bank,2026-05-13T21:09:45.429605+00:00
DEU,1971,EXPORTS_PERCENT_GDP,14.4993415353927,Germany,NE.EXP.GNFS.ZS,Exports of goods and services percentage of GDP,percent,annual,none,world_bank,2026-05-13T21:09:45.429605+00:00
DEU,1972,EXPORTS_PERCENT_GDP,14.4922675476893,Germany,NE.EXP.GNFS.ZS,Exports of goods and services percentage of GDP,percent,annual,none,world_bank,2026-05-13T21:09:45.429605+00:00
DEU,1973,EXPORTS_PERCENT_GDP,15.2911022300122,Germany,NE.EXP.GNFS.ZS,Exports of goods and services percentage of GDP,percent,annual,none,world_bank,2026-05-13T21:09:45.429605+00:00
DEU,1974,EXPORTS_PERCENT_GDP,18.1607786662562,Germany,NE.EXP.GNFS.ZS,Exports of goods and services percentage of GDP,percent,annual,none,world_bank,2026-05-13T21:09:45.429605+00:00
DEU,1975,EXPORTS_PERCENT_GDP,17.0391415858527,Germany,NE.EXP.GNFS.ZS,Exports of goods and services percentage of GDP,percent,annual,none,world_bank,2026-05-13T21:09:45.429605+00:00
DEU,1976,EXPORTS_PERCENT_GDP,17.9961923300948,Germany,NE.EXP.GNFS.ZS,Exports of goods and services percentage of GDP,percent,annual,none,world_bank,2026-05-13T21:09:45.429605+00:00
DEU,1977,EXPORTS_PERCENT_GDP,17.904823796026,Germany,NE.EXP.GNFS.ZS,Exports of goods and services percentage of GDP,percent,annual,none,world_bank,2026-05-13T21:09:45.429605+00:00
DEU,1978,EXPORTS_PERCENT_GDP,17.5630441516694,Germany,NE.EXP.GNFS.ZS,Exports of goods and services percentage of GDP,percent,annual,none,world_bank,2026-05-13T21:09:45.429605+00:00
DEU,1979,EXPORTS_PERCENT_GDP,17.7501390037452,Germany,NE.EXP.GNFS.ZS,Exports of goods and services percentage of GDP,percent,annual,none,world_bank,2026-05-13T21:09:45.429605+00:00
DEU,1980,EXPORTS_PERCENT_GDP,18.5434109337965,Germany,NE.EXP.GNFS.ZS,Exports of goods and services percentage of GDP,percent,annual,none,world_bank,2026-05-13T21:09:45.429605+00:00
DEU,1981,EXPORTS_PERCENT_GDP,20.0506971926921,Germany,NE.EXP.GNFS.ZS,Exports of goods and services percentage of GDP,percent,annual,none,world_bank,2026-05-13T21:09:45.429605+00:00
DEU,1982,EXPORTS_PERCENT_GDP,20.7827983785804,Germany,NE.EXP.GNFS.ZS,Exports of goods and services percentage of GDP,percent,annual,none,world_bank,2026-05-13T21:09:45.429605+00:00
DEU,1983,EXPORTS_PERCENT_GDP,20.2066140055612,Germany,NE.EXP.GNFS.ZS,Exports of goods and services percentage of GDP,percent,annual,none,world_bank,2026-05-13T21:09:45.429605+00:00
DEU,1984,EXPORTS_PERCENT_GDP,21.6347832896495,Germany,NE.EXP.GNFS.ZS,Exports of goods and services percentage of GDP,percent,annual,none,world_bank,2026-05-13T21:09:45.429605+00:00
DEU,1985,EXPORTS_PERCENT_GDP,22.8431478657871,Germany,NE.EXP.GNFS.ZS,Exports of goods and services percentage of GDP,percent,annual,none,world_bank,2026-05-13T21:09:45.429605+00:00
DEU,1986,EXPORTS_PERCENT_GDP,21.1981870684832,Germany,NE.EXP.GNFS.ZS,Exports of goods and services percentage of GDP,percent,annual,none,world_bank,2026-05-13T21:09:45.429605+00:00
DEU,1987,EXPORTS_PERCENT_GDP,20.5966039600334,Germany,NE.EXP.GNFS.ZS,Exports of goods and services percentage of GDP,percent,annual,none,world_bank,2026-05-13T21:09:45.429605+00:00
DEU,1988,EXPORTS_PERCENT_GDP,21.0019588384249,Germany,NE.EXP.GNFS.ZS,Exports of goods and services percentage of GDP,percent,annual,none,world_bank,2026-05-13T21:09:45.429605+00:00
DEU,1989,EXPORTS_PERCENT_GDP,22.2064358785345,Germany,NE.EXP.GNFS.ZS,Exports of goods and services percentage of GDP,percent,annual,none,world_bank,2026-05-13T21:09:45.429605+00:00
DEU,1990,EXPORTS_PERCENT_GDP,22.7404117768503,Germany,NE.EXP.GNFS.ZS,Exports of goods and services percentage of GDP,percent,annual,none,world_bank,2026-05-13T21:09:45.429605+00:00
DEU,1991,EXPORTS_PERCENT_GDP,23.5660117742412,Germany,NE.EXP.GNFS.ZS,Exports of goods and services percentage of GDP,percent,annual,none,world_bank,2026-05-13T21:09:45.429605+00:00
DEU,1992,EXPORTS_PERCENT_GDP,22.089549620151,Germany,NE.EXP.GNFS.ZS,Exports of goods and services percentage of GDP,percent,annual,none,world_bank,2026-05-13T21:09:45.429605+00:00
DEU,1993,EXPORTS_PERCENT_GDP,19.8790217032561,Germany,NE.EXP.GNFS.ZS,Exports of goods and services percentage of GDP,percent,annual,none,world_bank,2026-05-13T21:09:45.429605+00:00
DEU,1994,EXPORTS_PERCENT_GDP,20.6057061403032,Germany,NE.EXP.GNFS.ZS,Exports of goods and services percentage of GDP,percent,annual,none,world_bank,2026-05-13T21:09:45.429605+00:00
DEU,1995,EXPORTS_PERCENT_GDP,21.4815282668309,Germany,NE.EXP.GNFS.ZS,Exports of goods and services percentage of GDP,percent,annual,none,world_bank,2026-05-13T21:09:45.429605+00:00
DEU,1996,EXPORTS_PERCENT_GDP,22.2821690795205,Germany,NE.EXP.GNFS.ZS,Exports of goods and services percentage of GDP,percent,annual,none,world_bank,2026-05-13T21:09:45.429605+00:00
DEU,1997,EXPORTS_PERCENT_GDP,24.7013999735662,Germany,NE.EXP.GNFS.ZS,Exports of goods and services percentage of GDP,percent,annual,none,world_bank,2026-05-13T21:09:45.429605+00:00
DEU,1998,EXPORTS_PERCENT_GDP,25.6601609051036,Germany,NE.EXP.GNFS.ZS,Exports of goods and services percentage of GDP,percent,annual,none,world_bank,2026-05-13T21:09:45.429605+00:00
DEU,1999,EXPORTS_PERCENT_GDP,26.0298761818567,Germany,NE.EXP.GNFS.ZS,Exports of goods and services percentage of GDP,percent,annual,none,world_bank,2026-05-13T21:09:45.429605+00:00
DEU,2000,EXPORTS_PERCENT_GDP,29.6806532498145,Germany,NE.EXP.GNFS.ZS,Exports of goods and services percentage of GDP,percent,annual,none,world_bank,2026-05-13T21:09:45.429605+00:00
DEU,2001,EXPORTS_PERCENT_GDP,30.5604113813066,Germany,NE.EXP.GNFS.ZS,Exports of goods and services percentage of GDP,percent,annual,none,world_bank,2026-05-13T21:09:45.429605+00:00
DEU,2002,EXPORTS_PERCENT_GDP,31.1904504893495,Germany,NE.EXP.GNFS.ZS,Exports of goods and services percentage of GDP,percent,annual,none,world_bank,2026-05-13T21:09:45.429605+00:00
DEU,2003,EXPORTS_PERCENT_GDP,31.2678451095809,Germany,NE.EXP.GNFS.ZS,Exports of goods and services percentage of GDP,percent,annual,none,world_bank,2026-05-13T21:09:45.429605+00:00
DEU,2004,EXPORTS_PERCENT_GDP,33.9352126434777,Germany,NE.EXP.GNFS.ZS,Exports of goods and services percentage of GDP,percent,annual,none,world_bank,2026-05-13T21:09:45.429605+00:00
DEU,2005,EXPORTS_PERCENT_GDP,35.9531497908166,Germany,NE.EXP.GNFS.ZS,Exports of goods and services percentage of GDP,percent,annual,none,world_bank,2026-05-13T21:09:45.429605+00:00
DEU,2006,EXPORTS_PERCENT_GDP,38.9694499171537,Germany,NE.EXP.GNFS.ZS,Exports of goods and services percentage of GDP,percent,annual,none,world_bank,2026-05-13T21:09:45.429605+00:00
DEU,2007,EXPORTS_PERCENT_GDP,40.6368056265783,Germany,NE.EXP.GNFS.ZS,Exports of goods and services percentage of GDP,percent,annual,none,world_bank,2026-05-13T21:09:45.429605+00:00
DEU,2008,EXPORTS_PERCENT_GDP,40.9488738182043,Germany,NE.EXP.GNFS.ZS,Exports of goods and services percentage of GDP,percent,annual,none,world_bank,2026-05-13T21:09:45.429605+00:00
DEU,2009,EXPORTS_PERCENT_GDP,35.4545162932994,Germany,NE.EXP.GNFS.ZS,Exports of goods and services percentage of GDP,percent,annual,none,world_bank,2026-05-13T21:09:45.429605+00:00
DEU,2010,EXPORTS_PERCENT_GDP,39.4953465429823,Germany,NE.EXP.GNFS.ZS,Exports of goods and services percentage of GDP,percent,annual,none,world_bank,2026-05-13T21:09:45.429605+00:00
DEU,2011,EXPORTS_PERCENT_GDP,41.6436286591115,Germany,NE.EXP.GNFS.ZS,Exports of goods and services percentage of GDP,percent,annual,none,world_bank,2026-05-13T21:09:45.429605+00:00
DEU,2012,EXPORTS_PERCENT_GDP,42.6855834357406,Germany,NE.EXP.GNFS.ZS,Exports of goods and services percentage of GDP,percent,annual,none,world_bank,2026-05-13T21:09:45.429605+00:00
DEU,2013,EXPORTS_PERCENT_GDP,41.6802838324356,Germany,NE.EXP.GNFS.ZS,Exports of goods and services percentage of GDP,percent,annual,none,world_bank,2026-05-13T21:09:45.429605+00:00
DEU,2014,EXPORTS_PERCENT_GDP,41.6936675523627,Germany,NE.EXP.GNFS.ZS,Exports of goods and services percentage of GDP,percent,annual,none,world_bank,2026-05-13T21:09:45.429605+00:00
DEU,2015,EXPORTS_PERCENT_GDP,42.5853976151835,Germany,NE.EXP.GNFS.ZS,Exports of goods and services percentage of GDP,percent,annual,none,world_bank,2026-05-13T21:09:45.429605+00:00
DEU,2016,EXPORTS_PERCENT_GDP,41.6355419518592,Germany,NE.EXP.GNFS.ZS,Exports of goods and services percentage of GDP,percent,annual,none,world_bank,2026-05-13T21:09:45.429605+00:00
DEU,2017,EXPORTS_PERCENT_GDP,42.2029575981591,Germany,NE.EXP.GNFS.ZS,Exports of goods and services percentage of GDP,percent,annual,none,world_bank,2026-05-13T21:09:45.429605+00:00
DEU,2018,EXPORTS_PERCENT_GDP,42.4968914074717,Germany,NE.EXP.GNFS.ZS,Exports of goods and services percentage of GDP,percent,annual,none,world_bank,2026-05-13T21:09:45.429605+00:00
DEU,2019,EXPORTS_PERCENT_GDP,42.3402444816356,Germany,NE.EXP.GNFS.ZS,Exports of goods and services percentage of GDP,percent,annual,none,world_bank,2026-05-13T21:09:45.429605+00:00
DEU,2020,EXPORTS_PERCENT_GDP,39.1198068808828,Germany,NE.EXP.GNFS.ZS,Exports of goods and services percentage of GDP,percent,annual,none,world_bank,2026-05-13T21:09:45.429605+00:00
DEU,2021,EXPORTS_PERCENT_GDP,42.5198379291429,Germany,NE.EXP.GNFS.ZS,Exports of goods and services percentage of GDP,percent,annual,none,world_bank,2026-05-13T21:09:45.429605+00:00
DEU,2022,EXPORTS_PERCENT_GDP,45.6284043425185,Germany,NE.EXP.GNFS.ZS,Exports of goods and services percentage of GDP,percent,annual,none,world_bank,2026-05-13T21:09:45.429605+00:00
DEU,2023,EXPORTS_PERCENT_GDP,42.9672624196847,Germany,NE.EXP.GNFS.ZS,Exports of goods and services percentage of GDP,percent,annual,none,world_bank,2026-05-13T21:09:45.429605+00:00
DEU,2024,EXPORTS_PERCENT_GDP,41.4340593720908,Germany,NE.EXP.GNFS.ZS,Exports of goods and services percentage of GDP,percent,annual,none,world_bank,2026-05-13T21:09:45.429605+00:00
DEU,2025,EXPORTS_PERCENT_GDP,,Germany,NE.EXP.GNFS.ZS,Exports of goods and services percentage of GDP,percent,annual,none,world_bank,2026-05-13T21:09:45.429605+00:00
DEU,1960,FDI_NET_INFLOWS,,Germany,BX.KLT.DINV.WD.GD.ZS,Foreign direct investment net inflows percentage GDP,percent,annual,none,world_bank,2026-05-13T21:09:52.489920+00:00
DEU,1961,FDI_NET_INFLOWS,,Germany,BX.KLT.DINV.WD.GD.ZS,Foreign direct investment net inflows percentage GDP,percent,annual,none,world_bank,2026-05-13T21:09:52.489920+00:00
DEU,1962,FDI_NET_INFLOWS,,Germany,BX.KLT.DINV.WD.GD.ZS,Foreign direct investment net inflows percentage GDP,percent,annual,none,world_bank,2026-05-13T21:09:52.489920+00:00
DEU,1963,FDI_NET_INFLOWS,,Germany,BX.KLT.DINV.WD.GD.ZS,Foreign direct investment net inflows percentage GDP,percent,annual,none,world_bank,2026-05-13T21:09:52.489920+00:00
DEU,1964,FDI_NET_INFLOWS,,Germany,BX.KLT.DINV.WD.GD.ZS,Foreign direct investment net inflows percentage GDP,percent,annual,none,world_bank,2026-05-13T21:09:52.489920+00:00
DEU,1965,FDI_NET_INFLOWS,,Germany,BX.KLT.DINV.WD.GD.ZS,Foreign direct investment net inflows percentage GDP,percent,annual,none,world_bank,2026-05-13T21:09:52.489920+00:00
DEU,1966,FDI_NET_INFLOWS,,Germany,BX.KLT.DINV.WD.GD.ZS,Foreign direct investment net inflows percentage GDP,percent,annual,none,world_bank,2026-05-13T21:09:52.489920+00:00
DEU,1967,FDI_NET_INFLOWS,,Germany,BX.KLT.DINV.WD.GD.ZS,Foreign direct investment net inflows percentage GDP,percent,annual,none,world_bank,2026-05-13T21:09:52.489920+00:00
DEU,1968,FDI_NET_INFLOWS,,Germany,BX.KLT.DINV.WD.GD.ZS,Foreign direct investment net inflows percentage GDP,percent,annual,none,world_bank,2026-05-13T21:09:52.489920+00:00
DEU,1969,FDI_NET_INFLOWS,,Germany,BX.KLT.DINV.WD.GD.ZS,Foreign direct investment net inflows percentage GDP,percent,annual,none,world_bank,2026-05-13T21:09:52.489920+00:00
DEU,1970,FDI_NET_INFLOWS,,Germany,BX.KLT.DINV.WD.GD.ZS,Foreign direct investment net inflows percentage GDP,percent,annual,none,world_bank,2026-05-13T21:09:52.489920+00:00
DEU,1971,FDI_NET_INFLOWS,0.43975074163459,Germany,BX.KLT.DINV.WD.GD.ZS,Foreign direct investment net inflows percentage GDP,percent,annual,none,world_bank,2026-05-13T21:09:52.489920+00:00
DEU,1972,FDI_NET_INFLOWS,0.63053208495959,Germany,BX.KLT.DINV.WD.GD.ZS,Foreign direct investment net inflows percentage GDP,percent,annual,none,world_bank,2026-05-13T21:09:52.489920+00:00
DEU,1973,FDI_NET_INFLOWS,0.525794354186783,Germany,BX.KLT.DINV.WD.GD.ZS,Foreign direct investment net inflows percentage GDP,percent,annual,none,world_bank,2026-05-13T21:09:52.489920+00:00
DEU,1974,FDI_NET_INFLOWS,0.487093756908346,Germany,BX.KLT.DINV.WD.GD.ZS,Foreign direct investment net inflows percentage GDP,percent,annual,none,world_bank,2026-05-13T21:09:52.489920+00:00
DEU,1975,FDI_NET_INFLOWS,0.140221164618744,Germany,BX.KLT.DINV.WD.GD.ZS,Foreign direct investment net inflows percentage GDP,percent,annual,none,world_bank,2026-05-13T21:09:52.489920+00:00
DEU,1976,FDI_NET_INFLOWS,0.253301614028303,Germany,BX.KLT.DINV.WD.GD.ZS,Foreign direct investment net inflows percentage GDP,percent,annual,none,world_bank,2026-05-13T21:09:52.489920+00:00
DEU,1977,FDI_NET_INFLOWS,0.15762177729685,Germany,BX.KLT.DINV.WD.GD.ZS,Foreign direct investment net inflows percentage GDP,percent,annual,none,world_bank,2026-05-13T21:09:52.489920+00:00
DEU,1978,FDI_NET_INFLOWS,0.215755630336026,Germany,BX.KLT.DINV.WD.GD.ZS,Foreign direct investment net inflows percentage GDP,percent,annual,none,world_bank,2026-05-13T21:09:52.489920+00:00
DEU,1979,FDI_NET_INFLOWS,0.195862853349524,Germany,BX.KLT.DINV.WD.GD.ZS,Foreign direct investment net inflows percentage GDP,percent,annual,none,world_bank,2026-05-13T21:09:52.489920+00:00
DEU,1980,FDI_NET_INFLOWS,-0.0195616251555118,Germany,BX.KLT.DINV.WD.GD.ZS,Foreign direct investment net inflows percentage GDP,percent,annual,none,world_bank,2026-05-13T21:09:52.489920+00:00
DEU,1981,FDI_NET_INFLOWS,-0.0517596560434494,Germany,BX.KLT.DINV.WD.GD.ZS,Foreign direct investment net inflows percentage GDP,percent,annual,none,world_bank,2026-05-13T21:09:52.489920+00:00
DEU,1982,FDI_NET_INFLOWS,0.0600783548795667,Germany,BX.KLT.DINV.WD.GD.ZS,Foreign direct investment net inflows percentage GDP,percent,annual,none,world_bank,2026-05-13T21:09:52.489920+00:00
DEU,1983,FDI_NET_INFLOWS,0.129003906469599,Germany,BX.KLT.DINV.WD.GD.ZS,Foreign direct investment net inflows percentage GDP,percent,annual,none,world_bank,2026-05-13T21:09:52.489920+00:00
DEU,1984,FDI_NET_INFLOWS,0.0811611119154106,Germany,BX.KLT.DINV.WD.GD.ZS,Foreign direct investment net inflows percentage GDP,percent,annual,none,world_bank,2026-05-13T21:09:52.489920+00:00
DEU,1985,FDI_NET_INFLOWS,0.0722381533959734,Germany,BX.KLT.DINV.WD.GD.ZS,Foreign direct investment net inflows percentage GDP,percent,annual,none,world_bank,2026-05-13T21:09:52.489920+00:00
DEU,1986,FDI_NET_INFLOWS,0.113516138662449,Germany,BX.KLT.DINV.WD.GD.ZS,Foreign direct investment net inflows percentage GDP,percent,annual,none,world_bank,2026-05-13T21:09:52.489920+00:00
DEU,1987,FDI_NET_INFLOWS,0.12434802891679,Germany,BX.KLT.DINV.WD.GD.ZS,Foreign direct investment net inflows percentage GDP,percent,annual,none,world_bank,2026-05-13T21:09:52.489920+00:00
DEU,1988,FDI_NET_INFLOWS,-0.107267491566471,Germany,BX.KLT.DINV.WD.GD.ZS,Foreign direct investment net inflows percentage GDP,percent,annual,none,world_bank,2026-05-13T21:09:52.489920+00:00
DEU,1989,FDI_NET_INFLOWS,0.368453283427039,Germany,BX.KLT.DINV.WD.GD.ZS,Foreign direct investment net inflows percentage GDP,percent,annual,none,world_bank,2026-05-13T21:09:52.489920+00:00
DEU,1990,FDI_NET_INFLOWS,0.143783444028002,Germany,BX.KLT.DINV.WD.GD.ZS,Foreign direct investment net inflows percentage GDP,percent,annual,none,world_bank,2026-05-13T21:09:52.489920+00:00
DEU,1991,FDI_NET_INFLOWS,0.252775606502016,Germany,BX.KLT.DINV.WD.GD.ZS,Foreign direct investment net inflows percentage GDP,percent,annual,none,world_bank,2026-05-13T21:09:52.489920+00:00
DEU,1992,FDI_NET_INFLOWS,-0.0998181254869771,Germany,BX.KLT.DINV.WD.GD.ZS,Foreign direct investment net inflows percentage GDP,percent,annual,none,world_bank,2026-05-13T21:09:52.489920+00:00
DEU,1993,FDI_NET_INFLOWS,0.0229759155079975,Germany,BX.KLT.DINV.WD.GD.ZS,Foreign direct investment net inflows percentage GDP,percent,annual,none,world_bank,2026-05-13T21:09:52.489920+00:00
DEU,1994,FDI_NET_INFLOWS,0.339343818597409,Germany,BX.KLT.DINV.WD.GD.ZS,Foreign direct investment net inflows percentage GDP,percent,annual,none,world_bank,2026-05-13T21:09:52.489920+00:00
DEU,1995,FDI_NET_INFLOWS,0.464347992938888,Germany,BX.KLT.DINV.WD.GD.ZS,Foreign direct investment net inflows percentage GDP,percent,annual,none,world_bank,2026-05-13T21:09:52.489920+00:00
DEU,1996,FDI_NET_INFLOWS,0.621987271355429,Germany,BX.KLT.DINV.WD.GD.ZS,Foreign direct investment net inflows percentage GDP,percent,annual,none,world_bank,2026-05-13T21:09:52.489920+00:00
DEU,1997,FDI_NET_INFLOWS,0.840026365692745,Germany,BX.KLT.DINV.WD.GD.ZS,Foreign direct investment net inflows percentage GDP,percent,annual,none,world_bank,2026-05-13T21:09:52.489920+00:00
DEU,1998,FDI_NET_INFLOWS,1.31356256260241,Germany,BX.KLT.DINV.WD.GD.ZS,Foreign direct investment net inflows percentage GDP,percent,annual,none,world_bank,2026-05-13T21:09:52.489920+00:00
DEU,1999,FDI_NET_INFLOWS,3.88620516447701,Germany,BX.KLT.DINV.WD.GD.ZS,Foreign direct investment net inflows percentage GDP,percent,annual,none,world_bank,2026-05-13T21:09:52.489920+00:00
DEU,2000,FDI_NET_INFLOWS,12.6085323042305,Germany,BX.KLT.DINV.WD.GD.ZS,Foreign direct investment net inflows percentage GDP,percent,annual,none,world_bank,2026-05-13T21:09:52.489920+00:00
DEU,2001,FDI_NET_INFLOWS,2.89610853662771,Germany,BX.KLT.DINV.WD.GD.ZS,Foreign direct investment net inflows percentage GDP,percent,annual,none,world_bank,2026-05-13T21:09:52.489920+00:00
DEU,2002,FDI_NET_INFLOWS,2.43861371432105,Germany,BX.KLT.DINV.WD.GD.ZS,Foreign direct investment net inflows percentage GDP,percent,annual,none,world_bank,2026-05-13T21:09:52.489920+00:00
DEU,2003,FDI_NET_INFLOWS,2.5802310174772,Germany,BX.KLT.DINV.WD.GD.ZS,Foreign direct investment net inflows percentage GDP,percent,annual,none,world_bank,2026-05-13T21:09:52.489920+00:00
DEU,2004,FDI_NET_INFLOWS,-0.715503012520614,Germany,BX.KLT.DINV.WD.GD.ZS,Foreign direct investment net inflows percentage GDP,percent,annual,none,world_bank,2026-05-13T21:09:52.489920+00:00
DEU,2005,FDI_NET_INFLOWS,2.06799391408494,Germany,BX.KLT.DINV.WD.GD.ZS,Foreign direct investment net inflows percentage GDP,percent,annual,none,world_bank,2026-05-13T21:09:52.489920+00:00
DEU,2006,FDI_NET_INFLOWS,2.87049561649648,Germany,BX.KLT.DINV.WD.GD.ZS,Foreign direct investment net inflows percentage GDP,percent,annual,none,world_bank,2026-05-13T21:09:52.489920+00:00
DEU,2007,FDI_NET_INFLOWS,1.4594247021417,Germany,BX.KLT.DINV.WD.GD.ZS,Foreign direct investment net inflows percentage GDP,percent,annual,none,world_bank,2026-05-13T21:09:52.489920+00:00
DEU,2008,FDI_NET_INFLOWS,0.81284475683707,Germany,BX.KLT.DINV.WD.GD.ZS,Foreign direct investment net inflows percentage GDP,percent,annual,none,world_bank,2026-05-13T21:09:52.489920+00:00
DEU,2009,FDI_NET_INFLOWS,1.63004671127687,Germany,BX.KLT.DINV.WD.GD.ZS,Foreign direct investment net inflows percentage GDP,percent,annual,none,world_bank,2026-05-13T21:09:52.489920+00:00
DEU,2010,FDI_NET_INFLOWS,2.48154528887853,Germany,BX.KLT.DINV.WD.GD.ZS,Foreign direct investment net inflows percentage GDP,percent,annual,none,world_bank,2026-05-13T21:09:52.489920+00:00
DEU,2011,FDI_NET_INFLOWS,2.55089499875415,Germany,BX.KLT.DINV.WD.GD.ZS,Foreign direct investment net inflows percentage GDP,percent,annual,none,world_bank,2026-05-13T21:09:52.489920+00:00
DEU,2012,FDI_NET_INFLOWS,1.8196411156431,Germany,BX.KLT.DINV.WD.GD.ZS,Foreign direct investment net inflows percentage GDP,percent,annual,none,world_bank,2026-05-13T21:09:52.489920+00:00
DEU,2013,FDI_NET_INFLOWS,1.76515036525359,Germany,BX.KLT.DINV.WD.GD.ZS,Foreign direct investment net inflows percentage GDP,percent,annual,none,world_bank,2026-05-13T21:09:52.489920+00:00
DEU,2014,FDI_NET_INFLOWS,0.437762571704246,Germany,BX.KLT.DINV.WD.GD.ZS,Foreign direct investment net inflows percentage GDP,percent,annual,none,world_bank,2026-05-13T21:09:52.489920+00:00
DEU,2015,FDI_NET_INFLOWS,1.82239938063641,Germany,BX.KLT.DINV.WD.GD.ZS,Foreign direct investment net inflows percentage GDP,percent,annual,none,world_bank,2026-05-13T21:09:52.489920+00:00
DEU,2016,FDI_NET_INFLOWS,1.64365840117303,Germany,BX.KLT.DINV.WD.GD.ZS,Foreign direct investment net inflows percentage GDP,percent,annual,none,world_bank,2026-05-13T21:09:52.489920+00:00
DEU,2017,FDI_NET_INFLOWS,2.88914588414184,Germany,BX.KLT.DINV.WD.GD.ZS,Foreign direct investment net inflows percentage GDP,percent,annual,none,world_bank,2026-05-13T21:09:52.489920+00:00
DEU,2018,FDI_NET_INFLOWS,4.00082875273687,Germany,BX.KLT.DINV.WD.GD.ZS,Foreign direct investment net inflows percentage GDP,percent,annual,none,world_bank,2026-05-13T21:09:52.489920+00:00
DEU,2019,FDI_NET_INFLOWS,1.9056930139782,Germany,BX.KLT.DINV.WD.GD.ZS,Foreign direct investment net inflows percentage GDP,percent,annual,none,world_bank,2026-05-13T21:09:52.489920+00:00
DEU,2020,FDI_NET_INFLOWS,4.48523547812751,Germany,BX.KLT.DINV.WD.GD.ZS,Foreign direct investment net inflows percentage GDP,percent,annual,none,world_bank,2026-05-13T21:09:52.489920+00:00
DEU,2021,FDI_NET_INFLOWS,2.93002168676674,Germany,BX.KLT.DINV.WD.GD.ZS,Foreign direct investment net inflows percentage GDP,percent,annual,none,world_bank,2026-05-13T21:09:52.489920+00:00
DEU,2022,FDI_NET_INFLOWS,2.07605246190373,Germany,BX.KLT.DINV.WD.GD.ZS,Foreign direct investment net inflows percentage GDP,percent,annual,none,world_bank,2026-05-13T21:09:52.489920+00:00
DEU,2023,FDI_NET_INFLOWS,1.69740103499567,Germany,BX.KLT.DINV.WD.GD.ZS,Foreign direct investment net inflows percentage GDP,percent,annual,none,world_bank,2026-05-13T21:09:52.489920+00:00
DEU,2024,FDI_NET_INFLOWS,1.01586176558023,Germany,BX.KLT.DINV.WD.GD.ZS,Foreign direct investment net inflows percentage GDP,percent,annual,none,world_bank,2026-05-13T21:09:52.489920+00:00
DEU,2025,FDI_NET_INFLOWS,,Germany,BX.KLT.DINV.WD.GD.ZS,Foreign direct investment net inflows percentage GDP,percent,annual,none,world_bank,2026-05-13T21:09:52.489920+00:00
DEU,1960,GDP_GROWTH,,Germany,NY.GDP.MKTP.KD.ZG,GDP growth annual percentage,percent,annual,none,world_bank,2026-05-13T21:09:18.331614+00:00
DEU,1961,GDP_GROWTH,4.29843956416359,Germany,NY.GDP.MKTP.KD.ZG,GDP growth annual percentage,percent,annual,none,world_bank,2026-05-13T21:09:18.331614+00:00
DEU,1962,GDP_GROWTH,4.62347095715678,Germany,NY.GDP.MKTP.KD.ZG,GDP growth annual percentage,percent,annual,none,world_bank,2026-05-13T21:09:18.331614+00:00
DEU,1963,GDP_GROWTH,2.73529640413561,Germany,NY.GDP.MKTP.KD.ZG,GDP growth annual percentage,percent,annual,none,world_bank,2026-05-13T21:09:18.331614+00:00
DEU,1964,GDP_GROWTH,6.63946990966824,Germany,NY.GDP.MKTP.KD.ZG,GDP growth annual percentage,percent,annual,none,world_bank,2026-05-13T21:09:18.331614+00:00
DEU,1965,GDP_GROWTH,5.24416405342727,Germany,NY.GDP.MKTP.KD.ZG,GDP growth annual percentage,percent,annual,none,world_bank,2026-05-13T21:09:18.331614+00:00
DEU,1966,GDP_GROWTH,2.81218127523877,Germany,NY.GDP.MKTP.KD.ZG,GDP growth annual percentage,percent,annual,none,world_bank,2026-05-13T21:09:18.331614+00:00
DEU,1967,GDP_GROWTH,-0.330256485487652,Germany,NY.GDP.MKTP.KD.ZG,GDP growth annual percentage,percent,annual,none,world_bank,2026-05-13T21:09:18.331614+00:00
DEU,1968,GDP_GROWTH,5.66877305970866,Germany,NY.GDP.MKTP.KD.ZG,GDP growth annual percentage,percent,annual,none,world_bank,2026-05-13T21:09:18.331614+00:00
DEU,1969,GDP_GROWTH,7.41810275269879,Germany,NY.GDP.MKTP.KD.ZG,GDP growth annual percentage,percent,annual,none,world_bank,2026-05-13T21:09:18.331614+00:00
DEU,1970,GDP_GROWTH,5.1031445446857,Germany,NY.GDP.MKTP.KD.ZG,GDP growth annual percentage,percent,annual,none,world_bank,2026-05-13T21:09:18.331614+00:00
DEU,1971,GDP_GROWTH,3.13269976979846,Germany,NY.GDP.MKTP.KD.ZG,GDP growth annual percentage,percent,annual,none,world_bank,2026-05-13T21:09:18.331614+00:00
DEU,1972,GDP_GROWTH,4.30034129247663,Germany,NY.GDP.MKTP.KD.ZG,GDP growth annual percentage,percent,annual,none,world_bank,2026-05-13T21:09:18.331614+00:00
DEU,1973,GDP_GROWTH,4.77748690945469,Germany,NY.GDP.MKTP.KD.ZG,GDP growth annual percentage,percent,annual,none,world_bank,2026-05-13T21:09:18.331614+00:00
DEU,1974,GDP_GROWTH,0.890068699312494,Germany,NY.GDP.MKTP.KD.ZG,GDP growth annual percentage,percent,annual,none,world_bank,2026-05-13T21:09:18.331614+00:00
DEU,1975,GDP_GROWTH,-0.866738936529003,Germany,NY.GDP.MKTP.KD.ZG,GDP growth annual percentage,percent,annual,none,world_bank,2026-05-13T21:09:18.331614+00:00
DEU,1976,GDP_GROWTH,4.94925843456397,Germany,NY.GDP.MKTP.KD.ZG,GDP growth annual percentage,percent,annual,none,world_bank,2026-05-13T21:09:18.331614+00:00
DEU,1977,GDP_GROWTH,3.34721808033223,Germany,NY.GDP.MKTP.KD.ZG,GDP growth annual percentage,percent,annual,none,world_bank,2026-05-13T21:09:18.331614+00:00
DEU,1978,GDP_GROWTH,3.00849288842491,Germany,NY.GDP.MKTP.KD.ZG,GDP growth annual percentage,percent,annual,none,world_bank,2026-05-13T21:09:18.331614+00:00
DEU,1979,GDP_GROWTH,4.15036333786591,Germany,NY.GDP.MKTP.KD.ZG,GDP growth annual percentage,percent,annual,none,world_bank,2026-05-13T21:09:18.331614+00:00
DEU,1980,GDP_GROWTH,1.40882864441943,Germany,NY.GDP.MKTP.KD.ZG,GDP growth annual percentage,percent,annual,none,world_bank,2026-05-13T21:09:18.331614+00:00
DEU,1981,GDP_GROWTH,0.529240541969116,Germany,NY.GDP.MKTP.KD.ZG,GDP growth annual percentage,percent,annual,none,world_bank,2026-05-13T21:09:18.331614+00:00
DEU,1982,GDP_GROWTH,-0.394840735634787,Germany,NY.GDP.MKTP.KD.ZG,GDP growth annual percentage,percent,annual,none,world_bank,2026-05-13T21:09:18.331614+00:00
DEU,1983,GDP_GROWTH,1.57241014192158,Germany,NY.GDP.MKTP.KD.ZG,GDP growth annual percentage,percent,annual,none,world_bank,2026-05-13T21:09:18.331614+00:00
DEU,1984,GDP_GROWTH,2.82294783585535,Germany,NY.GDP.MKTP.KD.ZG,GDP growth annual percentage,percent,annual,none,world_bank,2026-05-13T21:09:18.331614+00:00
DEU,1985,GDP_GROWTH,2.32793520067574,Germany,NY.GDP.MKTP.KD.ZG,GDP growth annual percentage,percent,annual,none,world_bank,2026-05-13T21:09:18.331614+00:00
DEU,1986,GDP_GROWTH,2.28733925852798,Germany,NY.GDP.MKTP.KD.ZG,GDP growth annual percentage,percent,annual,none,world_bank,2026-05-13T21:09:18.331614+00:00
DEU,1987,GDP_GROWTH,1.4021515883601,Germany,NY.GDP.MKTP.KD.ZG,GDP growth annual percentage,percent,annual,none,world_bank,2026-05-13T21:09:18.331614+00:00
DEU,1988,GDP_GROWTH,3.70723567991882,Germany,NY.GDP.MKTP.KD.ZG,GDP growth annual percentage,percent,annual,none,world_bank,2026-05-13T21:09:18.331614+00:00
DEU,1989,GDP_GROWTH,3.89655170553733,Germany,NY.GDP.MKTP.KD.ZG,GDP growth annual percentage,percent,annual,none,world_bank,2026-05-13T21:09:18.331614+00:00
DEU,1990,GDP_GROWTH,5.25500610110028,Germany,NY.GDP.MKTP.KD.ZG,GDP growth annual percentage,percent,annual,none,world_bank,2026-05-13T21:09:18.331614+00:00
DEU,1991,GDP_GROWTH,5.10826150190911,Germany,NY.GDP.MKTP.KD.ZG,GDP growth annual percentage,percent,annual,none,world_bank,2026-05-13T21:09:18.331614+00:00
DEU,1992,GDP_GROWTH,2.01361340926105,Germany,NY.GDP.MKTP.KD.ZG,GDP growth annual percentage,percent,annual,none,world_bank,2026-05-13T21:09:18.331614+00:00
DEU,1993,GDP_GROWTH,-0.973033082340891,Germany,NY.GDP.MKTP.KD.ZG,GDP growth annual percentage,percent,annual,none,world_bank,2026-05-13T21:09:18.331614+00:00
DEU,1994,GDP_GROWTH,2.59685569693275,Germany,NY.GDP.MKTP.KD.ZG,GDP growth annual percentage,percent,annual,none,world_bank,2026-05-13T21:09:18.331614+00:00
DEU,1995,GDP_GROWTH,1.50499384201356,Germany,NY.GDP.MKTP.KD.ZG,GDP growth annual percentage,percent,annual,none,world_bank,2026-05-13T21:09:18.331614+00:00
DEU,1996,GDP_GROWTH,1.0378755674358,Germany,NY.GDP.MKTP.KD.ZG,GDP growth annual percentage,percent,annual,none,world_bank,2026-05-13T21:09:18.331614+00:00
DEU,1997,GDP_GROWTH,1.85432238398302,Germany,NY.GDP.MKTP.KD.ZG,GDP growth annual percentage,percent,annual,none,world_bank,2026-05-13T21:09:18.331614+00:00
DEU,1998,GDP_GROWTH,2.09561231172233,Germany,NY.GDP.MKTP.KD.ZG,GDP growth annual percentage,percent,annual,none,world_bank,2026-05-13T21:09:18.331614+00:00
DEU,1999,GDP_GROWTH,2.12957016297766,Germany,NY.GDP.MKTP.KD.ZG,GDP growth annual percentage,percent,annual,none,world_bank,2026-05-13T21:09:18.331614+00:00
DEU,2000,GDP_GROWTH,2.8765231247659,Germany,NY.GDP.MKTP.KD.ZG,GDP growth annual percentage,percent,annual,none,world_bank,2026-05-13T21:09:18.331614+00:00
DEU,2001,GDP_GROWTH,1.63614170690956,Germany,NY.GDP.MKTP.KD.ZG,GDP growth annual percentage,percent,annual,none,world_bank,2026-05-13T21:09:18.331614+00:00
DEU,2002,GDP_GROWTH,-0.228255715793637,Germany,NY.GDP.MKTP.KD.ZG,GDP growth annual percentage,percent,annual,none,world_bank,2026-05-13T21:09:18.331614+00:00
DEU,2003,GDP_GROWTH,-0.529801394291297,Germany,NY.GDP.MKTP.KD.ZG,GDP growth annual percentage,percent,annual,none,world_bank,2026-05-13T21:09:18.331614+00:00
DEU,2004,GDP_GROWTH,1.16208684507278,Germany,NY.GDP.MKTP.KD.ZG,GDP growth annual percentage,percent,annual,none,world_bank,2026-05-13T21:09:18.331614+00:00
DEU,2005,GDP_GROWTH,0.885485292551564,Germany,NY.GDP.MKTP.KD.ZG,GDP growth annual percentage,percent,annual,none,world_bank,2026-05-13T21:09:18.331614+00:00
DEU,2006,GDP_GROWTH,3.86668241523209,Germany,NY.GDP.MKTP.KD.ZG,GDP growth annual percentage,percent,annual,none,world_bank,2026-05-13T21:09:18.331614+00:00
DEU,2007,GDP_GROWTH,2.8891174138025,Germany,NY.GDP.MKTP.KD.ZG,GDP growth annual percentage,percent,annual,none,world_bank,2026-05-13T21:09:18.331614+00:00
DEU,2008,GDP_GROWTH,0.887902330743628,Germany,NY.GDP.MKTP.KD.ZG,GDP growth annual percentage,percent,annual,none,world_bank,2026-05-13T21:09:18.331614+00:00
DEU,2009,GDP_GROWTH,-5.54455451920674,Germany,NY.GDP.MKTP.KD.ZG,GDP growth annual percentage,percent,annual,none,world_bank,2026-05-13T21:09:18.331614+00:00
DEU,2010,GDP_GROWTH,4.13463778522758,Germany,NY.GDP.MKTP.KD.ZG,GDP growth annual percentage,percent,annual,none,world_bank,2026-05-13T21:09:18.331614+00:00
DEU,2011,GDP_GROWTH,3.75796884489337,Germany,NY.GDP.MKTP.KD.ZG,GDP growth annual percentage,percent,annual,none,world_bank,2026-05-13T21:09:18.331614+00:00
DEU,2012,GDP_GROWTH,0.463512036709204,Germany,NY.GDP.MKTP.KD.ZG,GDP growth annual percentage,percent,annual,none,world_bank,2026-05-13T21:09:18.331614+00:00
DEU,2013,GDP_GROWTH,0.396995583779145,Germany,NY.GDP.MKTP.KD.ZG,GDP growth annual percentage,percent,annual,none,world_bank,2026-05-13T21:09:18.331614+00:00
DEU,2014,GDP_GROWTH,2.18018602168017,Germany,NY.GDP.MKTP.KD.ZG,GDP growth annual percentage,percent,annual,none,world_bank,2026-05-13T21:09:18.331614+00:00
DEU,2015,GDP_GROWTH,1.66300602334775,Germany,NY.GDP.MKTP.KD.ZG,GDP growth annual percentage,percent,annual,none,world_bank,2026-05-13T21:09:18.331614+00:00
DEU,2016,GDP_GROWTH,2.22222216259371,Germany,NY.GDP.MKTP.KD.ZG,GDP growth annual percentage,percent,annual,none,world_bank,2026-05-13T21:09:18.331614+00:00
DEU,2017,GDP_GROWTH,2.797906720551,Germany,NY.GDP.MKTP.KD.ZG,GDP growth annual percentage,percent,annual,none,world_bank,2026-05-13T21:09:18.331614+00:00
DEU,2018,GDP_GROWTH,1.13569604599849,Germany,NY.GDP.MKTP.KD.ZG,GDP growth annual percentage,percent,annual,none,world_bank,2026-05-13T21:09:18.331614+00:00
DEU,2019,GDP_GROWTH,0.977734697038784,Germany,NY.GDP.MKTP.KD.ZG,GDP growth annual percentage,percent,annual,none,world_bank,2026-05-13T21:09:18.331614+00:00
DEU,2020,GDP_GROWTH,-4.13191443239947,Germany,NY.GDP.MKTP.KD.ZG,GDP growth annual percentage,percent,annual,none,world_bank,2026-05-13T21:09:18.331614+00:00
DEU,2021,GDP_GROWTH,3.90999994204108,Germany,NY.GDP.MKTP.KD.ZG,GDP growth annual percentage,percent,annual,none,world_bank,2026-05-13T21:09:18.331614+00:00
DEU,2022,GDP_GROWTH,1.8092581243061,Germany,NY.GDP.MKTP.KD.ZG,GDP growth annual percentage,percent,annual,none,world_bank,2026-05-13T21:09:18.331614+00:00
DEU,2023,GDP_GROWTH,-0.869647578573321,Germany,NY.GDP.MKTP.KD.ZG,GDP growth annual percentage,percent,annual,none,world_bank,2026-05-13T21:09:18.331614+00:00
DEU,2024,GDP_GROWTH,-0.495851897260366,Germany,NY.GDP.MKTP.KD.ZG,GDP growth annual percentage,percent,annual,none,world_bank,2026-05-13T21:09:18.331614+00:00
DEU,2025,GDP_GROWTH,,Germany,NY.GDP.MKTP.KD.ZG,GDP growth annual percentage,percent,annual,none,world_bank,2026-05-13T21:09:18.331614+00:00
DEU,1960,GDP_PER_CAPITA,1162.12266831735,Germany,NY.GDP.PCAP.CD,GDP per capita current USD,USD,annual,log,world_bank,2026-05-13T21:09:18.908967+00:00
DEU,1961,GDP_PER_CAPITA,1315.90787834504,Germany,NY.GDP.PCAP.CD,GDP per capita current USD,USD,annual,log,world_bank,2026-05-13T21:09:18.908967+00:00
DEU,1962,GDP_PER_CAPITA,1430.52095516263,Germany,NY.GDP.PCAP.CD,GDP per capita current USD,USD,annual,log,world_bank,2026-05-13T21:09:18.908967+00:00
DEU,1963,GDP_PER_CAPITA,1502.15452905146,Germany,NY.GDP.PCAP.CD,GDP per capita current USD,USD,annual,log,world_bank,2026-05-13T21:09:18.908967+00:00
DEU,1964,GDP_PER_CAPITA,1637.45522773672,Germany,NY.GDP.PCAP.CD,GDP per capita current USD,USD,annual,log,world_bank,2026-05-13T21:09:18.908967+00:00
DEU,1965,GDP_PER_CAPITA,1774.1986904555,Germany,NY.GDP.PCAP.CD,GDP per capita current USD,USD,annual,log,world_bank,2026-05-13T21:09:18.908967+00:00
DEU,1966,GDP_PER_CAPITA,1870.80540291774,Germany,NY.GDP.PCAP.CD,GDP per capita current USD,USD,annual,log,world_bank,2026-05-13T21:09:18.908967+00:00
DEU,1967,GDP_PER_CAPITA,1885.61596607874,Germany,NY.GDP.PCAP.CD,GDP per capita current USD,USD,annual,log,world_bank,2026-05-13T21:09:18.908967+00:00
DEU,1968,GDP_PER_CAPITA,2025.08159465853,Germany,NY.GDP.PCAP.CD,GDP per capita current USD,USD,annual,log,world_bank,2026-05-13T21:09:18.908967+00:00
DEU,1969,GDP_PER_CAPITA,2281.27598218229,Germany,NY.GDP.PCAP.CD,GDP per capita current USD,USD,annual,log,world_bank,2026-05-13T21:09:18.908967+00:00
DEU,1970,GDP_PER_CAPITA,2771.28310514754,Germany,NY.GDP.PCAP.CD,GDP per capita current USD,USD,annual,log,world_bank,2026-05-13T21:09:18.908967+00:00
DEU,1971,GDP_PER_CAPITA,3203.82884836051,Germany,NY.GDP.PCAP.CD,GDP per capita current USD,USD,annual,log,world_bank,2026-05-13T21:09:18.908967+00:00
DEU,1972,GDP_PER_CAPITA,3823.94032602696,Germany,NY.GDP.PCAP.CD,GDP per capita current USD,USD,annual,log,world_bank,2026-05-13T21:09:18.908967+00:00
DEU,1973,GDP_PER_CAPITA,5065.24523302283,Germany,NY.GDP.PCAP.CD,GDP per capita current USD,USD,annual,log,world_bank,2026-05-13T21:09:18.908967+00:00
DEU,1974,GDP_PER_CAPITA,5659.73787773336,Germany,NY.GDP.PCAP.CD,GDP per capita current USD,USD,annual,log,world_bank,2026-05-13T21:09:18.908967+00:00
DEU,1975,GDP_PER_CAPITA,6259.20744498342,Germany,NY.GDP.PCAP.CD,GDP per capita current USD,USD,annual,log,world_bank,2026-05-13T21:09:18.908967+00:00
DEU,1976,GDP_PER_CAPITA,6659.16546576017,Germany,NY.GDP.PCAP.CD,GDP per capita current USD,USD,annual,log,world_bank,2026-05-13T21:09:18.908967+00:00
DEU,1977,GDP_PER_CAPITA,7711.10232025365,Germany,NY.GDP.PCAP.CD,GDP per capita current USD,USD,annual,log,world_bank,2026-05-13T21:09:18.908967+00:00
DEU,1978,GDP_PER_CAPITA,9516.78283228907,Germany,NY.GDP.PCAP.CD,GDP per capita current USD,USD,annual,log,world_bank,2026-05-13T21:09:18.908967+00:00
DEU,1979,GDP_PER_CAPITA,11322.3543443813,Germany,NY.GDP.PCAP.CD,GDP per capita current USD,USD,annual,log,world_bank,2026-05-13T21:09:18.908967+00:00
DEU,1980,GDP_PER_CAPITA,12182.7800196802,Germany,NY.GDP.PCAP.CD,GDP per capita current USD,USD,annual,log,world_bank,2026-05-13T21:09:18.908967+00:00
DEU,1981,GDP_PER_CAPITA,10246.4767623188,Germany,NY.GDP.PCAP.CD,GDP per capita current USD,USD,annual,log,world_bank,2026-05-13T21:09:18.908967+00:00
DEU,1982,GDP_PER_CAPITA,9950.05926025365,Germany,NY.GDP.PCAP.CD,GDP per capita current USD,USD,annual,log,world_bank,2026-05-13T21:09:18.908967+00:00
DEU,1983,GDP_PER_CAPITA,9900.48559233526,Germany,NY.GDP.PCAP.CD,GDP per capita current USD,USD,annual,log,world_bank,2026-05-13T21:09:18.908967+00:00
DEU,1984,GDP_PER_CAPITA,9347.29068412377,Germany,NY.GDP.PCAP.CD,GDP per capita current USD,USD,annual,log,world_bank,2026-05-13T21:09:18.908967+00:00
DEU,1985,GDP_PER_CAPITA,9464.11694710857,Germany,NY.GDP.PCAP.CD,GDP per capita current USD,USD,annual,log,world_bank,2026-05-13T21:09:18.908967+00:00
DEU,1986,GDP_PER_CAPITA,13511.1520027486,Germany,NY.GDP.PCAP.CD,GDP per capita current USD,USD,annual,log,world_bank,2026-05-13T21:09:18.908967+00:00
DEU,1987,GDP_PER_CAPITA,16738.6132825523,Germany,NY.GDP.PCAP.CD,GDP per capita current USD,USD,annual,log,world_bank,2026-05-13T21:09:18.908967+00:00
DEU,1988,GDP_PER_CAPITA,17996.9783507619,Germany,NY.GDP.PCAP.CD,GDP per capita current USD,USD,annual,log,world_bank,2026-05-13T21:09:18.908967+00:00
DEU,1989,GDP_PER_CAPITA,17829.4609524705,Germany,NY.GDP.PCAP.CD,GDP per capita current USD,USD,annual,log,world_bank,2026-05-13T21:09:18.908967+00:00
DEU,1990,GDP_PER_CAPITA,22385.6778250275,Germany,NY.GDP.PCAP.CD,GDP per capita current USD,USD,annual,log,world_bank,2026-05-13T21:09:18.908967+00:00
DEU,1991,GDP_PER_CAPITA,23443.3350818536,Germany,NY.GDP.PCAP.CD,GDP per capita current USD,USD,annual,log,world_bank,2026-05-13T21:09:18.908967+00:00
DEU,1992,GDP_PER_CAPITA,26559.8543879632,Germany,NY.GDP.PCAP.CD,GDP per capita current USD,USD,annual,log,world_bank,2026-05-13T21:09:18.908967+00:00
DEU,1993,GDP_PER_CAPITA,25616.6508772405,Germany,NY.GDP.PCAP.CD,GDP per capita current USD,USD,annual,log,world_bank,2026-05-13T21:09:18.908967+00:00
DEU,1994,GDP_PER_CAPITA,27201.9593555204,Germany,NY.GDP.PCAP.CD,GDP per capita current USD,USD,annual,log,world_bank,2026-05-13T21:09:18.908967+00:00
DEU,1995,GDP_PER_CAPITA,31747.2449398447,Germany,NY.GDP.PCAP.CD,GDP per capita current USD,USD,annual,log,world_bank,2026-05-13T21:09:18.908967+00:00
DEU,1996,GDP_PER_CAPITA,30599.7891048363,Germany,NY.GDP.PCAP.CD,GDP per capita current USD,USD,annual,log,world_bank,2026-05-13T21:09:18.908967+00:00
DEU,1997,GDP_PER_CAPITA,27046.9565464237,Germany,NY.GDP.PCAP.CD,GDP per capita current USD,USD,annual,log,world_bank,2026-05-13T21:09:18.908967+00:00
DEU,1998,GDP_PER_CAPITA,27395.9440608051,Germany,NY.GDP.PCAP.CD,GDP per capita current USD,USD,annual,log,world_bank,2026-05-13T21:09:18.908967+00:00
DEU,1999,GDP_PER_CAPITA,26965.4922773722,Germany,NY.GDP.PCAP.CD,GDP per capita current USD,USD,annual,log,world_bank,2026-05-13T21:09:18.908967+00:00
DEU,2000,GDP_PER_CAPITA,23925.8559901991,Germany,NY.GDP.PCAP.CD,GDP per capita current USD,USD,annual,log,world_bank,2026-05-13T21:09:18.908967+00:00
DEU,2001,GDP_PER_CAPITA,23878.3641471651,Germany,NY.GDP.PCAP.CD,GDP per capita current USD,USD,annual,log,world_bank,2026-05-13T21:09:18.908967+00:00
DEU,2002,GDP_PER_CAPITA,25486.5942008748,Germany,NY.GDP.PCAP.CD,GDP per capita current USD,USD,annual,log,world_bank,2026-05-13T21:09:18.908967+00:00
DEU,2003,GDP_PER_CAPITA,30711.1022511331,Germany,NY.GDP.PCAP.CD,GDP per capita current USD,USD,annual,log,world_bank,2026-05-13T21:09:18.908967+00:00
DEU,2004,GDP_PER_CAPITA,34566.7359143735,Germany,NY.GDP.PCAP.CD,GDP per capita current USD,USD,annual,log,world_bank,2026-05-13T21:09:18.908967+00:00
DEU,2005,GDP_PER_CAPITA,35084.4363546269,Germany,NY.GDP.PCAP.CD,GDP per capita current USD,USD,annual,log,world_bank,2026-05-13T21:09:18.908967+00:00
DEU,2006,GDP_PER_CAPITA,36980.3349948954,Germany,NY.GDP.PCAP.CD,GDP per capita current USD,USD,annual,log,world_bank,2026-05-13T21:09:18.908967+00:00
DEU,2007,GDP_PER_CAPITA,42350.9217211489,Germany,NY.GDP.PCAP.CD,GDP per capita current USD,USD,annual,log,world_bank,2026-05-13T21:09:18.908967+00:00
DEU,2008,GDP_PER_CAPITA,46379.1647953479,Germany,NY.GDP.PCAP.CD,GDP per capita current USD,USD,annual,log,world_bank,2026-05-13T21:09:18.908967+00:00
DEU,2009,GDP_PER_CAPITA,42471.8868625226,Germany,NY.GDP.PCAP.CD,GDP per capita current USD,USD,annual,log,world_bank,2026-05-13T21:09:18.908967+00:00
DEU,2010,GDP_PER_CAPITA,42396.9665976293,Germany,NY.GDP.PCAP.CD,GDP per capita current USD,USD,annual,log,world_bank,2026-05-13T21:09:18.908967+00:00
DEU,2011,GDP_PER_CAPITA,47630.9761883572,Germany,NY.GDP.PCAP.CD,GDP per capita current USD,USD,annual,log,world_bank,2026-05-13T21:09:18.908967+00:00
DEU,2012,GDP_PER_CAPITA,44718.0159214069,Germany,NY.GDP.PCAP.CD,GDP per capita current USD,USD,annual,log,world_bank,2026-05-13T21:09:18.908967+00:00
DEU,2013,GDP_PER_CAPITA,47206.8353514242,Germany,NY.GDP.PCAP.CD,GDP per capita current USD,USD,annual,log,world_bank,2026-05-13T21:09:18.908967+00:00
DEU,2014,GDP_PER_CAPITA,48959.5991203133,Germany,NY.GDP.PCAP.CD,GDP per capita current USD,USD,annual,log,world_bank,2026-05-13T21:09:18.908967+00:00
DEU,2015,GDP_PER_CAPITA,41929.7549110722,Germany,NY.GDP.PCAP.CD,GDP per capita current USD,USD,annual,log,world_bank,2026-05-13T21:09:18.908967+00:00
DEU,2016,GDP_PER_CAPITA,42948.9381932694,Germany,NY.GDP.PCAP.CD,GDP per capita current USD,USD,annual,log,world_bank,2026-05-13T21:09:18.908967+00:00
DEU,2017,GDP_PER_CAPITA,45553.9341495339,Germany,NY.GDP.PCAP.CD,GDP per capita current USD,USD,annual,log,world_bank,2026-05-13T21:09:18.908967+00:00
DEU,2018,GDP_PER_CAPITA,48916.1686612154,Germany,NY.GDP.PCAP.CD,GDP per capita current USD,USD,annual,log,world_bank,2026-05-13T21:09:18.908967+00:00
DEU,2019,GDP_PER_CAPITA,47656.199739747,Germany,NY.GDP.PCAP.CD,GDP per capita current USD,USD,annual,log,world_bank,2026-05-13T21:09:18.908967+00:00
DEU,2020,GDP_PER_CAPITA,47394.8734504469,Germany,NY.GDP.PCAP.CD,GDP per capita current USD,USD,annual,log,world_bank,2026-05-13T21:09:18.908967+00:00
DEU,2021,GDP_PER_CAPITA,52349.2459994422,Germany,NY.GDP.PCAP.CD,GDP per capita current USD,USD,annual,log,world_bank,2026-05-13T21:09:18.908967+00:00
DEU,2022,GDP_PER_CAPITA,50506.5179638543,Germany,NY.GDP.PCAP.CD,GDP per capita current USD,USD,annual,log,world_bank,2026-05-13T21:09:18.908967+00:00
DEU,2023,GDP_PER_CAPITA,54776.7668235491,Germany,NY.GDP.PCAP.CD,GDP per capita current USD,USD,annual,log,world_bank,2026-05-13T21:09:18.908967+00:00
DEU,2024,GDP_PER_CAPITA,56103.7323182554,Germany,NY.GDP.PCAP.CD,GDP per capita current USD,USD,annual,log,world_bank,2026-05-13T21:09:18.908967+00:00
DEU,2025,GDP_PER_CAPITA,,Germany,NY.GDP.PCAP.CD,GDP per capita current USD,USD,annual,log,world_bank,2026-05-13T21:09:18.908967+00:00
DEU,1960,HIGH_TECH_EXPORTS,,Germany,TX.VAL.TECH.MF.ZS,High technology exports percentage manufactured exports,percent,annual,none,world_bank,2026-05-13T21:09:53.375182+00:00
DEU,1961,HIGH_TECH_EXPORTS,,Germany,TX.VAL.TECH.MF.ZS,High technology exports percentage manufactured exports,percent,annual,none,world_bank,2026-05-13T21:09:53.375182+00:00
DEU,1962,HIGH_TECH_EXPORTS,,Germany,TX.VAL.TECH.MF.ZS,High technology exports percentage manufactured exports,percent,annual,none,world_bank,2026-05-13T21:09:53.375182+00:00
DEU,1963,HIGH_TECH_EXPORTS,,Germany,TX.VAL.TECH.MF.ZS,High technology exports percentage manufactured exports,percent,annual,none,world_bank,2026-05-13T21:09:53.375182+00:00
DEU,1964,HIGH_TECH_EXPORTS,,Germany,TX.VAL.TECH.MF.ZS,High technology exports percentage manufactured exports,percent,annual,none,world_bank,2026-05-13T21:09:53.375182+00:00
DEU,1965,HIGH_TECH_EXPORTS,,Germany,TX.VAL.TECH.MF.ZS,High technology exports percentage manufactured exports,percent,annual,none,world_bank,2026-05-13T21:09:53.375182+00:00
DEU,1966,HIGH_TECH_EXPORTS,,Germany,TX.VAL.TECH.MF.ZS,High technology exports percentage manufactured exports,percent,annual,none,world_bank,2026-05-13T21:09:53.375182+00:00
DEU,1967,HIGH_TECH_EXPORTS,,Germany,TX.VAL.TECH.MF.ZS,High technology exports percentage manufactured exports,percent,annual,none,world_bank,2026-05-13T21:09:53.375182+00:00
DEU,1968,HIGH_TECH_EXPORTS,,Germany,TX.VAL.TECH.MF.ZS,High technology exports percentage manufactured exports,percent,annual,none,world_bank,2026-05-13T21:09:53.375182+00:00
DEU,1969,HIGH_TECH_EXPORTS,,Germany,TX.VAL.TECH.MF.ZS,High technology exports percentage manufactured exports,percent,annual,none,world_bank,2026-05-13T21:09:53.375182+00:00
DEU,1970,HIGH_TECH_EXPORTS,,Germany,TX.VAL.TECH.MF.ZS,High technology exports percentage manufactured exports,percent,annual,none,world_bank,2026-05-13T21:09:53.375182+00:00
DEU,1971,HIGH_TECH_EXPORTS,,Germany,TX.VAL.TECH.MF.ZS,High technology exports percentage manufactured exports,percent,annual,none,world_bank,2026-05-13T21:09:53.375182+00:00
DEU,1972,HIGH_TECH_EXPORTS,,Germany,TX.VAL.TECH.MF.ZS,High technology exports percentage manufactured exports,percent,annual,none,world_bank,2026-05-13T21:09:53.375182+00:00
DEU,1973,HIGH_TECH_EXPORTS,,Germany,TX.VAL.TECH.MF.ZS,High technology exports percentage manufactured exports,percent,annual,none,world_bank,2026-05-13T21:09:53.375182+00:00
DEU,1974,HIGH_TECH_EXPORTS,,Germany,TX.VAL.TECH.MF.ZS,High technology exports percentage manufactured exports,percent,annual,none,world_bank,2026-05-13T21:09:53.375182+00:00
DEU,1975,HIGH_TECH_EXPORTS,,Germany,TX.VAL.TECH.MF.ZS,High technology exports percentage manufactured exports,percent,annual,none,world_bank,2026-05-13T21:09:53.375182+00:00
DEU,1976,HIGH_TECH_EXPORTS,,Germany,TX.VAL.TECH.MF.ZS,High technology exports percentage manufactured exports,percent,annual,none,world_bank,2026-05-13T21:09:53.375182+00:00
DEU,1977,HIGH_TECH_EXPORTS,,Germany,TX.VAL.TECH.MF.ZS,High technology exports percentage manufactured exports,percent,annual,none,world_bank,2026-05-13T21:09:53.375182+00:00
DEU,1978,HIGH_TECH_EXPORTS,,Germany,TX.VAL.TECH.MF.ZS,High technology exports percentage manufactured exports,percent,annual,none,world_bank,2026-05-13T21:09:53.375182+00:00
DEU,1979,HIGH_TECH_EXPORTS,,Germany,TX.VAL.TECH.MF.ZS,High technology exports percentage manufactured exports,percent,annual,none,world_bank,2026-05-13T21:09:53.375182+00:00
DEU,1980,HIGH_TECH_EXPORTS,,Germany,TX.VAL.TECH.MF.ZS,High technology exports percentage manufactured exports,percent,annual,none,world_bank,2026-05-13T21:09:53.375182+00:00
DEU,1981,HIGH_TECH_EXPORTS,,Germany,TX.VAL.TECH.MF.ZS,High technology exports percentage manufactured exports,percent,annual,none,world_bank,2026-05-13T21:09:53.375182+00:00
DEU,1982,HIGH_TECH_EXPORTS,,Germany,TX.VAL.TECH.MF.ZS,High technology exports percentage manufactured exports,percent,annual,none,world_bank,2026-05-13T21:09:53.375182+00:00
DEU,1983,HIGH_TECH_EXPORTS,,Germany,TX.VAL.TECH.MF.ZS,High technology exports percentage manufactured exports,percent,annual,none,world_bank,2026-05-13T21:09:53.375182+00:00
DEU,1984,HIGH_TECH_EXPORTS,,Germany,TX.VAL.TECH.MF.ZS,High technology exports percentage manufactured exports,percent,annual,none,world_bank,2026-05-13T21:09:53.375182+00:00
DEU,1985,HIGH_TECH_EXPORTS,,Germany,TX.VAL.TECH.MF.ZS,High technology exports percentage manufactured exports,percent,annual,none,world_bank,2026-05-13T21:09:53.375182+00:00
DEU,1986,HIGH_TECH_EXPORTS,,Germany,TX.VAL.TECH.MF.ZS,High technology exports percentage manufactured exports,percent,annual,none,world_bank,2026-05-13T21:09:53.375182+00:00
DEU,1987,HIGH_TECH_EXPORTS,,Germany,TX.VAL.TECH.MF.ZS,High technology exports percentage manufactured exports,percent,annual,none,world_bank,2026-05-13T21:09:53.375182+00:00
DEU,1988,HIGH_TECH_EXPORTS,,Germany,TX.VAL.TECH.MF.ZS,High technology exports percentage manufactured exports,percent,annual,none,world_bank,2026-05-13T21:09:53.375182+00:00
DEU,1989,HIGH_TECH_EXPORTS,,Germany,TX.VAL.TECH.MF.ZS,High technology exports percentage manufactured exports,percent,annual,none,world_bank,2026-05-13T21:09:53.375182+00:00
DEU,1990,HIGH_TECH_EXPORTS,,Germany,TX.VAL.TECH.MF.ZS,High technology exports percentage manufactured exports,percent,annual,none,world_bank,2026-05-13T21:09:53.375182+00:00
DEU,1991,HIGH_TECH_EXPORTS,,Germany,TX.VAL.TECH.MF.ZS,High technology exports percentage manufactured exports,percent,annual,none,world_bank,2026-05-13T21:09:53.375182+00:00
DEU,1992,HIGH_TECH_EXPORTS,,Germany,TX.VAL.TECH.MF.ZS,High technology exports percentage manufactured exports,percent,annual,none,world_bank,2026-05-13T21:09:53.375182+00:00
DEU,1993,HIGH_TECH_EXPORTS,,Germany,TX.VAL.TECH.MF.ZS,High technology exports percentage manufactured exports,percent,annual,none,world_bank,2026-05-13T21:09:53.375182+00:00
DEU,1994,HIGH_TECH_EXPORTS,,Germany,TX.VAL.TECH.MF.ZS,High technology exports percentage manufactured exports,percent,annual,none,world_bank,2026-05-13T21:09:53.375182+00:00
DEU,1995,HIGH_TECH_EXPORTS,,Germany,TX.VAL.TECH.MF.ZS,High technology exports percentage manufactured exports,percent,annual,none,world_bank,2026-05-13T21:09:53.375182+00:00
DEU,1996,HIGH_TECH_EXPORTS,,Germany,TX.VAL.TECH.MF.ZS,High technology exports percentage manufactured exports,percent,annual,none,world_bank,2026-05-13T21:09:53.375182+00:00
DEU,1997,HIGH_TECH_EXPORTS,,Germany,TX.VAL.TECH.MF.ZS,High technology exports percentage manufactured exports,percent,annual,none,world_bank,2026-05-13T21:09:53.375182+00:00
DEU,1998,HIGH_TECH_EXPORTS,,Germany,TX.VAL.TECH.MF.ZS,High technology exports percentage manufactured exports,percent,annual,none,world_bank,2026-05-13T21:09:53.375182+00:00
DEU,1999,HIGH_TECH_EXPORTS,,Germany,TX.VAL.TECH.MF.ZS,High technology exports percentage manufactured exports,percent,annual,none,world_bank,2026-05-13T21:09:53.375182+00:00
DEU,2000,HIGH_TECH_EXPORTS,,Germany,TX.VAL.TECH.MF.ZS,High technology exports percentage manufactured exports,percent,annual,none,world_bank,2026-05-13T21:09:53.375182+00:00
DEU,2001,HIGH_TECH_EXPORTS,,Germany,TX.VAL.TECH.MF.ZS,High technology exports percentage manufactured exports,percent,annual,none,world_bank,2026-05-13T21:09:53.375182+00:00
DEU,2002,HIGH_TECH_EXPORTS,,Germany,TX.VAL.TECH.MF.ZS,High technology exports percentage manufactured exports,percent,annual,none,world_bank,2026-05-13T21:09:53.375182+00:00
DEU,2003,HIGH_TECH_EXPORTS,,Germany,TX.VAL.TECH.MF.ZS,High technology exports percentage manufactured exports,percent,annual,none,world_bank,2026-05-13T21:09:53.375182+00:00
DEU,2004,HIGH_TECH_EXPORTS,,Germany,TX.VAL.TECH.MF.ZS,High technology exports percentage manufactured exports,percent,annual,none,world_bank,2026-05-13T21:09:53.375182+00:00
DEU,2005,HIGH_TECH_EXPORTS,,Germany,TX.VAL.TECH.MF.ZS,High technology exports percentage manufactured exports,percent,annual,none,world_bank,2026-05-13T21:09:53.375182+00:00
DEU,2006,HIGH_TECH_EXPORTS,,Germany,TX.VAL.TECH.MF.ZS,High technology exports percentage manufactured exports,percent,annual,none,world_bank,2026-05-13T21:09:53.375182+00:00
DEU,2007,HIGH_TECH_EXPORTS,15.4623925898068,Germany,TX.VAL.TECH.MF.ZS,High technology exports percentage manufactured exports,percent,annual,none,world_bank,2026-05-13T21:09:53.375182+00:00
DEU,2008,HIGH_TECH_EXPORTS,15.076241600562,Germany,TX.VAL.TECH.MF.ZS,High technology exports percentage manufactured exports,percent,annual,none,world_bank,2026-05-13T21:09:53.375182+00:00
DEU,2009,HIGH_TECH_EXPORTS,16.7942910292468,Germany,TX.VAL.TECH.MF.ZS,High technology exports percentage manufactured exports,percent,annual,none,world_bank,2026-05-13T21:09:53.375182+00:00
DEU,2010,HIGH_TECH_EXPORTS,16.8896855327149,Germany,TX.VAL.TECH.MF.ZS,High technology exports percentage manufactured exports,percent,annual,none,world_bank,2026-05-13T21:09:53.375182+00:00
DEU,2011,HIGH_TECH_EXPORTS,16.3417186285114,Germany,TX.VAL.TECH.MF.ZS,High technology exports percentage manufactured exports,percent,annual,none,world_bank,2026-05-13T21:09:53.375182+00:00
DEU,2012,HIGH_TECH_EXPORTS,17.2272861923698,Germany,TX.VAL.TECH.MF.ZS,High technology exports percentage manufactured exports,percent,annual,none,world_bank,2026-05-13T21:09:53.375182+00:00
DEU,2013,HIGH_TECH_EXPORTS,17.2979906043683,Germany,TX.VAL.TECH.MF.ZS,High technology exports percentage manufactured exports,percent,annual,none,world_bank,2026-05-13T21:09:53.375182+00:00
DEU,2014,HIGH_TECH_EXPORTS,17.2097149731509,Germany,TX.VAL.TECH.MF.ZS,High technology exports percentage manufactured exports,percent,annual,none,world_bank,2026-05-13T21:09:53.375182+00:00
DEU,2015,HIGH_TECH_EXPORTS,17.8243752766447,Germany,TX.VAL.TECH.MF.ZS,High technology exports percentage manufactured exports,percent,annual,none,world_bank,2026-05-13T21:09:53.375182+00:00
DEU,2016,HIGH_TECH_EXPORTS,18.0827014214761,Germany,TX.VAL.TECH.MF.ZS,High technology exports percentage manufactured exports,percent,annual,none,world_bank,2026-05-13T21:09:53.375182+00:00
DEU,2017,HIGH_TECH_EXPORTS,15.850578794452,Germany,TX.VAL.TECH.MF.ZS,High technology exports percentage manufactured exports,percent,annual,none,world_bank,2026-05-13T21:09:53.375182+00:00
DEU,2018,HIGH_TECH_EXPORTS,15.7474335584013,Germany,TX.VAL.TECH.MF.ZS,High technology exports percentage manufactured exports,percent,annual,none,world_bank,2026-05-13T21:09:53.375182+00:00
DEU,2019,HIGH_TECH_EXPORTS,16.3869405629417,Germany,TX.VAL.TECH.MF.ZS,High technology exports percentage manufactured exports,percent,annual,none,world_bank,2026-05-13T21:09:53.375182+00:00
DEU,2020,HIGH_TECH_EXPORTS,15.5031959869375,Germany,TX.VAL.TECH.MF.ZS,High technology exports percentage manufactured exports,percent,annual,none,world_bank,2026-05-13T21:09:53.375182+00:00
DEU,2021,HIGH_TECH_EXPORTS,15.3851048227765,Germany,TX.VAL.TECH.MF.ZS,High technology exports percentage manufactured exports,percent,annual,none,world_bank,2026-05-13T21:09:53.375182+00:00
DEU,2022,HIGH_TECH_EXPORTS,17.4981505573659,Germany,TX.VAL.TECH.MF.ZS,High technology exports percentage manufactured exports,percent,annual,none,world_bank,2026-05-13T21:09:53.375182+00:00
DEU,2023,HIGH_TECH_EXPORTS,17.7818374796623,Germany,TX.VAL.TECH.MF.ZS,High technology exports percentage manufactured exports,percent,annual,none,world_bank,2026-05-13T21:09:53.375182+00:00
DEU,2024,HIGH_TECH_EXPORTS,17.9772990379432,Germany,TX.VAL.TECH.MF.ZS,High technology exports percentage manufactured exports,percent,annual,none,world_bank,2026-05-13T21:09:53.375182+00:00
DEU,2025,HIGH_TECH_EXPORTS,,Germany,TX.VAL.TECH.MF.ZS,High technology exports percentage manufactured exports,percent,annual,none,world_bank,2026-05-13T21:09:53.375182+00:00
DEU,1960,IMPORTS_PERCENT_GDP,,Germany,NE.IMP.GNFS.ZS,Imports of goods and services percentage of GDP,percent,annual,none,world_bank,2026-05-13T21:09:51.160904+00:00
DEU,1961,IMPORTS_PERCENT_GDP,,Germany,NE.IMP.GNFS.ZS,Imports of goods and services percentage of GDP,percent,annual,none,world_bank,2026-05-13T21:09:51.160904+00:00
DEU,1962,IMPORTS_PERCENT_GDP,,Germany,NE.IMP.GNFS.ZS,Imports of goods and services percentage of GDP,percent,annual,none,world_bank,2026-05-13T21:09:51.160904+00:00
DEU,1963,IMPORTS_PERCENT_GDP,,Germany,NE.IMP.GNFS.ZS,Imports of goods and services percentage of GDP,percent,annual,none,world_bank,2026-05-13T21:09:51.160904+00:00
DEU,1964,IMPORTS_PERCENT_GDP,,Germany,NE.IMP.GNFS.ZS,Imports of goods and services percentage of GDP,percent,annual,none,world_bank,2026-05-13T21:09:51.160904+00:00
DEU,1965,IMPORTS_PERCENT_GDP,,Germany,NE.IMP.GNFS.ZS,Imports of goods and services percentage of GDP,percent,annual,none,world_bank,2026-05-13T21:09:51.160904+00:00
DEU,1966,IMPORTS_PERCENT_GDP,,Germany,NE.IMP.GNFS.ZS,Imports of goods and services percentage of GDP,percent,annual,none,world_bank,2026-05-13T21:09:51.160904+00:00
DEU,1967,IMPORTS_PERCENT_GDP,,Germany,NE.IMP.GNFS.ZS,Imports of goods and services percentage of GDP,percent,annual,none,world_bank,2026-05-13T21:09:51.160904+00:00
DEU,1968,IMPORTS_PERCENT_GDP,,Germany,NE.IMP.GNFS.ZS,Imports of goods and services percentage of GDP,percent,annual,none,world_bank,2026-05-13T21:09:51.160904+00:00
DEU,1969,IMPORTS_PERCENT_GDP,,Germany,NE.IMP.GNFS.ZS,Imports of goods and services percentage of GDP,percent,annual,none,world_bank,2026-05-13T21:09:51.160904+00:00
DEU,1970,IMPORTS_PERCENT_GDP,16.5251634425266,Germany,NE.IMP.GNFS.ZS,Imports of goods and services percentage of GDP,percent,annual,none,world_bank,2026-05-13T21:09:51.160904+00:00
DEU,1971,IMPORTS_PERCENT_GDP,16.2275656527685,Germany,NE.IMP.GNFS.ZS,Imports of goods and services percentage of GDP,percent,annual,none,world_bank,2026-05-13T21:09:51.160904+00:00
DEU,1972,IMPORTS_PERCENT_GDP,16.123979879369,Germany,NE.IMP.GNFS.ZS,Imports of goods and services percentage of GDP,percent,annual,none,world_bank,2026-05-13T21:09:51.160904+00:00
DEU,1973,IMPORTS_PERCENT_GDP,16.2917172407491,Germany,NE.IMP.GNFS.ZS,Imports of goods and services percentage of GDP,percent,annual,none,world_bank,2026-05-13T21:09:51.160904+00:00
DEU,1974,IMPORTS_PERCENT_GDP,18.6515578565261,Germany,NE.IMP.GNFS.ZS,Imports of goods and services percentage of GDP,percent,annual,none,world_bank,2026-05-13T21:09:51.160904+00:00
DEU,1975,IMPORTS_PERCENT_GDP,18.7315524797613,Germany,NE.IMP.GNFS.ZS,Imports of goods and services percentage of GDP,percent,annual,none,world_bank,2026-05-13T21:09:51.160904+00:00
DEU,1976,IMPORTS_PERCENT_GDP,20.2286113296667,Germany,NE.IMP.GNFS.ZS,Imports of goods and services percentage of GDP,percent,annual,none,world_bank,2026-05-13T21:09:51.160904+00:00
DEU,1977,IMPORTS_PERCENT_GDP,20.0547831357242,Germany,NE.IMP.GNFS.ZS,Imports of goods and services percentage of GDP,percent,annual,none,world_bank,2026-05-13T21:09:51.160904+00:00
DEU,1978,IMPORTS_PERCENT_GDP,19.4766248118585,Germany,NE.IMP.GNFS.ZS,Imports of goods and services percentage of GDP,percent,annual,none,world_bank,2026-05-13T21:09:51.160904+00:00
DEU,1979,IMPORTS_PERCENT_GDP,21.3263411041524,Germany,NE.IMP.GNFS.ZS,Imports of goods and services percentage of GDP,percent,annual,none,world_bank,2026-05-13T21:09:51.160904+00:00
DEU,1980,IMPORTS_PERCENT_GDP,23.1529332883341,Germany,NE.IMP.GNFS.ZS,Imports of goods and services percentage of GDP,percent,annual,none,world_bank,2026-05-13T21:09:51.160904+00:00
DEU,1981,IMPORTS_PERCENT_GDP,23.9655690477422,Germany,NE.IMP.GNFS.ZS,Imports of goods and services percentage of GDP,percent,annual,none,world_bank,2026-05-13T21:09:51.160904+00:00
DEU,1982,IMPORTS_PERCENT_GDP,23.4369613217397,Germany,NE.IMP.GNFS.ZS,Imports of goods and services percentage of GDP,percent,annual,none,world_bank,2026-05-13T21:09:51.160904+00:00
DEU,1983,IMPORTS_PERCENT_GDP,23.2040762040753,Germany,NE.IMP.GNFS.ZS,Imports of goods and services percentage of GDP,percent,annual,none,world_bank,2026-05-13T21:09:51.160904+00:00
DEU,1984,IMPORTS_PERCENT_GDP,24.4327563924466,Germany,NE.IMP.GNFS.ZS,Imports of goods and services percentage of GDP,percent,annual,none,world_bank,2026-05-13T21:09:51.160904+00:00
DEU,1985,IMPORTS_PERCENT_GDP,24.8904358052568,Germany,NE.IMP.GNFS.ZS,Imports of goods and services percentage of GDP,percent,annual,none,world_bank,2026-05-13T21:09:51.160904+00:00
DEU,1986,IMPORTS_PERCENT_GDP,21.5829962584816,Germany,NE.IMP.GNFS.ZS,Imports of goods and services percentage of GDP,percent,annual,none,world_bank,2026-05-13T21:09:51.160904+00:00
DEU,1987,IMPORTS_PERCENT_GDP,20.9341818413324,Germany,NE.IMP.GNFS.ZS,Imports of goods and services percentage of GDP,percent,annual,none,world_bank,2026-05-13T21:09:51.160904+00:00
DEU,1988,IMPORTS_PERCENT_GDP,21.3627006956187,Germany,NE.IMP.GNFS.ZS,Imports of goods and services percentage of GDP,percent,annual,none,world_bank,2026-05-13T21:09:51.160904+00:00
DEU,1989,IMPORTS_PERCENT_GDP,22.8374734351419,Germany,NE.IMP.GNFS.ZS,Imports of goods and services percentage of GDP,percent,annual,none,world_bank,2026-05-13T21:09:51.160904+00:00
DEU,1990,IMPORTS_PERCENT_GDP,22.9485429079431,Germany,NE.IMP.GNFS.ZS,Imports of goods and services percentage of GDP,percent,annual,none,world_bank,2026-05-13T21:09:51.160904+00:00
DEU,1991,IMPORTS_PERCENT_GDP,24.0694014237156,Germany,NE.IMP.GNFS.ZS,Imports of goods and services percentage of GDP,percent,annual,none,world_bank,2026-05-13T21:09:51.160904+00:00
DEU,1992,IMPORTS_PERCENT_GDP,22.5944943826796,Germany,NE.IMP.GNFS.ZS,Imports of goods and services percentage of GDP,percent,annual,none,world_bank,2026-05-13T21:09:51.160904+00:00
DEU,1993,IMPORTS_PERCENT_GDP,19.8703722671765,Germany,NE.IMP.GNFS.ZS,Imports of goods and services percentage of GDP,percent,annual,none,world_bank,2026-05-13T21:09:51.160904+00:00
DEU,1994,IMPORTS_PERCENT_GDP,20.4900381932732,Germany,NE.IMP.GNFS.ZS,Imports of goods and services percentage of GDP,percent,annual,none,world_bank,2026-05-13T21:09:51.160904+00:00
DEU,1995,IMPORTS_PERCENT_GDP,21.1246203807509,Germany,NE.IMP.GNFS.ZS,Imports of goods and services percentage of GDP,percent,annual,none,world_bank,2026-05-13T21:09:51.160904+00:00
DEU,1996,IMPORTS_PERCENT_GDP,21.6214170158045,Germany,NE.IMP.GNFS.ZS,Imports of goods and services percentage of GDP,percent,annual,none,world_bank,2026-05-13T21:09:51.160904+00:00
DEU,1997,IMPORTS_PERCENT_GDP,23.6789210951718,Germany,NE.IMP.GNFS.ZS,Imports of goods and services percentage of GDP,percent,annual,none,world_bank,2026-05-13T21:09:51.160904+00:00
DEU,1998,IMPORTS_PERCENT_GDP,24.4953048741291,Germany,NE.IMP.GNFS.ZS,Imports of goods and services percentage of GDP,percent,annual,none,world_bank,2026-05-13T21:09:51.160904+00:00
DEU,1999,IMPORTS_PERCENT_GDP,25.4893512545493,Germany,NE.IMP.GNFS.ZS,Imports of goods and services percentage of GDP,percent,annual,none,world_bank,2026-05-13T21:09:51.160904+00:00
DEU,2000,IMPORTS_PERCENT_GDP,29.5149460477259,Germany,NE.IMP.GNFS.ZS,Imports of goods and services percentage of GDP,percent,annual,none,world_bank,2026-05-13T21:09:51.160904+00:00
DEU,2001,IMPORTS_PERCENT_GDP,28.9988749869052,Germany,NE.IMP.GNFS.ZS,Imports of goods and services percentage of GDP,percent,annual,none,world_bank,2026-05-13T21:09:51.160904+00:00
DEU,2002,IMPORTS_PERCENT_GDP,27.1421182354634,Germany,NE.IMP.GNFS.ZS,Imports of goods and services percentage of GDP,percent,annual,none,world_bank,2026-05-13T21:09:51.160904+00:00
DEU,2003,IMPORTS_PERCENT_GDP,27.6466991846698,Germany,NE.IMP.GNFS.ZS,Imports of goods and services percentage of GDP,percent,annual,none,world_bank,2026-05-13T21:09:51.160904+00:00
DEU,2004,IMPORTS_PERCENT_GDP,28.9712783030388,Germany,NE.IMP.GNFS.ZS,Imports of goods and services percentage of GDP,percent,annual,none,world_bank,2026-05-13T21:09:51.160904+00:00
DEU,2005,IMPORTS_PERCENT_GDP,30.9999527026155,Germany,NE.IMP.GNFS.ZS,Imports of goods and services percentage of GDP,percent,annual,none,world_bank,2026-05-13T21:09:51.160904+00:00
DEU,2006,IMPORTS_PERCENT_GDP,33.7897435474697,Germany,NE.IMP.GNFS.ZS,Imports of goods and services percentage of GDP,percent,annual,none,world_bank,2026-05-13T21:09:51.160904+00:00
DEU,2007,IMPORTS_PERCENT_GDP,34.2470360551014,Germany,NE.IMP.GNFS.ZS,Imports of goods and services percentage of GDP,percent,annual,none,world_bank,2026-05-13T21:09:51.160904+00:00
DEU,2008,IMPORTS_PERCENT_GDP,35.1642927763703,Germany,NE.IMP.GNFS.ZS,Imports of goods and services percentage of GDP,percent,annual,none,world_bank,2026-05-13T21:09:51.160904+00:00
DEU,2009,IMPORTS_PERCENT_GDP,30.6846112824132,Germany,NE.IMP.GNFS.ZS,Imports of goods and services percentage of GDP,percent,annual,none,world_bank,2026-05-13T21:09:51.160904+00:00
DEU,2010,IMPORTS_PERCENT_GDP,34.389888577044,Germany,NE.IMP.GNFS.ZS,Imports of goods and services percentage of GDP,percent,annual,none,world_bank,2026-05-13T21:09:51.160904+00:00
DEU,2011,IMPORTS_PERCENT_GDP,36.7893742423305,Germany,NE.IMP.GNFS.ZS,Imports of goods and services percentage of GDP,percent,annual,none,world_bank,2026-05-13T21:09:51.160904+00:00
DEU,2012,IMPORTS_PERCENT_GDP,36.6460661312909,Germany,NE.IMP.GNFS.ZS,Imports of goods and services percentage of GDP,percent,annual,none,world_bank,2026-05-13T21:09:51.160904+00:00
DEU,2013,IMPORTS_PERCENT_GDP,35.9057450252575,Germany,NE.IMP.GNFS.ZS,Imports of goods and services percentage of GDP,percent,annual,none,world_bank,2026-05-13T21:09:51.160904+00:00
DEU,2014,IMPORTS_PERCENT_GDP,35.1546840812607,Germany,NE.IMP.GNFS.ZS,Imports of goods and services percentage of GDP,percent,annual,none,world_bank,2026-05-13T21:09:51.160904+00:00
DEU,2015,IMPORTS_PERCENT_GDP,35.1711839535087,Germany,NE.IMP.GNFS.ZS,Imports of goods and services percentage of GDP,percent,annual,none,world_bank,2026-05-13T21:09:51.160904+00:00
DEU,2016,IMPORTS_PERCENT_GDP,34.3704482647463,Germany,NE.IMP.GNFS.ZS,Imports of goods and services percentage of GDP,percent,annual,none,world_bank,2026-05-13T21:09:51.160904+00:00
DEU,2017,IMPORTS_PERCENT_GDP,35.2518818760857,Germany,NE.IMP.GNFS.ZS,Imports of goods and services percentage of GDP,percent,annual,none,world_bank,2026-05-13T21:09:51.160904+00:00
DEU,2018,IMPORTS_PERCENT_GDP,36.6283346388937,Germany,NE.IMP.GNFS.ZS,Imports of goods and services percentage of GDP,percent,annual,none,world_bank,2026-05-13T21:09:51.160904+00:00
DEU,2019,IMPORTS_PERCENT_GDP,36.7329982359327,Germany,NE.IMP.GNFS.ZS,Imports of goods and services percentage of GDP,percent,annual,none,world_bank,2026-05-13T21:09:51.160904+00:00
DEU,2020,IMPORTS_PERCENT_GDP,33.8137258311309,Germany,NE.IMP.GNFS.ZS,Imports of goods and services percentage of GDP,percent,annual,none,world_bank,2026-05-13T21:09:51.160904+00:00
DEU,2021,IMPORTS_PERCENT_GDP,37.3996969318423,Germany,NE.IMP.GNFS.ZS,Imports of goods and services percentage of GDP,percent,annual,none,world_bank,2026-05-13T21:09:51.160904+00:00
DEU,2022,IMPORTS_PERCENT_GDP,43.1573498705316,Germany,NE.IMP.GNFS.ZS,Imports of goods and services percentage of GDP,percent,annual,none,world_bank,2026-05-13T21:09:51.160904+00:00
DEU,2023,IMPORTS_PERCENT_GDP,38.9952859590786,Germany,NE.IMP.GNFS.ZS,Imports of goods and services percentage of GDP,percent,annual,none,world_bank,2026-05-13T21:09:51.160904+00:00
DEU,2024,IMPORTS_PERCENT_GDP,37.6566712174028,Germany,NE.IMP.GNFS.ZS,Imports of goods and services percentage of GDP,percent,annual,none,world_bank,2026-05-13T21:09:51.160904+00:00
DEU,2025,IMPORTS_PERCENT_GDP,,Germany,NE.IMP.GNFS.ZS,Imports of goods and services percentage of GDP,percent,annual,none,world_bank,2026-05-13T21:09:51.160904+00:00
DEU,1960,INFLATION,1.53661234295201,Germany,FP.CPI.TOTL.ZG,Inflation consumer prices annual percentage,percent,annual,none,world_bank,2026-05-13T21:09:27.204564+00:00
DEU,1961,INFLATION,2.29369500700884,Germany,FP.CPI.TOTL.ZG,Inflation consumer prices annual percentage,percent,annual,none,world_bank,2026-05-13T21:09:27.204564+00:00
DEU,1962,INFLATION,2.84327019799061,Germany,FP.CPI.TOTL.ZG,Inflation consumer prices annual percentage,percent,annual,none,world_bank,2026-05-13T21:09:27.204564+00:00
DEU,1963,INFLATION,2.9669597758771,Germany,FP.CPI.TOTL.ZG,Inflation consumer prices annual percentage,percent,annual,none,world_bank,2026-05-13T21:09:27.204564+00:00
DEU,1964,INFLATION,2.33573581177832,Germany,FP.CPI.TOTL.ZG,Inflation consumer prices annual percentage,percent,annual,none,world_bank,2026-05-13T21:09:27.204564+00:00
DEU,1965,INFLATION,3.24231923668133,Germany,FP.CPI.TOTL.ZG,Inflation consumer prices annual percentage,percent,annual,none,world_bank,2026-05-13T21:09:27.204564+00:00
DEU,1966,INFLATION,3.53306035477689,Germany,FP.CPI.TOTL.ZG,Inflation consumer prices annual percentage,percent,annual,none,world_bank,2026-05-13T21:09:27.204564+00:00
DEU,1967,INFLATION,1.79604992213174,Germany,FP.CPI.TOTL.ZG,Inflation consumer prices annual percentage,percent,annual,none,world_bank,2026-05-13T21:09:27.204564+00:00
DEU,1968,INFLATION,1.470289313277,Germany,FP.CPI.TOTL.ZG,Inflation consumer prices annual percentage,percent,annual,none,world_bank,2026-05-13T21:09:27.204564+00:00
DEU,1969,INFLATION,1.91267848797595,Germany,FP.CPI.TOTL.ZG,Inflation consumer prices annual percentage,percent,annual,none,world_bank,2026-05-13T21:09:27.204564+00:00
DEU,1970,INFLATION,3.45024936360894,Germany,FP.CPI.TOTL.ZG,Inflation consumer prices annual percentage,percent,annual,none,world_bank,2026-05-13T21:09:27.204564+00:00
DEU,1971,INFLATION,5.24097448273094,Germany,FP.CPI.TOTL.ZG,Inflation consumer prices annual percentage,percent,annual,none,world_bank,2026-05-13T21:09:27.204564+00:00
DEU,1972,INFLATION,5.4849331221432,Germany,FP.CPI.TOTL.ZG,Inflation consumer prices annual percentage,percent,annual,none,world_bank,2026-05-13T21:09:27.204564+00:00
DEU,1973,INFLATION,7.03202399303898,Germany,FP.CPI.TOTL.ZG,Inflation consumer prices annual percentage,percent,annual,none,world_bank,2026-05-13T21:09:27.204564+00:00
DEU,1974,INFLATION,6.98643109327497,Germany,FP.CPI.TOTL.ZG,Inflation consumer prices annual percentage,percent,annual,none,world_bank,2026-05-13T21:09:27.204564+00:00
DEU,1975,INFLATION,5.91033626324104,Germany,FP.CPI.TOTL.ZG,Inflation consumer prices annual percentage,percent,annual,none,world_bank,2026-05-13T21:09:27.204564+00:00
DEU,1976,INFLATION,4.24663102299209,Germany,FP.CPI.TOTL.ZG,Inflation consumer prices annual percentage,percent,annual,none,world_bank,2026-05-13T21:09:27.204564+00:00
DEU,1977,INFLATION,3.73416240635147,Germany,FP.CPI.TOTL.ZG,Inflation consumer prices annual percentage,percent,annual,none,world_bank,2026-05-13T21:09:27.204564+00:00
DEU,1978,INFLATION,2.71869696123338,Germany,FP.CPI.TOTL.ZG,Inflation consumer prices annual percentage,percent,annual,none,world_bank,2026-05-13T21:09:27.204564+00:00
DEU,1979,INFLATION,4.04362006473399,Germany,FP.CPI.TOTL.ZG,Inflation consumer prices annual percentage,percent,annual,none,world_bank,2026-05-13T21:09:27.204564+00:00
DEU,1980,INFLATION,5.44105754460346,Germany,FP.CPI.TOTL.ZG,Inflation consumer prices annual percentage,percent,annual,none,world_bank,2026-05-13T21:09:27.204564+00:00
DEU,1981,INFLATION,6.34424277746325,Germany,FP.CPI.TOTL.ZG,Inflation consumer prices annual percentage,percent,annual,none,world_bank,2026-05-13T21:09:27.204564+00:00
DEU,1982,INFLATION,5.24104507228422,Germany,FP.CPI.TOTL.ZG,Inflation consumer prices annual percentage,percent,annual,none,world_bank,2026-05-13T21:09:27.204564+00:00
DEU,1983,INFLATION,3.29341474302853,Germany,FP.CPI.TOTL.ZG,Inflation consumer prices annual percentage,percent,annual,none,world_bank,2026-05-13T21:09:27.204564+00:00
DEU,1984,INFLATION,2.40579339931959,Germany,FP.CPI.TOTL.ZG,Inflation consumer prices annual percentage,percent,annual,none,world_bank,2026-05-13T21:09:27.204564+00:00
DEU,1985,INFLATION,2.0662330121658,Germany,FP.CPI.TOTL.ZG,Inflation consumer prices annual percentage,percent,annual,none,world_bank,2026-05-13T21:09:27.204564+00:00
DEU,1986,INFLATION,-0.129413360854742,Germany,FP.CPI.TOTL.ZG,Inflation consumer prices annual percentage,percent,annual,none,world_bank,2026-05-13T21:09:27.204564+00:00
DEU,1987,INFLATION,0.249906108705029,Germany,FP.CPI.TOTL.ZG,Inflation consumer prices annual percentage,percent,annual,none,world_bank,2026-05-13T21:09:27.204564+00:00
DEU,1988,INFLATION,1.27411894006923,Germany,FP.CPI.TOTL.ZG,Inflation consumer prices annual percentage,percent,annual,none,world_bank,2026-05-13T21:09:27.204564+00:00
DEU,1989,INFLATION,2.78056955569751,Germany,FP.CPI.TOTL.ZG,Inflation consumer prices annual percentage,percent,annual,none,world_bank,2026-05-13T21:09:27.204564+00:00
DEU,1990,INFLATION,2.69646824292392,Germany,FP.CPI.TOTL.ZG,Inflation consumer prices annual percentage,percent,annual,none,world_bank,2026-05-13T21:09:27.204564+00:00
DEU,1991,INFLATION,4.04703259753466,Germany,FP.CPI.TOTL.ZG,Inflation consumer prices annual percentage,percent,annual,none,world_bank,2026-05-13T21:09:27.204564+00:00
DEU,1992,INFLATION,5.0569779673173,Germany,FP.CPI.TOTL.ZG,Inflation consumer prices annual percentage,percent,annual,none,world_bank,2026-05-13T21:09:27.204564+00:00
DEU,1993,INFLATION,4.47457650752808,Germany,FP.CPI.TOTL.ZG,Inflation consumer prices annual percentage,percent,annual,none,world_bank,2026-05-13T21:09:27.204564+00:00
DEU,1994,INFLATION,2.69305639854954,Germany,FP.CPI.TOTL.ZG,Inflation consumer prices annual percentage,percent,annual,none,world_bank,2026-05-13T21:09:27.204564+00:00
DEU,1995,INFLATION,1.70616041317076,Germany,FP.CPI.TOTL.ZG,Inflation consumer prices annual percentage,percent,annual,none,world_bank,2026-05-13T21:09:27.204564+00:00
DEU,1996,INFLATION,1.44972701963238,Germany,FP.CPI.TOTL.ZG,Inflation consumer prices annual percentage,percent,annual,none,world_bank,2026-05-13T21:09:27.204564+00:00
DEU,1997,INFLATION,1.93937198922729,Germany,FP.CPI.TOTL.ZG,Inflation consumer prices annual percentage,percent,annual,none,world_bank,2026-05-13T21:09:27.204564+00:00
DEU,1998,INFLATION,0.911183535014403,Germany,FP.CPI.TOTL.ZG,Inflation consumer prices annual percentage,percent,annual,none,world_bank,2026-05-13T21:09:27.204564+00:00
DEU,1999,INFLATION,0.585433064230783,Germany,FP.CPI.TOTL.ZG,Inflation consumer prices annual percentage,percent,annual,none,world_bank,2026-05-13T21:09:27.204564+00:00
DEU,2000,INFLATION,1.44026838719741,Germany,FP.CPI.TOTL.ZG,Inflation consumer prices annual percentage,percent,annual,none,world_bank,2026-05-13T21:09:27.204564+00:00
DEU,2001,INFLATION,1.98385731334471,Germany,FP.CPI.TOTL.ZG,Inflation consumer prices annual percentage,percent,annual,none,world_bank,2026-05-13T21:09:27.204564+00:00
DEU,2002,INFLATION,1.42080615551526,Germany,FP.CPI.TOTL.ZG,Inflation consumer prices annual percentage,percent,annual,none,world_bank,2026-05-13T21:09:27.204564+00:00
DEU,2003,INFLATION,1.03422218628562,Germany,FP.CPI.TOTL.ZG,Inflation consumer prices annual percentage,percent,annual,none,world_bank,2026-05-13T21:09:27.204564+00:00
DEU,2004,INFLATION,1.66573696655991,Germany,FP.CPI.TOTL.ZG,Inflation consumer prices annual percentage,percent,annual,none,world_bank,2026-05-13T21:09:27.204564+00:00
DEU,2005,INFLATION,1.54691114751328,Germany,FP.CPI.TOTL.ZG,Inflation consumer prices annual percentage,percent,annual,none,world_bank,2026-05-13T21:09:27.204564+00:00
DEU,2006,INFLATION,1.57742642840563,Germany,FP.CPI.TOTL.ZG,Inflation consumer prices annual percentage,percent,annual,none,world_bank,2026-05-13T21:09:27.204564+00:00
DEU,2007,INFLATION,2.2983440070095,Germany,FP.CPI.TOTL.ZG,Inflation consumer prices annual percentage,percent,annual,none,world_bank,2026-05-13T21:09:27.204564+00:00
DEU,2008,INFLATION,2.62837981637219,Germany,FP.CPI.TOTL.ZG,Inflation consumer prices annual percentage,percent,annual,none,world_bank,2026-05-13T21:09:27.204564+00:00
DEU,2009,INFLATION,0.312739007368446,Germany,FP.CPI.TOTL.ZG,Inflation consumer prices annual percentage,percent,annual,none,world_bank,2026-05-13T21:09:27.204564+00:00
DEU,2010,INFLATION,1.1038103778926,Germany,FP.CPI.TOTL.ZG,Inflation consumer prices annual percentage,percent,annual,none,world_bank,2026-05-13T21:09:27.204564+00:00
DEU,2011,INFLATION,2.07517283735874,Germany,FP.CPI.TOTL.ZG,Inflation consumer prices annual percentage,percent,annual,none,world_bank,2026-05-13T21:09:27.204564+00:00
DEU,2012,INFLATION,2.00848884782956,Germany,FP.CPI.TOTL.ZG,Inflation consumer prices annual percentage,percent,annual,none,world_bank,2026-05-13T21:09:27.204564+00:00
DEU,2013,INFLATION,1.50472330251876,Germany,FP.CPI.TOTL.ZG,Inflation consumer prices annual percentage,percent,annual,none,world_bank,2026-05-13T21:09:27.204564+00:00
DEU,2014,INFLATION,0.906794000434245,Germany,FP.CPI.TOTL.ZG,Inflation consumer prices annual percentage,percent,annual,none,world_bank,2026-05-13T21:09:27.204564+00:00
DEU,2015,INFLATION,0.514426137125456,Germany,FP.CPI.TOTL.ZG,Inflation consumer prices annual percentage,percent,annual,none,world_bank,2026-05-13T21:09:27.204564+00:00
DEU,2016,INFLATION,0.491747008445174,Germany,FP.CPI.TOTL.ZG,Inflation consumer prices annual percentage,percent,annual,none,world_bank,2026-05-13T21:09:27.204564+00:00
DEU,2017,INFLATION,1.50949485109628,Germany,FP.CPI.TOTL.ZG,Inflation consumer prices annual percentage,percent,annual,none,world_bank,2026-05-13T21:09:27.204564+00:00
DEU,2018,INFLATION,1.73216879766941,Germany,FP.CPI.TOTL.ZG,Inflation consumer prices annual percentage,percent,annual,none,world_bank,2026-05-13T21:09:27.204564+00:00
DEU,2019,INFLATION,1.44565976888253,Germany,FP.CPI.TOTL.ZG,Inflation consumer prices annual percentage,percent,annual,none,world_bank,2026-05-13T21:09:27.204564+00:00
DEU,2020,INFLATION,0.144877925813981,Germany,FP.CPI.TOTL.ZG,Inflation consumer prices annual percentage,percent,annual,none,world_bank,2026-05-13T21:09:27.204564+00:00
DEU,2021,INFLATION,3.06666666666673,Germany,FP.CPI.TOTL.ZG,Inflation consumer prices annual percentage,percent,annual,none,world_bank,2026-05-13T21:09:27.204564+00:00
DEU,2022,INFLATION,6.87257438551096,Germany,FP.CPI.TOTL.ZG,Inflation consumer prices annual percentage,percent,annual,none,world_bank,2026-05-13T21:09:27.204564+00:00
DEU,2023,INFLATION,5.94643667725823,Germany,FP.CPI.TOTL.ZG,Inflation consumer prices annual percentage,percent,annual,none,world_bank,2026-05-13T21:09:27.204564+00:00
DEU,2024,INFLATION,2.2564981433876,Germany,FP.CPI.TOTL.ZG,Inflation consumer prices annual percentage,percent,annual,none,world_bank,2026-05-13T21:09:27.204564+00:00
DEU,2025,INFLATION,,Germany,FP.CPI.TOTL.ZG,Inflation consumer prices annual percentage,percent,annual,none,world_bank,2026-05-13T21:09:27.204564+00:00
DEU,1960,MILITARY_EXPENDITURE,3.75239529712865,Germany,MS.MIL.XPND.GD.ZS,Military expenditure percentage GDP,percent,annual,none,world_bank,2026-05-13T21:09:54.255830+00:00
DEU,1961,MILITARY_EXPENDITURE,3.72257751371672,Germany,MS.MIL.XPND.GD.ZS,Military expenditure percentage GDP,percent,annual,none,world_bank,2026-05-13T21:09:54.255830+00:00
DEU,1962,MILITARY_EXPENDITURE,4.47513526890496,Germany,MS.MIL.XPND.GD.ZS,Military expenditure percentage GDP,percent,annual,none,world_bank,2026-05-13T21:09:54.255830+00:00
DEU,1963,MILITARY_EXPENDITURE,4.87658326540949,Germany,MS.MIL.XPND.GD.ZS,Military expenditure percentage GDP,percent,annual,none,world_bank,2026-05-13T21:09:54.255830+00:00
DEU,1964,MILITARY_EXPENDITURE,4.36398517673384,Germany,MS.MIL.XPND.GD.ZS,Military expenditure percentage GDP,percent,annual,none,world_bank,2026-05-13T21:09:54.255830+00:00
DEU,1965,MILITARY_EXPENDITURE,4.07211656897412,Germany,MS.MIL.XPND.GD.ZS,Military expenditure percentage GDP,percent,annual,none,world_bank,2026-05-13T21:09:54.255830+00:00
DEU,1966,MILITARY_EXPENDITURE,3.89118320865712,Germany,MS.MIL.XPND.GD.ZS,Military expenditure percentage GDP,percent,annual,none,world_bank,2026-05-13T21:09:54.255830+00:00
DEU,1967,MILITARY_EXPENDITURE,4.05878248265452,Germany,MS.MIL.XPND.GD.ZS,Military expenditure percentage GDP,percent,annual,none,world_bank,2026-05-13T21:09:54.255830+00:00
DEU,1968,MILITARY_EXPENDITURE,3.3906038798747,Germany,MS.MIL.XPND.GD.ZS,Military expenditure percentage GDP,percent,annual,none,world_bank,2026-05-13T21:09:54.255830+00:00
DEU,1969,MILITARY_EXPENDITURE,3.38287545977261,Germany,MS.MIL.XPND.GD.ZS,Military expenditure percentage GDP,percent,annual,none,world_bank,2026-05-13T21:09:54.255830+00:00
DEU,1970,MILITARY_EXPENDITURE,2.99867169564358,Germany,MS.MIL.XPND.GD.ZS,Military expenditure percentage GDP,percent,annual,none,world_bank,2026-05-13T21:09:54.255830+00:00
DEU,1971,MILITARY_EXPENDITURE,3.04603413911262,Germany,MS.MIL.XPND.GD.ZS,Military expenditure percentage GDP,percent,annual,none,world_bank,2026-05-13T21:09:54.255830+00:00
DEU,1972,MILITARY_EXPENDITURE,3.15283099924127,Germany,MS.MIL.XPND.GD.ZS,Military expenditure percentage GDP,percent,annual,none,world_bank,2026-05-13T21:09:54.255830+00:00
DEU,1973,MILITARY_EXPENDITURE,3.14497732538136,Germany,MS.MIL.XPND.GD.ZS,Military expenditure percentage GDP,percent,annual,none,world_bank,2026-05-13T21:09:54.255830+00:00
DEU,1974,MILITARY_EXPENDITURE,3.24603091379624,Germany,MS.MIL.XPND.GD.ZS,Military expenditure percentage GDP,percent,annual,none,world_bank,2026-05-13T21:09:54.255830+00:00
DEU,1975,MILITARY_EXPENDITURE,3.26800346106044,Germany,MS.MIL.XPND.GD.ZS,Military expenditure percentage GDP,percent,annual,none,world_bank,2026-05-13T21:09:54.255830+00:00
DEU,1976,MILITARY_EXPENDITURE,3.12103802490174,Germany,MS.MIL.XPND.GD.ZS,Military expenditure percentage GDP,percent,annual,none,world_bank,2026-05-13T21:09:54.255830+00:00
DEU,1977,MILITARY_EXPENDITURE,3.0242158535872,Germany,MS.MIL.XPND.GD.ZS,Military expenditure percentage GDP,percent,annual,none,world_bank,2026-05-13T21:09:54.255830+00:00
DEU,1978,MILITARY_EXPENDITURE,3.03531502721566,Germany,MS.MIL.XPND.GD.ZS,Military expenditure percentage GDP,percent,annual,none,world_bank,2026-05-13T21:09:54.255830+00:00
DEU,1979,MILITARY_EXPENDITURE,2.95044791851167,Germany,MS.MIL.XPND.GD.ZS,Military expenditure percentage GDP,percent,annual,none,world_bank,2026-05-13T21:09:54.255830+00:00
DEU,1980,MILITARY_EXPENDITURE,2.94762841980312,Germany,MS.MIL.XPND.GD.ZS,Military expenditure percentage GDP,percent,annual,none,world_bank,2026-05-13T21:09:54.255830+00:00
DEU,1981,MILITARY_EXPENDITURE,3.02778521542503,Germany,MS.MIL.XPND.GD.ZS,Military expenditure percentage GDP,percent,annual,none,world_bank,2026-05-13T21:09:54.255830+00:00
DEU,1982,MILITARY_EXPENDITURE,3.02023629678599,Germany,MS.MIL.XPND.GD.ZS,Military expenditure percentage GDP,percent,annual,none,world_bank,2026-05-13T21:09:54.255830+00:00
DEU,1983,MILITARY_EXPENDITURE,3.01294853266969,Germany,MS.MIL.XPND.GD.ZS,Military expenditure percentage GDP,percent,annual,none,world_bank,2026-05-13T21:09:54.255830+00:00
DEU,1984,MILITARY_EXPENDITURE,2.91266607299653,Germany,MS.MIL.XPND.GD.ZS,Military expenditure percentage GDP,percent,annual,none,world_bank,2026-05-13T21:09:54.255830+00:00
DEU,1985,MILITARY_EXPENDITURE,2.85409355351334,Germany,MS.MIL.XPND.GD.ZS,Military expenditure percentage GDP,percent,annual,none,world_bank,2026-05-13T21:09:54.255830+00:00
DEU,1986,MILITARY_EXPENDITURE,2.77739964953778,Germany,MS.MIL.XPND.GD.ZS,Military expenditure percentage GDP,percent,annual,none,world_bank,2026-05-13T21:09:54.255830+00:00
DEU,1987,MILITARY_EXPENDITURE,2.75945364827544,Germany,MS.MIL.XPND.GD.ZS,Military expenditure percentage GDP,percent,annual,none,world_bank,2026-05-13T21:09:54.255830+00:00
DEU,1988,MILITARY_EXPENDITURE,2.62867334017811,Germany,MS.MIL.XPND.GD.ZS,Military expenditure percentage GDP,percent,annual,none,world_bank,2026-05-13T21:09:54.255830+00:00
DEU,1989,MILITARY_EXPENDITURE,2.52069658026011,Germany,MS.MIL.XPND.GD.ZS,Military expenditure percentage GDP,percent,annual,none,world_bank,2026-05-13T21:09:54.255830+00:00
DEU,1990,MILITARY_EXPENDITURE,2.50676361181222,Germany,MS.MIL.XPND.GD.ZS,Military expenditure percentage GDP,percent,annual,none,world_bank,2026-05-13T21:09:54.255830+00:00
DEU,1991,MILITARY_EXPENDITURE,1.97382250348754,Germany,MS.MIL.XPND.GD.ZS,Military expenditure percentage GDP,percent,annual,none,world_bank,2026-05-13T21:09:54.255830+00:00
DEU,1992,MILITARY_EXPENDITURE,1.8360797299954,Germany,MS.MIL.XPND.GD.ZS,Military expenditure percentage GDP,percent,annual,none,world_bank,2026-05-13T21:09:54.255830+00:00
DEU,1993,MILITARY_EXPENDITURE,1.6772597330503,Germany,MS.MIL.XPND.GD.ZS,Military expenditure percentage GDP,percent,annual,none,world_bank,2026-05-13T21:09:54.255830+00:00
DEU,1994,MILITARY_EXPENDITURE,1.5366036133542,Germany,MS.MIL.XPND.GD.ZS,Military expenditure percentage GDP,percent,annual,none,world_bank,2026-05-13T21:09:54.255830+00:00
DEU,1995,MILITARY_EXPENDITURE,1.48727246874621,Germany,MS.MIL.XPND.GD.ZS,Military expenditure percentage GDP,percent,annual,none,world_bank,2026-05-13T21:09:54.255830+00:00
DEU,1996,MILITARY_EXPENDITURE,1.45737175283167,Germany,MS.MIL.XPND.GD.ZS,Military expenditure percentage GDP,percent,annual,none,world_bank,2026-05-13T21:09:54.255830+00:00
DEU,1997,MILITARY_EXPENDITURE,1.40270759051929,Germany,MS.MIL.XPND.GD.ZS,Military expenditure percentage GDP,percent,annual,none,world_bank,2026-05-13T21:09:54.255830+00:00
DEU,1998,MILITARY_EXPENDITURE,1.38165698909139,Germany,MS.MIL.XPND.GD.ZS,Military expenditure percentage GDP,percent,annual,none,world_bank,2026-05-13T21:09:54.255830+00:00
DEU,1999,MILITARY_EXPENDITURE,1.38034779906259,Germany,MS.MIL.XPND.GD.ZS,Military expenditure percentage GDP,percent,annual,none,world_bank,2026-05-13T21:09:54.255830+00:00
DEU,2000,MILITARY_EXPENDITURE,1.34421581953972,Germany,MS.MIL.XPND.GD.ZS,Military expenditure percentage GDP,percent,annual,none,world_bank,2026-05-13T21:09:54.255830+00:00
DEU,2001,MILITARY_EXPENDITURE,1.30789826898647,Germany,MS.MIL.XPND.GD.ZS,Military expenditure percentage GDP,percent,annual,none,world_bank,2026-05-13T21:09:54.255830+00:00
DEU,2002,MILITARY_EXPENDITURE,1.31344033426945,Germany,MS.MIL.XPND.GD.ZS,Military expenditure percentage GDP,percent,annual,none,world_bank,2026-05-13T21:09:54.255830+00:00
DEU,2003,MILITARY_EXPENDITURE,1.2986963477858,Germany,MS.MIL.XPND.GD.ZS,Military expenditure percentage GDP,percent,annual,none,world_bank,2026-05-13T21:09:54.255830+00:00
DEU,2004,MILITARY_EXPENDITURE,1.25072808117217,Germany,MS.MIL.XPND.GD.ZS,Military expenditure percentage GDP,percent,annual,none,world_bank,2026-05-13T21:09:54.255830+00:00
DEU,2005,MILITARY_EXPENDITURE,1.23275583821682,Germany,MS.MIL.XPND.GD.ZS,Military expenditure percentage GDP,percent,annual,none,world_bank,2026-05-13T21:09:54.255830+00:00
DEU,2006,MILITARY_EXPENDITURE,1.17898651377886,Germany,MS.MIL.XPND.GD.ZS,Military expenditure percentage GDP,percent,annual,none,world_bank,2026-05-13T21:09:54.255830+00:00
DEU,2007,MILITARY_EXPENDITURE,1.15279236258074,Germany,MS.MIL.XPND.GD.ZS,Military expenditure percentage GDP,percent,annual,none,world_bank,2026-05-13T21:09:54.255830+00:00
DEU,2008,MILITARY_EXPENDITURE,1.1888700534429,Germany,MS.MIL.XPND.GD.ZS,Military expenditure percentage GDP,percent,annual,none,world_bank,2026-05-13T21:09:54.255830+00:00
DEU,2009,MILITARY_EXPENDITURE,1.2847898688108,Germany,MS.MIL.XPND.GD.ZS,Military expenditure percentage GDP,percent,annual,none,world_bank,2026-05-13T21:09:54.255830+00:00
DEU,2010,MILITARY_EXPENDITURE,1.24181027958074,Germany,MS.MIL.XPND.GD.ZS,Military expenditure percentage GDP,percent,annual,none,world_bank,2026-05-13T21:09:54.255830+00:00
DEU,2011,MILITARY_EXPENDITURE,1.18233731589884,Germany,MS.MIL.XPND.GD.ZS,Military expenditure percentage GDP,percent,annual,none,world_bank,2026-05-13T21:09:54.255830+00:00
DEU,2012,MILITARY_EXPENDITURE,1.21725965761789,Germany,MS.MIL.XPND.GD.ZS,Military expenditure percentage GDP,percent,annual,none,world_bank,2026-05-13T21:09:54.255830+00:00
DEU,2013,MILITARY_EXPENDITURE,1.16213791467872,Germany,MS.MIL.XPND.GD.ZS,Military expenditure percentage GDP,percent,annual,none,world_bank,2026-05-13T21:09:54.255830+00:00
DEU,2014,MILITARY_EXPENDITURE,1.12769949450115,Germany,MS.MIL.XPND.GD.ZS,Military expenditure percentage GDP,percent,annual,none,world_bank,2026-05-13T21:09:54.255830+00:00
DEU,2015,MILITARY_EXPENDITURE,1.11541840455009,Germany,MS.MIL.XPND.GD.ZS,Military expenditure percentage GDP,percent,annual,none,world_bank,2026-05-13T21:09:54.255830+00:00
DEU,2016,MILITARY_EXPENDITURE,1.12912506140277,Germany,MS.MIL.XPND.GD.ZS,Military expenditure percentage GDP,percent,annual,none,world_bank,2026-05-13T21:09:54.255830+00:00
DEU,2017,MILITARY_EXPENDITURE,1.13126090102098,Germany,MS.MIL.XPND.GD.ZS,Military expenditure percentage GDP,percent,annual,none,world_bank,2026-05-13T21:09:54.255830+00:00
DEU,2018,MILITARY_EXPENDITURE,1.14814145777047,Germany,MS.MIL.XPND.GD.ZS,Military expenditure percentage GDP,percent,annual,none,world_bank,2026-05-13T21:09:54.255830+00:00
DEU,2019,MILITARY_EXPENDITURE,1.24014846331417,Germany,MS.MIL.XPND.GD.ZS,Military expenditure percentage GDP,percent,annual,none,world_bank,2026-05-13T21:09:54.255830+00:00
DEU,2020,MILITARY_EXPENDITURE,1.35598993512329,Germany,MS.MIL.XPND.GD.ZS,Military expenditure percentage GDP,percent,annual,none,world_bank,2026-05-13T21:09:54.255830+00:00
DEU,2021,MILITARY_EXPENDITURE,1.29982374349238,Germany,MS.MIL.XPND.GD.ZS,Military expenditure percentage GDP,percent,annual,none,world_bank,2026-05-13T21:09:54.255830+00:00
DEU,2022,MILITARY_EXPENDITURE,1.35030514561756,Germany,MS.MIL.XPND.GD.ZS,Military expenditure percentage GDP,percent,annual,none,world_bank,2026-05-13T21:09:54.255830+00:00
DEU,2023,MILITARY_EXPENDITURE,1.48796332620564,Germany,MS.MIL.XPND.GD.ZS,Military expenditure percentage GDP,percent,annual,none,world_bank,2026-05-13T21:09:54.255830+00:00
DEU,2024,MILITARY_EXPENDITURE,1.89190377205494,Germany,MS.MIL.XPND.GD.ZS,Military expenditure percentage GDP,percent,annual,none,world_bank,2026-05-13T21:09:54.255830+00:00
DEU,2025,MILITARY_EXPENDITURE,,Germany,MS.MIL.XPND.GD.ZS,Military expenditure percentage GDP,percent,annual,none,world_bank,2026-05-13T21:09:54.255830+00:00
DEU,1960,UNEMPLOYMENT,,Germany,SL.UEM.TOTL.ZS,Unemployment total percentage of labor force,percent,annual,none,world_bank,2026-05-13T21:09:43.692868+00:00
DEU,1961,UNEMPLOYMENT,,Germany,SL.UEM.TOTL.ZS,Unemployment total percentage of labor force,percent,annual,none,world_bank,2026-05-13T21:09:43.692868+00:00
DEU,1962,UNEMPLOYMENT,,Germany,SL.UEM.TOTL.ZS,Unemployment total percentage of labor force,percent,annual,none,world_bank,2026-05-13T21:09:43.692868+00:00
DEU,1963,UNEMPLOYMENT,,Germany,SL.UEM.TOTL.ZS,Unemployment total percentage of labor force,percent,annual,none,world_bank,2026-05-13T21:09:43.692868+00:00
DEU,1964,UNEMPLOYMENT,,Germany,SL.UEM.TOTL.ZS,Unemployment total percentage of labor force,percent,annual,none,world_bank,2026-05-13T21:09:43.692868+00:00
DEU,1965,UNEMPLOYMENT,,Germany,SL.UEM.TOTL.ZS,Unemployment total percentage of labor force,percent,annual,none,world_bank,2026-05-13T21:09:43.692868+00:00
DEU,1966,UNEMPLOYMENT,,Germany,SL.UEM.TOTL.ZS,Unemployment total percentage of labor force,percent,annual,none,world_bank,2026-05-13T21:09:43.692868+00:00
DEU,1967,UNEMPLOYMENT,,Germany,SL.UEM.TOTL.ZS,Unemployment total percentage of labor force,percent,annual,none,world_bank,2026-05-13T21:09:43.692868+00:00
DEU,1968,UNEMPLOYMENT,,Germany,SL.UEM.TOTL.ZS,Unemployment total percentage of labor force,percent,annual,none,world_bank,2026-05-13T21:09:43.692868+00:00
DEU,1969,UNEMPLOYMENT,,Germany,SL.UEM.TOTL.ZS,Unemployment total percentage of labor force,percent,annual,none,world_bank,2026-05-13T21:09:43.692868+00:00
DEU,1970,UNEMPLOYMENT,,Germany,SL.UEM.TOTL.ZS,Unemployment total percentage of labor force,percent,annual,none,world_bank,2026-05-13T21:09:43.692868+00:00
DEU,1971,UNEMPLOYMENT,,Germany,SL.UEM.TOTL.ZS,Unemployment total percentage of labor force,percent,annual,none,world_bank,2026-05-13T21:09:43.692868+00:00
DEU,1972,UNEMPLOYMENT,,Germany,SL.UEM.TOTL.ZS,Unemployment total percentage of labor force,percent,annual,none,world_bank,2026-05-13T21:09:43.692868+00:00
DEU,1973,UNEMPLOYMENT,,Germany,SL.UEM.TOTL.ZS,Unemployment total percentage of labor force,percent,annual,none,world_bank,2026-05-13T21:09:43.692868+00:00
DEU,1974,UNEMPLOYMENT,,Germany,SL.UEM.TOTL.ZS,Unemployment total percentage of labor force,percent,annual,none,world_bank,2026-05-13T21:09:43.692868+00:00
DEU,1975,UNEMPLOYMENT,,Germany,SL.UEM.TOTL.ZS,Unemployment total percentage of labor force,percent,annual,none,world_bank,2026-05-13T21:09:43.692868+00:00
DEU,1976,UNEMPLOYMENT,,Germany,SL.UEM.TOTL.ZS,Unemployment total percentage of labor force,percent,annual,none,world_bank,2026-05-13T21:09:43.692868+00:00
DEU,1977,UNEMPLOYMENT,,Germany,SL.UEM.TOTL.ZS,Unemployment total percentage of labor force,percent,annual,none,world_bank,2026-05-13T21:09:43.692868+00:00
DEU,1978,UNEMPLOYMENT,,Germany,SL.UEM.TOTL.ZS,Unemployment total percentage of labor force,percent,annual,none,world_bank,2026-05-13T21:09:43.692868+00:00
DEU,1979,UNEMPLOYMENT,,Germany,SL.UEM.TOTL.ZS,Unemployment total percentage of labor force,percent,annual,none,world_bank,2026-05-13T21:09:43.692868+00:00
DEU,1980,UNEMPLOYMENT,,Germany,SL.UEM.TOTL.ZS,Unemployment total percentage of labor force,percent,annual,none,world_bank,2026-05-13T21:09:43.692868+00:00
DEU,1981,UNEMPLOYMENT,,Germany,SL.UEM.TOTL.ZS,Unemployment total percentage of labor force,percent,annual,none,world_bank,2026-05-13T21:09:43.692868+00:00
DEU,1982,UNEMPLOYMENT,,Germany,SL.UEM.TOTL.ZS,Unemployment total percentage of labor force,percent,annual,none,world_bank,2026-05-13T21:09:43.692868+00:00
DEU,1983,UNEMPLOYMENT,,Germany,SL.UEM.TOTL.ZS,Unemployment total percentage of labor force,percent,annual,none,world_bank,2026-05-13T21:09:43.692868+00:00
DEU,1984,UNEMPLOYMENT,,Germany,SL.UEM.TOTL.ZS,Unemployment total percentage of labor force,percent,annual,none,world_bank,2026-05-13T21:09:43.692868+00:00
DEU,1985,UNEMPLOYMENT,,Germany,SL.UEM.TOTL.ZS,Unemployment total percentage of labor force,percent,annual,none,world_bank,2026-05-13T21:09:43.692868+00:00
DEU,1986,UNEMPLOYMENT,,Germany,SL.UEM.TOTL.ZS,Unemployment total percentage of labor force,percent,annual,none,world_bank,2026-05-13T21:09:43.692868+00:00
DEU,1987,UNEMPLOYMENT,,Germany,SL.UEM.TOTL.ZS,Unemployment total percentage of labor force,percent,annual,none,world_bank,2026-05-13T21:09:43.692868+00:00
DEU,1988,UNEMPLOYMENT,,Germany,SL.UEM.TOTL.ZS,Unemployment total percentage of labor force,percent,annual,none,world_bank,2026-05-13T21:09:43.692868+00:00
DEU,1989,UNEMPLOYMENT,,Germany,SL.UEM.TOTL.ZS,Unemployment total percentage of labor force,percent,annual,none,world_bank,2026-05-13T21:09:43.692868+00:00
DEU,1990,UNEMPLOYMENT,,Germany,SL.UEM.TOTL.ZS,Unemployment total percentage of labor force,percent,annual,none,world_bank,2026-05-13T21:09:43.692868+00:00
DEU,1991,UNEMPLOYMENT,5.316,Germany,SL.UEM.TOTL.ZS,Unemployment total percentage of labor force,percent,annual,none,world_bank,2026-05-13T21:09:43.692868+00:00
DEU,1992,UNEMPLOYMENT,6.323,Germany,SL.UEM.TOTL.ZS,Unemployment total percentage of labor force,percent,annual,none,world_bank,2026-05-13T21:09:43.692868+00:00
DEU,1993,UNEMPLOYMENT,7.675,Germany,SL.UEM.TOTL.ZS,Unemployment total percentage of labor force,percent,annual,none,world_bank,2026-05-13T21:09:43.692868+00:00
DEU,1994,UNEMPLOYMENT,8.727,Germany,SL.UEM.TOTL.ZS,Unemployment total percentage of labor force,percent,annual,none,world_bank,2026-05-13T21:09:43.692868+00:00
DEU,1995,UNEMPLOYMENT,8.158,Germany,SL.UEM.TOTL.ZS,Unemployment total percentage of labor force,percent,annual,none,world_bank,2026-05-13T21:09:43.692868+00:00
DEU,1996,UNEMPLOYMENT,8.822,Germany,SL.UEM.TOTL.ZS,Unemployment total percentage of labor force,percent,annual,none,world_bank,2026-05-13T21:09:43.692868+00:00
DEU,1997,UNEMPLOYMENT,9.861,Germany,SL.UEM.TOTL.ZS,Unemployment total percentage of labor force,percent,annual,none,world_bank,2026-05-13T21:09:43.692868+00:00
DEU,1998,UNEMPLOYMENT,9.787,Germany,SL.UEM.TOTL.ZS,Unemployment total percentage of labor force,percent,annual,none,world_bank,2026-05-13T21:09:43.692868+00:00
DEU,1999,UNEMPLOYMENT,8.854,Germany,SL.UEM.TOTL.ZS,Unemployment total percentage of labor force,percent,annual,none,world_bank,2026-05-13T21:09:43.692868+00:00
DEU,2000,UNEMPLOYMENT,7.917,Germany,SL.UEM.TOTL.ZS,Unemployment total percentage of labor force,percent,annual,none,world_bank,2026-05-13T21:09:43.692868+00:00
DEU,2001,UNEMPLOYMENT,7.773,Germany,SL.UEM.TOTL.ZS,Unemployment total percentage of labor force,percent,annual,none,world_bank,2026-05-13T21:09:43.692868+00:00
DEU,2002,UNEMPLOYMENT,8.482,Germany,SL.UEM.TOTL.ZS,Unemployment total percentage of labor force,percent,annual,none,world_bank,2026-05-13T21:09:43.692868+00:00
DEU,2003,UNEMPLOYMENT,9.779,Germany,SL.UEM.TOTL.ZS,Unemployment total percentage of labor force,percent,annual,none,world_bank,2026-05-13T21:09:43.692868+00:00
DEU,2004,UNEMPLOYMENT,10.727,Germany,SL.UEM.TOTL.ZS,Unemployment total percentage of labor force,percent,annual,none,world_bank,2026-05-13T21:09:43.692868+00:00
DEU,2005,UNEMPLOYMENT,11.193,Germany,SL.UEM.TOTL.ZS,Unemployment total percentage of labor force,percent,annual,none,world_bank,2026-05-13T21:09:43.692868+00:00
DEU,2006,UNEMPLOYMENT,10.277,Germany,SL.UEM.TOTL.ZS,Unemployment total percentage of labor force,percent,annual,none,world_bank,2026-05-13T21:09:43.692868+00:00
DEU,2007,UNEMPLOYMENT,8.732,Germany,SL.UEM.TOTL.ZS,Unemployment total percentage of labor force,percent,annual,none,world_bank,2026-05-13T21:09:43.692868+00:00
DEU,2008,UNEMPLOYMENT,7.508,Germany,SL.UEM.TOTL.ZS,Unemployment total percentage of labor force,percent,annual,none,world_bank,2026-05-13T21:09:43.692868+00:00
DEU,2009,UNEMPLOYMENT,7.88,Germany,SL.UEM.TOTL.ZS,Unemployment total percentage of labor force,percent,annual,none,world_bank,2026-05-13T21:09:43.692868+00:00
DEU,2010,UNEMPLOYMENT,7.043,Germany,SL.UEM.TOTL.ZS,Unemployment total percentage of labor force,percent,annual,none,world_bank,2026-05-13T21:09:43.692868+00:00
DEU,2011,UNEMPLOYMENT,5.967,Germany,SL.UEM.TOTL.ZS,Unemployment total percentage of labor force,percent,annual,none,world_bank,2026-05-13T21:09:43.692868+00:00
DEU,2012,UNEMPLOYMENT,5.372,Germany,SL.UEM.TOTL.ZS,Unemployment total percentage of labor force,percent,annual,none,world_bank,2026-05-13T21:09:43.692868+00:00
DEU,2013,UNEMPLOYMENT,5.316,Germany,SL.UEM.TOTL.ZS,Unemployment total percentage of labor force,percent,annual,none,world_bank,2026-05-13T21:09:43.692868+00:00
DEU,2014,UNEMPLOYMENT,4.979,Germany,SL.UEM.TOTL.ZS,Unemployment total percentage of labor force,percent,annual,none,world_bank,2026-05-13T21:09:43.692868+00:00
DEU,2015,UNEMPLOYMENT,4.612,Germany,SL.UEM.TOTL.ZS,Unemployment total percentage of labor force,percent,annual,none,world_bank,2026-05-13T21:09:43.692868+00:00
DEU,2016,UNEMPLOYMENT,4.104,Germany,SL.UEM.TOTL.ZS,Unemployment total percentage of labor force,percent,annual,none,world_bank,2026-05-13T21:09:43.692868+00:00
DEU,2017,UNEMPLOYMENT,3.781,Germany,SL.UEM.TOTL.ZS,Unemployment total percentage of labor force,percent,annual,none,world_bank,2026-05-13T21:09:43.692868+00:00
DEU,2018,UNEMPLOYMENT,3.384,Germany,SL.UEM.TOTL.ZS,Unemployment total percentage of labor force,percent,annual,none,world_bank,2026-05-13T21:09:43.692868+00:00
DEU,2019,UNEMPLOYMENT,3.163,Germany,SL.UEM.TOTL.ZS,Unemployment total percentage of labor force,percent,annual,none,world_bank,2026-05-13T21:09:43.692868+00:00
DEU,2020,UNEMPLOYMENT,3.881,Germany,SL.UEM.TOTL.ZS,Unemployment total percentage of labor force,percent,annual,none,world_bank,2026-05-13T21:09:43.692868+00:00
DEU,2021,UNEMPLOYMENT,3.594,Germany,SL.UEM.TOTL.ZS,Unemployment total percentage of labor force,percent,annual,none,world_bank,2026-05-13T21:09:43.692868+00:00
DEU,2022,UNEMPLOYMENT,3.137,Germany,SL.UEM.TOTL.ZS,Unemployment total percentage of labor force,percent,annual,none,world_bank,2026-05-13T21:09:43.692868+00:00
DEU,2023,UNEMPLOYMENT,3.071,Germany,SL.UEM.TOTL.ZS,Unemployment total percentage of labor force,percent,annual,none,world_bank,2026-05-13T21:09:43.692868+00:00
DEU,2024,UNEMPLOYMENT,3.4,Germany,SL.UEM.TOTL.ZS,Unemployment total percentage of labor force,percent,annual,none,world_bank,2026-05-13T21:09:43.692868+00:00
DEU,2025,UNEMPLOYMENT,3.711,Germany,SL.UEM.TOTL.ZS,Unemployment total percentage of labor force,percent,annual,none,world_bank,2026-05-13T21:09:43.692868+00:00
IDN,1960,EXPORTS_PERCENT_GDP,11.5325474115838,Indonesia,NE.EXP.GNFS.ZS,Exports of goods and services percentage of GDP,percent,annual,none,world_bank,2026-05-13T21:11:04.572393+00:00
IDN,1961,EXPORTS_PERCENT_GDP,11.0614762816422,Indonesia,NE.EXP.GNFS.ZS,Exports of goods and services percentage of GDP,percent,annual,none,world_bank,2026-05-13T21:11:04.572393+00:00
IDN,1962,EXPORTS_PERCENT_GDP,5.1681521983372,Indonesia,NE.EXP.GNFS.ZS,Exports of goods and services percentage of GDP,percent,annual,none,world_bank,2026-05-13T21:11:04.572393+00:00
IDN,1963,EXPORTS_PERCENT_GDP,9.06881077038145,Indonesia,NE.EXP.GNFS.ZS,Exports of goods and services percentage of GDP,percent,annual,none,world_bank,2026-05-13T21:11:04.572393+00:00
IDN,1964,EXPORTS_PERCENT_GDP,12.2520501857433,Indonesia,NE.EXP.GNFS.ZS,Exports of goods and services percentage of GDP,percent,annual,none,world_bank,2026-05-13T21:11:04.572393+00:00
IDN,1965,EXPORTS_PERCENT_GDP,5.2762547448334,Indonesia,NE.EXP.GNFS.ZS,Exports of goods and services percentage of GDP,percent,annual,none,world_bank,2026-05-13T21:11:04.572393+00:00
IDN,1966,EXPORTS_PERCENT_GDP,12.7572016460905,Indonesia,NE.EXP.GNFS.ZS,Exports of goods and services percentage of GDP,percent,annual,none,world_bank,2026-05-13T21:11:04.572393+00:00
IDN,1967,EXPORTS_PERCENT_GDP,8.77565463552725,Indonesia,NE.EXP.GNFS.ZS,Exports of goods and services percentage of GDP,percent,annual,none,world_bank,2026-05-13T21:11:04.572393+00:00
IDN,1968,EXPORTS_PERCENT_GDP,10.8694615347928,Indonesia,NE.EXP.GNFS.ZS,Exports of goods and services percentage of GDP,percent,annual,none,world_bank,2026-05-13T21:11:04.572393+00:00
IDN,1969,EXPORTS_PERCENT_GDP,9.0139808682855,Indonesia,NE.EXP.GNFS.ZS,Exports of goods and services percentage of GDP,percent,annual,none,world_bank,2026-05-13T21:11:04.572393+00:00
IDN,1970,EXPORTS_PERCENT_GDP,12.8443113772455,Indonesia,NE.EXP.GNFS.ZS,Exports of goods and services percentage of GDP,percent,annual,none,world_bank,2026-05-13T21:11:04.572393+00:00
IDN,1971,EXPORTS_PERCENT_GDP,14.4199346405229,Indonesia,NE.EXP.GNFS.ZS,Exports of goods and services percentage of GDP,percent,annual,none,world_bank,2026-05-13T21:11:04.572393+00:00
IDN,1972,EXPORTS_PERCENT_GDP,16.5162138475022,Indonesia,NE.EXP.GNFS.ZS,Exports of goods and services percentage of GDP,percent,annual,none,world_bank,2026-05-13T21:11:04.572393+00:00
IDN,1973,EXPORTS_PERCENT_GDP,20.0536026297865,Indonesia,NE.EXP.GNFS.ZS,Exports of goods and services percentage of GDP,percent,annual,none,world_bank,2026-05-13T21:11:04.572393+00:00
IDN,1974,EXPORTS_PERCENT_GDP,28.9979454613373,Indonesia,NE.EXP.GNFS.ZS,Exports of goods and services percentage of GDP,percent,annual,none,world_bank,2026-05-13T21:11:04.572393+00:00
IDN,1975,EXPORTS_PERCENT_GDP,22.547755586316,Indonesia,NE.EXP.GNFS.ZS,Exports of goods and services percentage of GDP,percent,annual,none,world_bank,2026-05-13T21:11:04.572393+00:00
IDN,1976,EXPORTS_PERCENT_GDP,22.1740901420471,Indonesia,NE.EXP.GNFS.ZS,Exports of goods and services percentage of GDP,percent,annual,none,world_bank,2026-05-13T21:11:04.572393+00:00
IDN,1977,EXPORTS_PERCENT_GDP,23.4909813946883,Indonesia,NE.EXP.GNFS.ZS,Exports of goods and services percentage of GDP,percent,annual,none,world_bank,2026-05-13T21:11:04.572393+00:00
IDN,1978,EXPORTS_PERCENT_GDP,21.8671414754243,Indonesia,NE.EXP.GNFS.ZS,Exports of goods and services percentage of GDP,percent,annual,none,world_bank,2026-05-13T21:11:04.572393+00:00
IDN,1979,EXPORTS_PERCENT_GDP,30.0658227531897,Indonesia,NE.EXP.GNFS.ZS,Exports of goods and services percentage of GDP,percent,annual,none,world_bank,2026-05-13T21:11:04.572393+00:00
IDN,1980,EXPORTS_PERCENT_GDP,30.4741702735352,Indonesia,NE.EXP.GNFS.ZS,Exports of goods and services percentage of GDP,percent,annual,none,world_bank,2026-05-13T21:11:04.572393+00:00
IDN,1981,EXPORTS_PERCENT_GDP,27.6304440372406,Indonesia,NE.EXP.GNFS.ZS,Exports of goods and services percentage of GDP,percent,annual,none,world_bank,2026-05-13T21:11:04.572393+00:00
IDN,1982,EXPORTS_PERCENT_GDP,22.379034286615,Indonesia,NE.EXP.GNFS.ZS,Exports of goods and services percentage of GDP,percent,annual,none,world_bank,2026-05-13T21:11:04.572393+00:00
IDN,1983,EXPORTS_PERCENT_GDP,27.7454082629556,Indonesia,NE.EXP.GNFS.ZS,Exports of goods and services percentage of GDP,percent,annual,none,world_bank,2026-05-13T21:11:04.572393+00:00
IDN,1984,EXPORTS_PERCENT_GDP,27.3149786111737,Indonesia,NE.EXP.GNFS.ZS,Exports of goods and services percentage of GDP,percent,annual,none,world_bank,2026-05-13T21:11:04.572393+00:00
IDN,1985,EXPORTS_PERCENT_GDP,23.7776707966994,Indonesia,NE.EXP.GNFS.ZS,Exports of goods and services percentage of GDP,percent,annual,none,world_bank,2026-05-13T21:11:04.572393+00:00
IDN,1986,EXPORTS_PERCENT_GDP,20.4956024570461,Indonesia,NE.EXP.GNFS.ZS,Exports of goods and services percentage of GDP,percent,annual,none,world_bank,2026-05-13T21:11:04.572393+00:00
IDN,1987,EXPORTS_PERCENT_GDP,24.5768000967818,Indonesia,NE.EXP.GNFS.ZS,Exports of goods and services percentage of GDP,percent,annual,none,world_bank,2026-05-13T21:11:04.572393+00:00
IDN,1988,EXPORTS_PERCENT_GDP,25.041659395038,Indonesia,NE.EXP.GNFS.ZS,Exports of goods and services percentage of GDP,percent,annual,none,world_bank,2026-05-13T21:11:04.572393+00:00
IDN,1989,EXPORTS_PERCENT_GDP,26.0875546625977,Indonesia,NE.EXP.GNFS.ZS,Exports of goods and services percentage of GDP,percent,annual,none,world_bank,2026-05-13T21:11:04.572393+00:00
IDN,1990,EXPORTS_PERCENT_GDP,27.3057589781449,Indonesia,NE.EXP.GNFS.ZS,Exports of goods and services percentage of GDP,percent,annual,none,world_bank,2026-05-13T21:11:04.572393+00:00
IDN,1991,EXPORTS_PERCENT_GDP,28.3512610672578,Indonesia,NE.EXP.GNFS.ZS,Exports of goods and services percentage of GDP,percent,annual,none,world_bank,2026-05-13T21:11:04.572393+00:00
IDN,1992,EXPORTS_PERCENT_GDP,30.3074635078275,Indonesia,NE.EXP.GNFS.ZS,Exports of goods and services percentage of GDP,percent,annual,none,world_bank,2026-05-13T21:11:04.572393+00:00
IDN,1993,EXPORTS_PERCENT_GDP,26.7548134217247,Indonesia,NE.EXP.GNFS.ZS,Exports of goods and services percentage of GDP,percent,annual,none,world_bank,2026-05-13T21:11:04.572393+00:00
IDN,1994,EXPORTS_PERCENT_GDP,26.5114278515733,Indonesia,NE.EXP.GNFS.ZS,Exports of goods and services percentage of GDP,percent,annual,none,world_bank,2026-05-13T21:11:04.572393+00:00
IDN,1995,EXPORTS_PERCENT_GDP,26.3121650131426,Indonesia,NE.EXP.GNFS.ZS,Exports of goods and services percentage of GDP,percent,annual,none,world_bank,2026-05-13T21:11:04.572393+00:00
IDN,1996,EXPORTS_PERCENT_GDP,25.8245519820943,Indonesia,NE.EXP.GNFS.ZS,Exports of goods and services percentage of GDP,percent,annual,none,world_bank,2026-05-13T21:11:04.572393+00:00
IDN,1997,EXPORTS_PERCENT_GDP,27.8592432831317,Indonesia,NE.EXP.GNFS.ZS,Exports of goods and services percentage of GDP,percent,annual,none,world_bank,2026-05-13T21:11:04.572393+00:00
IDN,1998,EXPORTS_PERCENT_GDP,52.968134566078,Indonesia,NE.EXP.GNFS.ZS,Exports of goods and services percentage of GDP,percent,annual,none,world_bank,2026-05-13T21:11:04.572393+00:00
IDN,1999,EXPORTS_PERCENT_GDP,35.5141290838601,Indonesia,NE.EXP.GNFS.ZS,Exports of goods and services percentage of GDP,percent,annual,none,world_bank,2026-05-13T21:11:04.572393+00:00
IDN,2000,EXPORTS_PERCENT_GDP,40.9773084738704,Indonesia,NE.EXP.GNFS.ZS,Exports of goods and services percentage of GDP,percent,annual,none,world_bank,2026-05-13T21:11:04.572393+00:00
IDN,2001,EXPORTS_PERCENT_GDP,39.0321390955111,Indonesia,NE.EXP.GNFS.ZS,Exports of goods and services percentage of GDP,percent,annual,none,world_bank,2026-05-13T21:11:04.572393+00:00
IDN,2002,EXPORTS_PERCENT_GDP,32.6876208878375,Indonesia,NE.EXP.GNFS.ZS,Exports of goods and services percentage of GDP,percent,annual,none,world_bank,2026-05-13T21:11:04.572393+00:00
IDN,2003,EXPORTS_PERCENT_GDP,30.4776547809661,Indonesia,NE.EXP.GNFS.ZS,Exports of goods and services percentage of GDP,percent,annual,none,world_bank,2026-05-13T21:11:04.572393+00:00
IDN,2004,EXPORTS_PERCENT_GDP,32.2166946182599,Indonesia,NE.EXP.GNFS.ZS,Exports of goods and services percentage of GDP,percent,annual,none,world_bank,2026-05-13T21:11:04.572393+00:00
IDN,2005,EXPORTS_PERCENT_GDP,34.0672676279992,Indonesia,NE.EXP.GNFS.ZS,Exports of goods and services percentage of GDP,percent,annual,none,world_bank,2026-05-13T21:11:04.572393+00:00
IDN,2006,EXPORTS_PERCENT_GDP,31.0347163143166,Indonesia,NE.EXP.GNFS.ZS,Exports of goods and services percentage of GDP,percent,annual,none,world_bank,2026-05-13T21:11:04.572393+00:00
IDN,2007,EXPORTS_PERCENT_GDP,29.4357184851264,Indonesia,NE.EXP.GNFS.ZS,Exports of goods and services percentage of GDP,percent,annual,none,world_bank,2026-05-13T21:11:04.572393+00:00
IDN,2008,EXPORTS_PERCENT_GDP,29.8082841673732,Indonesia,NE.EXP.GNFS.ZS,Exports of goods and services percentage of GDP,percent,annual,none,world_bank,2026-05-13T21:11:04.572393+00:00
IDN,2009,EXPORTS_PERCENT_GDP,24.1591196686279,Indonesia,NE.EXP.GNFS.ZS,Exports of goods and services percentage of GDP,percent,annual,none,world_bank,2026-05-13T21:11:04.572393+00:00
IDN,2010,EXPORTS_PERCENT_GDP,24.2990309366408,Indonesia,NE.EXP.GNFS.ZS,Exports of goods and services percentage of GDP,percent,annual,none,world_bank,2026-05-13T21:11:04.572393+00:00
IDN,2011,EXPORTS_PERCENT_GDP,26.3273530888836,Indonesia,NE.EXP.GNFS.ZS,Exports of goods and services percentage of GDP,percent,annual,none,world_bank,2026-05-13T21:11:04.572393+00:00
IDN,2012,EXPORTS_PERCENT_GDP,24.5943787881769,Indonesia,NE.EXP.GNFS.ZS,Exports of goods and services percentage of GDP,percent,annual,none,world_bank,2026-05-13T21:11:04.572393+00:00
IDN,2013,EXPORTS_PERCENT_GDP,23.9235763793605,Indonesia,NE.EXP.GNFS.ZS,Exports of goods and services percentage of GDP,percent,annual,none,world_bank,2026-05-13T21:11:04.572393+00:00
IDN,2014,EXPORTS_PERCENT_GDP,23.6659845969367,Indonesia,NE.EXP.GNFS.ZS,Exports of goods and services percentage of GDP,percent,annual,none,world_bank,2026-05-13T21:11:04.572393+00:00
IDN,2015,EXPORTS_PERCENT_GDP,21.1601792598059,Indonesia,NE.EXP.GNFS.ZS,Exports of goods and services percentage of GDP,percent,annual,none,world_bank,2026-05-13T21:11:04.572393+00:00
IDN,2016,EXPORTS_PERCENT_GDP,19.0889938536664,Indonesia,NE.EXP.GNFS.ZS,Exports of goods and services percentage of GDP,percent,annual,none,world_bank,2026-05-13T21:11:04.572393+00:00
IDN,2017,EXPORTS_PERCENT_GDP,20.1773044351106,Indonesia,NE.EXP.GNFS.ZS,Exports of goods and services percentage of GDP,percent,annual,none,world_bank,2026-05-13T21:11:04.572393+00:00
IDN,2018,EXPORTS_PERCENT_GDP,21.0027464972455,Indonesia,NE.EXP.GNFS.ZS,Exports of goods and services percentage of GDP,percent,annual,none,world_bank,2026-05-13T21:11:04.572393+00:00
IDN,2019,EXPORTS_PERCENT_GDP,18.5915277970883,Indonesia,NE.EXP.GNFS.ZS,Exports of goods and services percentage of GDP,percent,annual,none,world_bank,2026-05-13T21:11:04.572393+00:00
IDN,2020,EXPORTS_PERCENT_GDP,17.3311682848923,Indonesia,NE.EXP.GNFS.ZS,Exports of goods and services percentage of GDP,percent,annual,none,world_bank,2026-05-13T21:11:04.572393+00:00
IDN,2021,EXPORTS_PERCENT_GDP,21.4165556390653,Indonesia,NE.EXP.GNFS.ZS,Exports of goods and services percentage of GDP,percent,annual,none,world_bank,2026-05-13T21:11:04.572393+00:00
IDN,2022,EXPORTS_PERCENT_GDP,24.5029116862832,Indonesia,NE.EXP.GNFS.ZS,Exports of goods and services percentage of GDP,percent,annual,none,world_bank,2026-05-13T21:11:04.572393+00:00
IDN,2023,EXPORTS_PERCENT_GDP,21.7538472039177,Indonesia,NE.EXP.GNFS.ZS,Exports of goods and services percentage of GDP,percent,annual,none,world_bank,2026-05-13T21:11:04.572393+00:00
IDN,2024,EXPORTS_PERCENT_GDP,22.18331286866,Indonesia,NE.EXP.GNFS.ZS,Exports of goods and services percentage of GDP,percent,annual,none,world_bank,2026-05-13T21:11:04.572393+00:00
IDN,2025,EXPORTS_PERCENT_GDP,,Indonesia,NE.EXP.GNFS.ZS,Exports of goods and services percentage of GDP,percent,annual,none,world_bank,2026-05-13T21:11:04.572393+00:00
IDN,1960,FDI_NET_INFLOWS,,Indonesia,BX.KLT.DINV.WD.GD.ZS,Foreign direct investment net inflows percentage GDP,percent,annual,none,world_bank,2026-05-13T21:11:43.395932+00:00
IDN,1961,FDI_NET_INFLOWS,,Indonesia,BX.KLT.DINV.WD.GD.ZS,Foreign direct investment net inflows percentage GDP,percent,annual,none,world_bank,2026-05-13T21:11:43.395932+00:00
IDN,1962,FDI_NET_INFLOWS,,Indonesia,BX.KLT.DINV.WD.GD.ZS,Foreign direct investment net inflows percentage GDP,percent,annual,none,world_bank,2026-05-13T21:11:43.395932+00:00
IDN,1963,FDI_NET_INFLOWS,,Indonesia,BX.KLT.DINV.WD.GD.ZS,Foreign direct investment net inflows percentage GDP,percent,annual,none,world_bank,2026-05-13T21:11:43.395932+00:00
IDN,1964,FDI_NET_INFLOWS,,Indonesia,BX.KLT.DINV.WD.GD.ZS,Foreign direct investment net inflows percentage GDP,percent,annual,none,world_bank,2026-05-13T21:11:43.395932+00:00
IDN,1965,FDI_NET_INFLOWS,,Indonesia,BX.KLT.DINV.WD.GD.ZS,Foreign direct investment net inflows percentage GDP,percent,annual,none,world_bank,2026-05-13T21:11:43.395932+00:00
IDN,1966,FDI_NET_INFLOWS,,Indonesia,BX.KLT.DINV.WD.GD.ZS,Foreign direct investment net inflows percentage GDP,percent,annual,none,world_bank,2026-05-13T21:11:43.395932+00:00
IDN,1967,FDI_NET_INFLOWS,,Indonesia,BX.KLT.DINV.WD.GD.ZS,Foreign direct investment net inflows percentage GDP,percent,annual,none,world_bank,2026-05-13T21:11:43.395932+00:00
IDN,1968,FDI_NET_INFLOWS,,Indonesia,BX.KLT.DINV.WD.GD.ZS,Foreign direct investment net inflows percentage GDP,percent,annual,none,world_bank,2026-05-13T21:11:43.395932+00:00
IDN,1969,FDI_NET_INFLOWS,,Indonesia,BX.KLT.DINV.WD.GD.ZS,Foreign direct investment net inflows percentage GDP,percent,annual,none,world_bank,2026-05-13T21:11:43.395932+00:00
IDN,1970,FDI_NET_INFLOWS,1.58873353293413,Indonesia,BX.KLT.DINV.WD.GD.ZS,Foreign direct investment net inflows percentage GDP,percent,annual,none,world_bank,2026-05-13T21:11:43.395932+00:00
IDN,1971,FDI_NET_INFLOWS,3.20425172245555,Indonesia,BX.KLT.DINV.WD.GD.ZS,Foreign direct investment net inflows percentage GDP,percent,annual,none,world_bank,2026-05-13T21:11:43.395932+00:00
IDN,1972,FDI_NET_INFLOWS,2.30523225241017,Indonesia,BX.KLT.DINV.WD.GD.ZS,Foreign direct investment net inflows percentage GDP,percent,annual,none,world_bank,2026-05-13T21:11:43.395932+00:00
IDN,1973,FDI_NET_INFLOWS,3.57027571297421,Indonesia,BX.KLT.DINV.WD.GD.ZS,Foreign direct investment net inflows percentage GDP,percent,annual,none,world_bank,2026-05-13T21:11:43.395932+00:00
IDN,1974,FDI_NET_INFLOWS,0.705825550989914,Indonesia,BX.KLT.DINV.WD.GD.ZS,Foreign direct investment net inflows percentage GDP,percent,annual,none,world_bank,2026-05-13T21:11:43.395932+00:00
IDN,1975,FDI_NET_INFLOWS,4.24128851064663,Indonesia,BX.KLT.DINV.WD.GD.ZS,Foreign direct investment net inflows percentage GDP,percent,annual,none,world_bank,2026-05-13T21:11:43.395932+00:00
IDN,1976,FDI_NET_INFLOWS,2.00592143120381,Indonesia,BX.KLT.DINV.WD.GD.ZS,Foreign direct investment net inflows percentage GDP,percent,annual,none,world_bank,2026-05-13T21:11:43.395932+00:00
IDN,1977,FDI_NET_INFLOWS,0.513000573361318,Indonesia,BX.KLT.DINV.WD.GD.ZS,Foreign direct investment net inflows percentage GDP,percent,annual,none,world_bank,2026-05-13T21:11:43.395932+00:00
IDN,1978,FDI_NET_INFLOWS,0.811785370804867,Indonesia,BX.KLT.DINV.WD.GD.ZS,Foreign direct investment net inflows percentage GDP,percent,annual,none,world_bank,2026-05-13T21:11:43.395932+00:00
IDN,1979,FDI_NET_INFLOWS,0.439687121934464,Indonesia,BX.KLT.DINV.WD.GD.ZS,Foreign direct investment net inflows percentage GDP,percent,annual,none,world_bank,2026-05-13T21:11:43.395932+00:00
IDN,1980,FDI_NET_INFLOWS,0.248336362296103,Indonesia,BX.KLT.DINV.WD.GD.ZS,Foreign direct investment net inflows percentage GDP,percent,annual,none,world_bank,2026-05-13T21:11:43.395932+00:00
IDN,1981,FDI_NET_INFLOWS,0.155522389416403,Indonesia,BX.KLT.DINV.WD.GD.ZS,Foreign direct investment net inflows percentage GDP,percent,annual,none,world_bank,2026-05-13T21:11:43.395932+00:00
IDN,1982,FDI_NET_INFLOWS,0.249560636589718,Indonesia,BX.KLT.DINV.WD.GD.ZS,Foreign direct investment net inflows percentage GDP,percent,annual,none,world_bank,2026-05-13T21:11:43.395932+00:00
IDN,1983,FDI_NET_INFLOWS,0.360261287911682,Indonesia,BX.KLT.DINV.WD.GD.ZS,Foreign direct investment net inflows percentage GDP,percent,annual,none,world_bank,2026-05-13T21:11:43.395932+00:00
IDN,1984,FDI_NET_INFLOWS,0.261626776354664,Indonesia,BX.KLT.DINV.WD.GD.ZS,Foreign direct investment net inflows percentage GDP,percent,annual,none,world_bank,2026-05-13T21:11:43.395932+00:00
IDN,1985,FDI_NET_INFLOWS,0.36346800280403,Indonesia,BX.KLT.DINV.WD.GD.ZS,Foreign direct investment net inflows percentage GDP,percent,annual,none,world_bank,2026-05-13T21:11:43.395932+00:00
IDN,1986,FDI_NET_INFLOWS,0.322685251406443,Indonesia,BX.KLT.DINV.WD.GD.ZS,Foreign direct investment net inflows percentage GDP,percent,annual,none,world_bank,2026-05-13T21:11:43.395932+00:00
IDN,1987,FDI_NET_INFLOWS,0.507048517276106,Indonesia,BX.KLT.DINV.WD.GD.ZS,Foreign direct investment net inflows percentage GDP,percent,annual,none,world_bank,2026-05-13T21:11:43.395932+00:00
IDN,1988,FDI_NET_INFLOWS,0.683272607101238,Indonesia,BX.KLT.DINV.WD.GD.ZS,Foreign direct investment net inflows percentage GDP,percent,annual,none,world_bank,2026-05-13T21:11:43.395932+00:00
IDN,1989,FDI_NET_INFLOWS,0.722064256022232,Indonesia,BX.KLT.DINV.WD.GD.ZS,Foreign direct investment net inflows percentage GDP,percent,annual,none,world_bank,2026-05-13T21:11:43.395932+00:00
IDN,1990,FDI_NET_INFLOWS,1.02976494269192,Indonesia,BX.KLT.DINV.WD.GD.ZS,Foreign direct investment net inflows percentage GDP,percent,annual,none,world_bank,2026-05-13T21:11:43.395932+00:00
IDN,1991,FDI_NET_INFLOWS,1.2707722797342,Indonesia,BX.KLT.DINV.WD.GD.ZS,Foreign direct investment net inflows percentage GDP,percent,annual,none,world_bank,2026-05-13T21:11:43.395932+00:00
IDN,1992,FDI_NET_INFLOWS,1.38798883350104,Indonesia,BX.KLT.DINV.WD.GD.ZS,Foreign direct investment net inflows percentage GDP,percent,annual,none,world_bank,2026-05-13T21:11:43.395932+00:00
IDN,1993,FDI_NET_INFLOWS,1.26830064559013,Indonesia,BX.KLT.DINV.WD.GD.ZS,Foreign direct investment net inflows percentage GDP,percent,annual,none,world_bank,2026-05-13T21:11:43.395932+00:00
IDN,1994,FDI_NET_INFLOWS,1.1922519299764,Indonesia,BX.KLT.DINV.WD.GD.ZS,Foreign direct investment net inflows percentage GDP,percent,annual,none,world_bank,2026-05-13T21:11:43.395932+00:00
IDN,1995,FDI_NET_INFLOWS,2.15007984011937,Indonesia,BX.KLT.DINV.WD.GD.ZS,Foreign direct investment net inflows percentage GDP,percent,annual,none,world_bank,2026-05-13T21:11:43.395932+00:00
IDN,1996,FDI_NET_INFLOWS,2.72419788646708,Indonesia,BX.KLT.DINV.WD.GD.ZS,Foreign direct investment net inflows percentage GDP,percent,annual,none,world_bank,2026-05-13T21:11:43.395932+00:00
IDN,1997,FDI_NET_INFLOWS,2.16779685196237,Indonesia,BX.KLT.DINV.WD.GD.ZS,Foreign direct investment net inflows percentage GDP,percent,annual,none,world_bank,2026-05-13T21:11:43.395932+00:00
IDN,1998,FDI_NET_INFLOWS,-0.252290447660406,Indonesia,BX.KLT.DINV.WD.GD.ZS,Foreign direct investment net inflows percentage GDP,percent,annual,none,world_bank,2026-05-13T21:11:43.395932+00:00
IDN,1999,FDI_NET_INFLOWS,-1.33257354110795,Indonesia,BX.KLT.DINV.WD.GD.ZS,Foreign direct investment net inflows percentage GDP,percent,annual,none,world_bank,2026-05-13T21:11:43.395932+00:00
IDN,2000,FDI_NET_INFLOWS,-2.75743993350903,Indonesia,BX.KLT.DINV.WD.GD.ZS,Foreign direct investment net inflows percentage GDP,percent,annual,none,world_bank,2026-05-13T21:11:43.395932+00:00
IDN,2001,FDI_NET_INFLOWS,-1.85568619300523,Indonesia,BX.KLT.DINV.WD.GD.ZS,Foreign direct investment net inflows percentage GDP,percent,annual,none,world_bank,2026-05-13T21:11:43.395932+00:00
IDN,2002,FDI_NET_INFLOWS,0.0741516383181159,Indonesia,BX.KLT.DINV.WD.GD.ZS,Foreign direct investment net inflows percentage GDP,percent,annual,none,world_bank,2026-05-13T21:11:43.395932+00:00
IDN,2003,FDI_NET_INFLOWS,-0.254256320381005,Indonesia,BX.KLT.DINV.WD.GD.ZS,Foreign direct investment net inflows percentage GDP,percent,annual,none,world_bank,2026-05-13T21:11:43.395932+00:00
IDN,2004,FDI_NET_INFLOWS,0.738243979887563,Indonesia,BX.KLT.DINV.WD.GD.ZS,Foreign direct investment net inflows percentage GDP,percent,annual,none,world_bank,2026-05-13T21:11:43.395932+00:00
IDN,2005,FDI_NET_INFLOWS,2.91611483313067,Indonesia,BX.KLT.DINV.WD.GD.ZS,Foreign direct investment net inflows percentage GDP,percent,annual,none,world_bank,2026-05-13T21:11:43.395932+00:00
IDN,2006,FDI_NET_INFLOWS,1.34794264068931,Indonesia,BX.KLT.DINV.WD.GD.ZS,Foreign direct investment net inflows percentage GDP,percent,annual,none,world_bank,2026-05-13T21:11:43.395932+00:00
IDN,2007,FDI_NET_INFLOWS,1.6030105718879,Indonesia,BX.KLT.DINV.WD.GD.ZS,Foreign direct investment net inflows percentage GDP,percent,annual,none,world_bank,2026-05-13T21:11:43.395932+00:00
IDN,2008,FDI_NET_INFLOWS,1.82632902403998,Indonesia,BX.KLT.DINV.WD.GD.ZS,Foreign direct investment net inflows percentage GDP,percent,annual,none,world_bank,2026-05-13T21:11:43.395932+00:00
IDN,2009,FDI_NET_INFLOWS,0.90391941965406,Indonesia,BX.KLT.DINV.WD.GD.ZS,Foreign direct investment net inflows percentage GDP,percent,annual,none,world_bank,2026-05-13T21:11:43.395932+00:00
IDN,2010,FDI_NET_INFLOWS,2.02517914569356,Indonesia,BX.KLT.DINV.WD.GD.ZS,Foreign direct investment net inflows percentage GDP,percent,annual,none,world_bank,2026-05-13T21:11:43.395932+00:00
IDN,2011,FDI_NET_INFLOWS,2.30298429381592,Indonesia,BX.KLT.DINV.WD.GD.ZS,Foreign direct investment net inflows percentage GDP,percent,annual,none,world_bank,2026-05-13T21:11:43.395932+00:00
IDN,2012,FDI_NET_INFLOWS,2.30978031853073,Indonesia,BX.KLT.DINV.WD.GD.ZS,Foreign direct investment net inflows percentage GDP,percent,annual,none,world_bank,2026-05-13T21:11:43.395932+00:00
IDN,2013,FDI_NET_INFLOWS,2.55135633401058,Indonesia,BX.KLT.DINV.WD.GD.ZS,Foreign direct investment net inflows percentage GDP,percent,annual,none,world_bank,2026-05-13T21:11:43.395932+00:00
IDN,2014,FDI_NET_INFLOWS,2.81997260412102,Indonesia,BX.KLT.DINV.WD.GD.ZS,Foreign direct investment net inflows percentage GDP,percent,annual,none,world_bank,2026-05-13T21:11:43.395932+00:00
IDN,2015,FDI_NET_INFLOWS,2.29761639380441,Indonesia,BX.KLT.DINV.WD.GD.ZS,Foreign direct investment net inflows percentage GDP,percent,annual,none,world_bank,2026-05-13T21:11:43.395932+00:00
IDN,2016,FDI_NET_INFLOWS,0.487372471368879,Indonesia,BX.KLT.DINV.WD.GD.ZS,Foreign direct investment net inflows percentage GDP,percent,annual,none,world_bank,2026-05-13T21:11:43.395932+00:00
IDN,2017,FDI_NET_INFLOWS,2.01948919812582,Indonesia,BX.KLT.DINV.WD.GD.ZS,Foreign direct investment net inflows percentage GDP,percent,annual,none,world_bank,2026-05-13T21:11:43.395932+00:00
IDN,2018,FDI_NET_INFLOWS,1.81428979349441,Indonesia,BX.KLT.DINV.WD.GD.ZS,Foreign direct investment net inflows percentage GDP,percent,annual,none,world_bank,2026-05-13T21:11:43.395932+00:00
IDN,2019,FDI_NET_INFLOWS,2.23336204282241,Indonesia,BX.KLT.DINV.WD.GD.ZS,Foreign direct investment net inflows percentage GDP,percent,annual,none,world_bank,2026-05-13T21:11:43.395932+00:00
IDN,2020,FDI_NET_INFLOWS,1.81058402027127,Indonesia,BX.KLT.DINV.WD.GD.ZS,Foreign direct investment net inflows percentage GDP,percent,annual,none,world_bank,2026-05-13T21:11:43.395932+00:00
IDN,2021,FDI_NET_INFLOWS,1.7878556314554,Indonesia,BX.KLT.DINV.WD.GD.ZS,Foreign direct investment net inflows percentage GDP,percent,annual,none,world_bank,2026-05-13T21:11:43.395932+00:00
IDN,2022,FDI_NET_INFLOWS,1.87264100861425,Indonesia,BX.KLT.DINV.WD.GD.ZS,Foreign direct investment net inflows percentage GDP,percent,annual,none,world_bank,2026-05-13T21:11:43.395932+00:00
IDN,2023,FDI_NET_INFLOWS,1.57116694173474,Indonesia,BX.KLT.DINV.WD.GD.ZS,Foreign direct investment net inflows percentage GDP,percent,annual,none,world_bank,2026-05-13T21:11:43.395932+00:00
IDN,2024,FDI_NET_INFLOWS,1.73855500774354,Indonesia,BX.KLT.DINV.WD.GD.ZS,Foreign direct investment net inflows percentage GDP,percent,annual,none,world_bank,2026-05-13T21:11:43.395932+00:00
IDN,2025,FDI_NET_INFLOWS,,Indonesia,BX.KLT.DINV.WD.GD.ZS,Foreign direct investment net inflows percentage GDP,percent,annual,none,world_bank,2026-05-13T21:11:43.395932+00:00
IDN,1960,GDP_GROWTH,,Indonesia,NY.GDP.MKTP.KD.ZG,GDP growth annual percentage,percent,annual,none,world_bank,2026-05-13T21:11:02.727227+00:00
IDN,1961,GDP_GROWTH,5.74064582266813,Indonesia,NY.GDP.MKTP.KD.ZG,GDP growth annual percentage,percent,annual,none,world_bank,2026-05-13T21:11:02.727227+00:00
IDN,1962,GDP_GROWTH,1.84197770236842,Indonesia,NY.GDP.MKTP.KD.ZG,GDP growth annual percentage,percent,annual,none,world_bank,2026-05-13T21:11:02.727227+00:00
IDN,1963,GDP_GROWTH,-2.23702998571657,Indonesia,NY.GDP.MKTP.KD.ZG,GDP growth annual percentage,percent,annual,none,world_bank,2026-05-13T21:11:02.727227+00:00
IDN,1964,GDP_GROWTH,3.52969814993797,Indonesia,NY.GDP.MKTP.KD.ZG,GDP growth annual percentage,percent,annual,none,world_bank,2026-05-13T21:11:02.727227+00:00
IDN,1965,GDP_GROWTH,1.08158946626055,Indonesia,NY.GDP.MKTP.KD.ZG,GDP growth annual percentage,percent,annual,none,world_bank,2026-05-13T21:11:02.727227+00:00
IDN,1966,GDP_GROWTH,2.79134682484525,Indonesia,NY.GDP.MKTP.KD.ZG,GDP growth annual percentage,percent,annual,none,world_bank,2026-05-13T21:11:02.727227+00:00
IDN,1967,GDP_GROWTH,1.38040280607036,Indonesia,NY.GDP.MKTP.KD.ZG,GDP growth annual percentage,percent,annual,none,world_bank,2026-05-13T21:11:02.727227+00:00
IDN,1968,GDP_GROWTH,10.9151785714295,Indonesia,NY.GDP.MKTP.KD.ZG,GDP growth annual percentage,percent,annual,none,world_bank,2026-05-13T21:11:02.727227+00:00
IDN,1969,GDP_GROWTH,6.82229824913614,Indonesia,NY.GDP.MKTP.KD.ZG,GDP growth annual percentage,percent,annual,none,world_bank,2026-05-13T21:11:02.727227+00:00
IDN,1970,GDP_GROWTH,7.55463451394223,Indonesia,NY.GDP.MKTP.KD.ZG,GDP growth annual percentage,percent,annual,none,world_bank,2026-05-13T21:11:02.727227+00:00
IDN,1971,GDP_GROWTH,7.02399719740848,Indonesia,NY.GDP.MKTP.KD.ZG,GDP growth annual percentage,percent,annual,none,world_bank,2026-05-13T21:11:02.727227+00:00
IDN,1972,GDP_GROWTH,7.03764320785962,Indonesia,NY.GDP.MKTP.KD.ZG,GDP growth annual percentage,percent,annual,none,world_bank,2026-05-13T21:11:02.727227+00:00
IDN,1973,GDP_GROWTH,8.1039755351653,Indonesia,NY.GDP.MKTP.KD.ZG,GDP growth annual percentage,percent,annual,none,world_bank,2026-05-13T21:11:02.727227+00:00
IDN,1974,GDP_GROWTH,7.6346729055067,Indonesia,NY.GDP.MKTP.KD.ZG,GDP growth annual percentage,percent,annual,none,world_bank,2026-05-13T21:11:02.727227+00:00
IDN,1975,GDP_GROWTH,4.97730086669512,Indonesia,NY.GDP.MKTP.KD.ZG,GDP growth annual percentage,percent,annual,none,world_bank,2026-05-13T21:11:02.727227+00:00
IDN,1976,GDP_GROWTH,6.88656497352524,Indonesia,NY.GDP.MKTP.KD.ZG,GDP growth annual percentage,percent,annual,none,world_bank,2026-05-13T21:11:02.727227+00:00
IDN,1977,GDP_GROWTH,8.76132560106353,Indonesia,NY.GDP.MKTP.KD.ZG,GDP growth annual percentage,percent,annual,none,world_bank,2026-05-13T21:11:02.727227+00:00
IDN,1978,GDP_GROWTH,6.76706985763171,Indonesia,NY.GDP.MKTP.KD.ZG,GDP growth annual percentage,percent,annual,none,world_bank,2026-05-13T21:11:02.727227+00:00
IDN,1979,GDP_GROWTH,7.32430948559606,Indonesia,NY.GDP.MKTP.KD.ZG,GDP growth annual percentage,percent,annual,none,world_bank,2026-05-13T21:11:02.727227+00:00
IDN,1980,GDP_GROWTH,9.88007752166418,Indonesia,NY.GDP.MKTP.KD.ZG,GDP growth annual percentage,percent,annual,none,world_bank,2026-05-13T21:11:02.727227+00:00
IDN,1981,GDP_GROWTH,7.92715682412874,Indonesia,NY.GDP.MKTP.KD.ZG,GDP growth annual percentage,percent,annual,none,world_bank,2026-05-13T21:11:02.727227+00:00
IDN,1982,GDP_GROWTH,2.24644534036375,Indonesia,NY.GDP.MKTP.KD.ZG,GDP growth annual percentage,percent,annual,none,world_bank,2026-05-13T21:11:02.727227+00:00
IDN,1983,GDP_GROWTH,4.1929673681999,Indonesia,NY.GDP.MKTP.KD.ZG,GDP growth annual percentage,percent,annual,none,world_bank,2026-05-13T21:11:02.727227+00:00
IDN,1984,GDP_GROWTH,6.97552780884124,Indonesia,NY.GDP.MKTP.KD.ZG,GDP growth annual percentage,percent,annual,none,world_bank,2026-05-13T21:11:02.727227+00:00
IDN,1985,GDP_GROWTH,2.46214356422551,Indonesia,NY.GDP.MKTP.KD.ZG,GDP growth annual percentage,percent,annual,none,world_bank,2026-05-13T21:11:02.727227+00:00
IDN,1986,GDP_GROWTH,5.87504510359864,Indonesia,NY.GDP.MKTP.KD.ZG,GDP growth annual percentage,percent,annual,none,world_bank,2026-05-13T21:11:02.727227+00:00
IDN,1987,GDP_GROWTH,4.92592736496611,Indonesia,NY.GDP.MKTP.KD.ZG,GDP growth annual percentage,percent,annual,none,world_bank,2026-05-13T21:11:02.727227+00:00
IDN,1988,GDP_GROWTH,5.7804984881177,Indonesia,NY.GDP.MKTP.KD.ZG,GDP growth annual percentage,percent,annual,none,world_bank,2026-05-13T21:11:02.727227+00:00
IDN,1989,GDP_GROWTH,7.45658692516847,Indonesia,NY.GDP.MKTP.KD.ZG,GDP growth annual percentage,percent,annual,none,world_bank,2026-05-13T21:11:02.727227+00:00
IDN,1990,GDP_GROWTH,7.24213163856464,Indonesia,NY.GDP.MKTP.KD.ZG,GDP growth annual percentage,percent,annual,none,world_bank,2026-05-13T21:11:02.727227+00:00
IDN,1991,GDP_GROWTH,6.91198283591309,Indonesia,NY.GDP.MKTP.KD.ZG,GDP growth annual percentage,percent,annual,none,world_bank,2026-05-13T21:11:02.727227+00:00
IDN,1992,GDP_GROWTH,6.49750651682714,Indonesia,NY.GDP.MKTP.KD.ZG,GDP growth annual percentage,percent,annual,none,world_bank,2026-05-13T21:11:02.727227+00:00
IDN,1993,GDP_GROWTH,6.49640812045304,Indonesia,NY.GDP.MKTP.KD.ZG,GDP growth annual percentage,percent,annual,none,world_bank,2026-05-13T21:11:02.727227+00:00
IDN,1994,GDP_GROWTH,7.53997109551439,Indonesia,NY.GDP.MKTP.KD.ZG,GDP growth annual percentage,percent,annual,none,world_bank,2026-05-13T21:11:02.727227+00:00
IDN,1995,GDP_GROWTH,8.22000739903493,Indonesia,NY.GDP.MKTP.KD.ZG,GDP growth annual percentage,percent,annual,none,world_bank,2026-05-13T21:11:02.727227+00:00
IDN,1996,GDP_GROWTH,7.81818707670867,Indonesia,NY.GDP.MKTP.KD.ZG,GDP growth annual percentage,percent,annual,none,world_bank,2026-05-13T21:11:02.727227+00:00
IDN,1997,GDP_GROWTH,4.69987885390397,Indonesia,NY.GDP.MKTP.KD.ZG,GDP growth annual percentage,percent,annual,none,world_bank,2026-05-13T21:11:02.727227+00:00
IDN,1998,GDP_GROWTH,-13.1267254923818,Indonesia,NY.GDP.MKTP.KD.ZG,GDP growth annual percentage,percent,annual,none,world_bank,2026-05-13T21:11:02.727227+00:00
IDN,1999,GDP_GROWTH,0.79112608199847,Indonesia,NY.GDP.MKTP.KD.ZG,GDP growth annual percentage,percent,annual,none,world_bank,2026-05-13T21:11:02.727227+00:00
IDN,2000,GDP_GROWTH,4.9200677470169,Indonesia,NY.GDP.MKTP.KD.ZG,GDP growth annual percentage,percent,annual,none,world_bank,2026-05-13T21:11:02.727227+00:00
IDN,2001,GDP_GROWTH,3.64346644721492,Indonesia,NY.GDP.MKTP.KD.ZG,GDP growth annual percentage,percent,annual,none,world_bank,2026-05-13T21:11:02.727227+00:00
IDN,2002,GDP_GROWTH,4.49947539085764,Indonesia,NY.GDP.MKTP.KD.ZG,GDP growth annual percentage,percent,annual,none,world_bank,2026-05-13T21:11:02.727227+00:00
IDN,2003,GDP_GROWTH,4.78036912167654,Indonesia,NY.GDP.MKTP.KD.ZG,GDP growth annual percentage,percent,annual,none,world_bank,2026-05-13T21:11:02.727227+00:00
IDN,2004,GDP_GROWTH,5.03087394501685,Indonesia,NY.GDP.MKTP.KD.ZG,GDP growth annual percentage,percent,annual,none,world_bank,2026-05-13T21:11:02.727227+00:00
IDN,2005,GDP_GROWTH,5.69257130383384,Indonesia,NY.GDP.MKTP.KD.ZG,GDP growth annual percentage,percent,annual,none,world_bank,2026-05-13T21:11:02.727227+00:00
IDN,2006,GDP_GROWTH,5.50095178520348,Indonesia,NY.GDP.MKTP.KD.ZG,GDP growth annual percentage,percent,annual,none,world_bank,2026-05-13T21:11:02.727227+00:00
IDN,2007,GDP_GROWTH,6.34502222667214,Indonesia,NY.GDP.MKTP.KD.ZG,GDP growth annual percentage,percent,annual,none,world_bank,2026-05-13T21:11:02.727227+00:00
IDN,2008,GDP_GROWTH,6.01370360009123,Indonesia,NY.GDP.MKTP.KD.ZG,GDP growth annual percentage,percent,annual,none,world_bank,2026-05-13T21:11:02.727227+00:00
IDN,2009,GDP_GROWTH,4.62887118256153,Indonesia,NY.GDP.MKTP.KD.ZG,GDP growth annual percentage,percent,annual,none,world_bank,2026-05-13T21:11:02.727227+00:00
IDN,2010,GDP_GROWTH,6.22385418062366,Indonesia,NY.GDP.MKTP.KD.ZG,GDP growth annual percentage,percent,annual,none,world_bank,2026-05-13T21:11:02.727227+00:00
IDN,2011,GDP_GROWTH,6.16978420771008,Indonesia,NY.GDP.MKTP.KD.ZG,GDP growth annual percentage,percent,annual,none,world_bank,2026-05-13T21:11:02.727227+00:00
IDN,2012,GDP_GROWTH,6.03005065305615,Indonesia,NY.GDP.MKTP.KD.ZG,GDP growth annual percentage,percent,annual,none,world_bank,2026-05-13T21:11:02.727227+00:00
IDN,2013,GDP_GROWTH,5.5572636889101,Indonesia,NY.GDP.MKTP.KD.ZG,GDP growth annual percentage,percent,annual,none,world_bank,2026-05-13T21:11:02.727227+00:00
IDN,2014,GDP_GROWTH,5.006668425755,Indonesia,NY.GDP.MKTP.KD.ZG,GDP growth annual percentage,percent,annual,none,world_bank,2026-05-13T21:11:02.727227+00:00
IDN,2015,GDP_GROWTH,4.87632230022123,Indonesia,NY.GDP.MKTP.KD.ZG,GDP growth annual percentage,percent,annual,none,world_bank,2026-05-13T21:11:02.727227+00:00
IDN,2016,GDP_GROWTH,5.03306918280177,Indonesia,NY.GDP.MKTP.KD.ZG,GDP growth annual percentage,percent,annual,none,world_bank,2026-05-13T21:11:02.727227+00:00
IDN,2017,GDP_GROWTH,5.06978590134916,Indonesia,NY.GDP.MKTP.KD.ZG,GDP growth annual percentage,percent,annual,none,world_bank,2026-05-13T21:11:02.727227+00:00
IDN,2018,GDP_GROWTH,5.17429153955024,Indonesia,NY.GDP.MKTP.KD.ZG,GDP growth annual percentage,percent,annual,none,world_bank,2026-05-13T21:11:02.727227+00:00
IDN,2019,GDP_GROWTH,5.01928768046282,Indonesia,NY.GDP.MKTP.KD.ZG,GDP growth annual percentage,percent,annual,none,world_bank,2026-05-13T21:11:02.727227+00:00
IDN,2020,GDP_GROWTH,-2.06551182934165,Indonesia,NY.GDP.MKTP.KD.ZG,GDP growth annual percentage,percent,annual,none,world_bank,2026-05-13T21:11:02.727227+00:00
IDN,2021,GDP_GROWTH,3.70288562827751,Indonesia,NY.GDP.MKTP.KD.ZG,GDP growth annual percentage,percent,annual,none,world_bank,2026-05-13T21:11:02.727227+00:00
IDN,2022,GDP_GROWTH,5.30719722664799,Indonesia,NY.GDP.MKTP.KD.ZG,GDP growth annual percentage,percent,annual,none,world_bank,2026-05-13T21:11:02.727227+00:00
IDN,2023,GDP_GROWTH,5.04902331835997,Indonesia,NY.GDP.MKTP.KD.ZG,GDP growth annual percentage,percent,annual,none,world_bank,2026-05-13T21:11:02.727227+00:00
IDN,2024,GDP_GROWTH,5.03034469419038,Indonesia,NY.GDP.MKTP.KD.ZG,GDP growth annual percentage,percent,annual,none,world_bank,2026-05-13T21:11:02.727227+00:00
IDN,2025,GDP_GROWTH,,Indonesia,NY.GDP.MKTP.KD.ZG,GDP growth annual percentage,percent,annual,none,world_bank,2026-05-13T21:11:02.727227+00:00
IDN,1960,GDP_PER_CAPITA,,Indonesia,NY.GDP.PCAP.CD,GDP per capita current USD,USD,annual,log,world_bank,2026-05-13T21:11:03.266083+00:00
IDN,1961,GDP_PER_CAPITA,,Indonesia,NY.GDP.PCAP.CD,GDP per capita current USD,USD,annual,log,world_bank,2026-05-13T21:11:03.266083+00:00
IDN,1962,GDP_PER_CAPITA,,Indonesia,NY.GDP.PCAP.CD,GDP per capita current USD,USD,annual,log,world_bank,2026-05-13T21:11:03.266083+00:00
IDN,1963,GDP_PER_CAPITA,,Indonesia,NY.GDP.PCAP.CD,GDP per capita current USD,USD,annual,log,world_bank,2026-05-13T21:11:03.266083+00:00
IDN,1964,GDP_PER_CAPITA,,Indonesia,NY.GDP.PCAP.CD,GDP per capita current USD,USD,annual,log,world_bank,2026-05-13T21:11:03.266083+00:00
IDN,1965,GDP_PER_CAPITA,,Indonesia,NY.GDP.PCAP.CD,GDP per capita current USD,USD,annual,log,world_bank,2026-05-13T21:11:03.266083+00:00
IDN,1966,GDP_PER_CAPITA,,Indonesia,NY.GDP.PCAP.CD,GDP per capita current USD,USD,annual,log,world_bank,2026-05-13T21:11:03.266083+00:00
IDN,1967,GDP_PER_CAPITA,53.2051866988581,Indonesia,NY.GDP.PCAP.CD,GDP per capita current USD,USD,annual,log,world_bank,2026-05-13T21:11:03.266083+00:00
IDN,1968,GDP_PER_CAPITA,64.6547730642556,Indonesia,NY.GDP.PCAP.CD,GDP per capita current USD,USD,annual,log,world_bank,2026-05-13T21:11:03.266083+00:00
IDN,1969,GDP_PER_CAPITA,74.0988114128793,Indonesia,NY.GDP.PCAP.CD,GDP per capita current USD,USD,annual,log,world_bank,2026-05-13T21:11:03.266083+00:00
IDN,1970,GDP_PER_CAPITA,79.118823484002,Indonesia,NY.GDP.PCAP.CD,GDP per capita current USD,USD,annual,log,world_bank,2026-05-13T21:11:03.266083+00:00
IDN,1971,GDP_PER_CAPITA,78.5428393869752,Indonesia,NY.GDP.PCAP.CD,GDP per capita current USD,USD,annual,log,world_bank,2026-05-13T21:11:03.266083+00:00
IDN,1972,GDP_PER_CAPITA,90.1147549138956,Indonesia,NY.GDP.PCAP.CD,GDP per capita current USD,USD,annual,log,world_bank,2026-05-13T21:11:03.266083+00:00
IDN,1973,GDP_PER_CAPITA,129.886231088685,Indonesia,NY.GDP.PCAP.CD,GDP per capita current USD,USD,annual,log,world_bank,2026-05-13T21:11:03.266083+00:00
IDN,1974,GDP_PER_CAPITA,200.710984454591,Indonesia,NY.GDP.PCAP.CD,GDP per capita current USD,USD,annual,log,world_bank,2026-05-13T21:11:03.266083+00:00
IDN,1975,GDP_PER_CAPITA,231.060120618497,Indonesia,NY.GDP.PCAP.CD,GDP per capita current USD,USD,annual,log,world_bank,2026-05-13T21:11:03.266083+00:00
IDN,1976,GDP_PER_CAPITA,275.713167824796,Indonesia,NY.GDP.PCAP.CD,GDP per capita current USD,USD,annual,log,world_bank,2026-05-13T21:11:03.266083+00:00
IDN,1977,GDP_PER_CAPITA,330.670214101079,Indonesia,NY.GDP.PCAP.CD,GDP per capita current USD,USD,annual,log,world_bank,2026-05-13T21:11:03.266083+00:00
IDN,1978,GDP_PER_CAPITA,362.483779779007,Indonesia,NY.GDP.PCAP.CD,GDP per capita current USD,USD,annual,log,world_bank,2026-05-13T21:11:03.266083+00:00
IDN,1979,GDP_PER_CAPITA,353.424175826329,Indonesia,NY.GDP.PCAP.CD,GDP per capita current USD,USD,annual,log,world_bank,2026-05-13T21:11:03.266083+00:00
IDN,1980,GDP_PER_CAPITA,486.620172021155,Indonesia,NY.GDP.PCAP.CD,GDP per capita current USD,USD,annual,log,world_bank,2026-05-13T21:11:03.266083+00:00
IDN,1981,GDP_PER_CAPITA,560.830336032961,Indonesia,NY.GDP.PCAP.CD,GDP per capita current USD,USD,annual,log,world_bank,2026-05-13T21:11:03.266083+00:00
IDN,1982,GDP_PER_CAPITA,577.745632722784,Indonesia,NY.GDP.PCAP.CD,GDP per capita current USD,USD,annual,log,world_bank,2026-05-13T21:11:03.266083+00:00
IDN,1983,GDP_PER_CAPITA,507.682945653414,Indonesia,NY.GDP.PCAP.CD,GDP per capita current USD,USD,annual,log,world_bank,2026-05-13T21:11:03.266083+00:00
IDN,1984,GDP_PER_CAPITA,519.774063103241,Indonesia,NY.GDP.PCAP.CD,GDP per capita current USD,USD,annual,log,world_bank,2026-05-13T21:11:03.266083+00:00
IDN,1985,GDP_PER_CAPITA,511.400883618027,Indonesia,NY.GDP.PCAP.CD,GDP per capita current USD,USD,annual,log,world_bank,2026-05-13T21:11:03.266083+00:00
IDN,1986,GDP_PER_CAPITA,469.834241253429,Indonesia,NY.GDP.PCAP.CD,GDP per capita current USD,USD,annual,log,world_bank,2026-05-13T21:11:03.266083+00:00
IDN,1987,GDP_PER_CAPITA,437.60655039936,Indonesia,NY.GDP.PCAP.CD,GDP per capita current USD,USD,annual,log,world_bank,2026-05-13T21:11:03.266083+00:00
IDN,1988,GDP_PER_CAPITA,476.662483405818,Indonesia,NY.GDP.PCAP.CD,GDP per capita current USD,USD,annual,log,world_bank,2026-05-13T21:11:03.266083+00:00
IDN,1989,GDP_PER_CAPITA,524.143027322576,Indonesia,NY.GDP.PCAP.CD,GDP per capita current USD,USD,annual,log,world_bank,2026-05-13T21:11:03.266083+00:00
IDN,1990,GDP_PER_CAPITA,578.420121135382,Indonesia,NY.GDP.PCAP.CD,GDP per capita current USD,USD,annual,log,world_bank,2026-05-13T21:11:03.266083+00:00
IDN,1991,GDP_PER_CAPITA,624.387495384411,Indonesia,NY.GDP.PCAP.CD,GDP per capita current USD,USD,annual,log,world_bank,2026-05-13T21:11:03.266083+00:00
IDN,1992,GDP_PER_CAPITA,673.67103954742,Indonesia,NY.GDP.PCAP.CD,GDP per capita current USD,USD,annual,log,world_bank,2026-05-13T21:11:03.266083+00:00
IDN,1993,GDP_PER_CAPITA,817.395116417856,Indonesia,NY.GDP.PCAP.CD,GDP per capita current USD,USD,annual,log,world_bank,2026-05-13T21:11:03.266083+00:00
IDN,1994,GDP_PER_CAPITA,899.793982949817,Indonesia,NY.GDP.PCAP.CD,GDP per capita current USD,USD,annual,log,world_bank,2026-05-13T21:11:03.266083+00:00
IDN,1995,GDP_PER_CAPITA,1011.22614205568,Indonesia,NY.GDP.PCAP.CD,GDP per capita current USD,USD,annual,log,world_bank,2026-05-13T21:11:03.266083+00:00
IDN,1996,GDP_PER_CAPITA,1118.92133024129,Indonesia,NY.GDP.PCAP.CD,GDP per capita current USD,USD,annual,log,world_bank,2026-05-13T21:11:03.266083+00:00
IDN,1997,GDP_PER_CAPITA,1044.60674832472,Indonesia,NY.GDP.PCAP.CD,GDP per capita current USD,USD,annual,log,world_bank,2026-05-13T21:11:03.266083+00:00
IDN,1998,GDP_PER_CAPITA,454.877800792123,Indonesia,NY.GDP.PCAP.CD,GDP per capita current USD,USD,annual,log,world_bank,2026-05-13T21:11:03.266083+00:00
IDN,1999,GDP_PER_CAPITA,657.268934667018,Indonesia,NY.GDP.PCAP.CD,GDP per capita current USD,USD,annual,log,world_bank,2026-05-13T21:11:03.266083+00:00
IDN,2000,GDP_PER_CAPITA,763.711124950924,Indonesia,NY.GDP.PCAP.CD,GDP per capita current USD,USD,annual,log,world_bank,2026-05-13T21:11:03.266083+00:00
IDN,2001,GDP_PER_CAPITA,732.307093405708,Indonesia,NY.GDP.PCAP.CD,GDP per capita current USD,USD,annual,log,world_bank,2026-05-13T21:11:03.266083+00:00
IDN,2002,GDP_PER_CAPITA,881.002913569131,Indonesia,NY.GDP.PCAP.CD,GDP per capita current USD,USD,annual,log,world_bank,2026-05-13T21:11:03.266083+00:00
IDN,2003,GDP_PER_CAPITA,1043.2105838671,Indonesia,NY.GDP.PCAP.CD,GDP per capita current USD,USD,annual,log,world_bank,2026-05-13T21:11:03.266083+00:00
IDN,2004,GDP_PER_CAPITA,1126.84004447173,Indonesia,NY.GDP.PCAP.CD,GDP per capita current USD,USD,annual,log,world_bank,2026-05-13T21:11:03.266083+00:00
IDN,2005,GDP_PER_CAPITA,1238.21447629488,Indonesia,NY.GDP.PCAP.CD,GDP per capita current USD,USD,annual,log,world_bank,2026-05-13T21:11:03.266083+00:00
IDN,2006,GDP_PER_CAPITA,1558.31562847163,Indonesia,NY.GDP.PCAP.CD,GDP per capita current USD,USD,annual,log,world_bank,2026-05-13T21:11:03.266083+00:00
IDN,2007,GDP_PER_CAPITA,1823.21976255073,Indonesia,NY.GDP.PCAP.CD,GDP per capita current USD,USD,annual,log,world_bank,2026-05-13T21:11:03.266083+00:00
IDN,2008,GDP_PER_CAPITA,2124.55483920618,Indonesia,NY.GDP.PCAP.CD,GDP per capita current USD,USD,annual,log,world_bank,2026-05-13T21:11:03.266083+00:00
IDN,2009,GDP_PER_CAPITA,2218.48541852977,Indonesia,NY.GDP.PCAP.CD,GDP per capita current USD,USD,annual,log,world_bank,2026-05-13T21:11:03.266083+00:00
IDN,2010,GDP_PER_CAPITA,3065.68348377765,Indonesia,NY.GDP.PCAP.CD,GDP per capita current USD,USD,annual,log,world_bank,2026-05-13T21:11:03.266083+00:00
IDN,2011,GDP_PER_CAPITA,3579.46442466152,Indonesia,NY.GDP.PCAP.CD,GDP per capita current USD,USD,annual,log,world_bank,2026-05-13T21:11:03.266083+00:00
IDN,2012,GDP_PER_CAPITA,3632.27254030331,Indonesia,NY.GDP.PCAP.CD,GDP per capita current USD,USD,annual,log,world_bank,2026-05-13T21:11:03.266083+00:00
IDN,2013,GDP_PER_CAPITA,3566.60284506078,Indonesia,NY.GDP.PCAP.CD,GDP per capita current USD,USD,annual,log,world_bank,2026-05-13T21:11:03.266083+00:00
IDN,2014,GDP_PER_CAPITA,3441.06808464008,Indonesia,NY.GDP.PCAP.CD,GDP per capita current USD,USD,annual,log,world_bank,2026-05-13T21:11:03.266083+00:00
IDN,2015,GDP_PER_CAPITA,3288.22269725538,Indonesia,NY.GDP.PCAP.CD,GDP per capita current USD,USD,annual,log,world_bank,2026-05-13T21:11:03.266083+00:00
IDN,2016,GDP_PER_CAPITA,3521.46943457574,Indonesia,NY.GDP.PCAP.CD,GDP per capita current USD,USD,annual,log,world_bank,2026-05-13T21:11:03.266083+00:00
IDN,2017,GDP_PER_CAPITA,3798.88326174526,Indonesia,NY.GDP.PCAP.CD,GDP per capita current USD,USD,annual,log,world_bank,2026-05-13T21:11:03.266083+00:00
IDN,2018,GDP_PER_CAPITA,3860.95353090726,Indonesia,NY.GDP.PCAP.CD,GDP per capita current USD,USD,annual,log,world_bank,2026-05-13T21:11:03.266083+00:00
IDN,2019,GDP_PER_CAPITA,4106.94856160358,Indonesia,NY.GDP.PCAP.CD,GDP per capita current USD,USD,annual,log,world_bank,2026-05-13T21:11:03.266083+00:00
IDN,2020,GDP_PER_CAPITA,3853.70288774146,Indonesia,NY.GDP.PCAP.CD,GDP per capita current USD,USD,annual,log,world_bank,2026-05-13T21:11:03.266083+00:00
IDN,2021,GDP_PER_CAPITA,4287.17313995098,Indonesia,NY.GDP.PCAP.CD,GDP per capita current USD,USD,annual,log,world_bank,2026-05-13T21:11:03.266083+00:00
IDN,2022,GDP_PER_CAPITA,4730.83484836107,Indonesia,NY.GDP.PCAP.CD,GDP per capita current USD,USD,annual,log,world_bank,2026-05-13T21:11:03.266083+00:00
IDN,2023,GDP_PER_CAPITA,4876.30774512252,Indonesia,NY.GDP.PCAP.CD,GDP per capita current USD,USD,annual,log,world_bank,2026-05-13T21:11:03.266083+00:00
IDN,2024,GDP_PER_CAPITA,4925.43048751861,Indonesia,NY.GDP.PCAP.CD,GDP per capita current USD,USD,annual,log,world_bank,2026-05-13T21:11:03.266083+00:00
IDN,2025,GDP_PER_CAPITA,,Indonesia,NY.GDP.PCAP.CD,GDP per capita current USD,USD,annual,log,world_bank,2026-05-13T21:11:03.266083+00:00
IDN,1960,HIGH_TECH_EXPORTS,,Indonesia,TX.VAL.TECH.MF.ZS,High technology exports percentage manufactured exports,percent,annual,none,world_bank,2026-05-13T21:11:46.133724+00:00
IDN,1961,HIGH_TECH_EXPORTS,,Indonesia,TX.VAL.TECH.MF.ZS,High technology exports percentage manufactured exports,percent,annual,none,world_bank,2026-05-13T21:11:46.133724+00:00
IDN,1962,HIGH_TECH_EXPORTS,,Indonesia,TX.VAL.TECH.MF.ZS,High technology exports percentage manufactured exports,percent,annual,none,world_bank,2026-05-13T21:11:46.133724+00:00
IDN,1963,HIGH_TECH_EXPORTS,,Indonesia,TX.VAL.TECH.MF.ZS,High technology exports percentage manufactured exports,percent,annual,none,world_bank,2026-05-13T21:11:46.133724+00:00
IDN,1964,HIGH_TECH_EXPORTS,,Indonesia,TX.VAL.TECH.MF.ZS,High technology exports percentage manufactured exports,percent,annual,none,world_bank,2026-05-13T21:11:46.133724+00:00
IDN,1965,HIGH_TECH_EXPORTS,,Indonesia,TX.VAL.TECH.MF.ZS,High technology exports percentage manufactured exports,percent,annual,none,world_bank,2026-05-13T21:11:46.133724+00:00
IDN,1966,HIGH_TECH_EXPORTS,,Indonesia,TX.VAL.TECH.MF.ZS,High technology exports percentage manufactured exports,percent,annual,none,world_bank,2026-05-13T21:11:46.133724+00:00
IDN,1967,HIGH_TECH_EXPORTS,,Indonesia,TX.VAL.TECH.MF.ZS,High technology exports percentage manufactured exports,percent,annual,none,world_bank,2026-05-13T21:11:46.133724+00:00
IDN,1968,HIGH_TECH_EXPORTS,,Indonesia,TX.VAL.TECH.MF.ZS,High technology exports percentage manufactured exports,percent,annual,none,world_bank,2026-05-13T21:11:46.133724+00:00
IDN,1969,HIGH_TECH_EXPORTS,,Indonesia,TX.VAL.TECH.MF.ZS,High technology exports percentage manufactured exports,percent,annual,none,world_bank,2026-05-13T21:11:46.133724+00:00
IDN,1970,HIGH_TECH_EXPORTS,,Indonesia,TX.VAL.TECH.MF.ZS,High technology exports percentage manufactured exports,percent,annual,none,world_bank,2026-05-13T21:11:46.133724+00:00
IDN,1971,HIGH_TECH_EXPORTS,,Indonesia,TX.VAL.TECH.MF.ZS,High technology exports percentage manufactured exports,percent,annual,none,world_bank,2026-05-13T21:11:46.133724+00:00
IDN,1972,HIGH_TECH_EXPORTS,,Indonesia,TX.VAL.TECH.MF.ZS,High technology exports percentage manufactured exports,percent,annual,none,world_bank,2026-05-13T21:11:46.133724+00:00
IDN,1973,HIGH_TECH_EXPORTS,,Indonesia,TX.VAL.TECH.MF.ZS,High technology exports percentage manufactured exports,percent,annual,none,world_bank,2026-05-13T21:11:46.133724+00:00
IDN,1974,HIGH_TECH_EXPORTS,,Indonesia,TX.VAL.TECH.MF.ZS,High technology exports percentage manufactured exports,percent,annual,none,world_bank,2026-05-13T21:11:46.133724+00:00
IDN,1975,HIGH_TECH_EXPORTS,,Indonesia,TX.VAL.TECH.MF.ZS,High technology exports percentage manufactured exports,percent,annual,none,world_bank,2026-05-13T21:11:46.133724+00:00
IDN,1976,HIGH_TECH_EXPORTS,,Indonesia,TX.VAL.TECH.MF.ZS,High technology exports percentage manufactured exports,percent,annual,none,world_bank,2026-05-13T21:11:46.133724+00:00
IDN,1977,HIGH_TECH_EXPORTS,,Indonesia,TX.VAL.TECH.MF.ZS,High technology exports percentage manufactured exports,percent,annual,none,world_bank,2026-05-13T21:11:46.133724+00:00
IDN,1978,HIGH_TECH_EXPORTS,,Indonesia,TX.VAL.TECH.MF.ZS,High technology exports percentage manufactured exports,percent,annual,none,world_bank,2026-05-13T21:11:46.133724+00:00
IDN,1979,HIGH_TECH_EXPORTS,,Indonesia,TX.VAL.TECH.MF.ZS,High technology exports percentage manufactured exports,percent,annual,none,world_bank,2026-05-13T21:11:46.133724+00:00
IDN,1980,HIGH_TECH_EXPORTS,,Indonesia,TX.VAL.TECH.MF.ZS,High technology exports percentage manufactured exports,percent,annual,none,world_bank,2026-05-13T21:11:46.133724+00:00
IDN,1981,HIGH_TECH_EXPORTS,,Indonesia,TX.VAL.TECH.MF.ZS,High technology exports percentage manufactured exports,percent,annual,none,world_bank,2026-05-13T21:11:46.133724+00:00
IDN,1982,HIGH_TECH_EXPORTS,,Indonesia,TX.VAL.TECH.MF.ZS,High technology exports percentage manufactured exports,percent,annual,none,world_bank,2026-05-13T21:11:46.133724+00:00
IDN,1983,HIGH_TECH_EXPORTS,,Indonesia,TX.VAL.TECH.MF.ZS,High technology exports percentage manufactured exports,percent,annual,none,world_bank,2026-05-13T21:11:46.133724+00:00
IDN,1984,HIGH_TECH_EXPORTS,,Indonesia,TX.VAL.TECH.MF.ZS,High technology exports percentage manufactured exports,percent,annual,none,world_bank,2026-05-13T21:11:46.133724+00:00
IDN,1985,HIGH_TECH_EXPORTS,,Indonesia,TX.VAL.TECH.MF.ZS,High technology exports percentage manufactured exports,percent,annual,none,world_bank,2026-05-13T21:11:46.133724+00:00
IDN,1986,HIGH_TECH_EXPORTS,,Indonesia,TX.VAL.TECH.MF.ZS,High technology exports percentage manufactured exports,percent,annual,none,world_bank,2026-05-13T21:11:46.133724+00:00
IDN,1987,HIGH_TECH_EXPORTS,,Indonesia,TX.VAL.TECH.MF.ZS,High technology exports percentage manufactured exports,percent,annual,none,world_bank,2026-05-13T21:11:46.133724+00:00
IDN,1988,HIGH_TECH_EXPORTS,,Indonesia,TX.VAL.TECH.MF.ZS,High technology exports percentage manufactured exports,percent,annual,none,world_bank,2026-05-13T21:11:46.133724+00:00
IDN,1989,HIGH_TECH_EXPORTS,,Indonesia,TX.VAL.TECH.MF.ZS,High technology exports percentage manufactured exports,percent,annual,none,world_bank,2026-05-13T21:11:46.133724+00:00
IDN,1990,HIGH_TECH_EXPORTS,,Indonesia,TX.VAL.TECH.MF.ZS,High technology exports percentage manufactured exports,percent,annual,none,world_bank,2026-05-13T21:11:46.133724+00:00
IDN,1991,HIGH_TECH_EXPORTS,,Indonesia,TX.VAL.TECH.MF.ZS,High technology exports percentage manufactured exports,percent,annual,none,world_bank,2026-05-13T21:11:46.133724+00:00
IDN,1992,HIGH_TECH_EXPORTS,,Indonesia,TX.VAL.TECH.MF.ZS,High technology exports percentage manufactured exports,percent,annual,none,world_bank,2026-05-13T21:11:46.133724+00:00
IDN,1993,HIGH_TECH_EXPORTS,,Indonesia,TX.VAL.TECH.MF.ZS,High technology exports percentage manufactured exports,percent,annual,none,world_bank,2026-05-13T21:11:46.133724+00:00
IDN,1994,HIGH_TECH_EXPORTS,,Indonesia,TX.VAL.TECH.MF.ZS,High technology exports percentage manufactured exports,percent,annual,none,world_bank,2026-05-13T21:11:46.133724+00:00
IDN,1995,HIGH_TECH_EXPORTS,,Indonesia,TX.VAL.TECH.MF.ZS,High technology exports percentage manufactured exports,percent,annual,none,world_bank,2026-05-13T21:11:46.133724+00:00
IDN,1996,HIGH_TECH_EXPORTS,,Indonesia,TX.VAL.TECH.MF.ZS,High technology exports percentage manufactured exports,percent,annual,none,world_bank,2026-05-13T21:11:46.133724+00:00
IDN,1997,HIGH_TECH_EXPORTS,,Indonesia,TX.VAL.TECH.MF.ZS,High technology exports percentage manufactured exports,percent,annual,none,world_bank,2026-05-13T21:11:46.133724+00:00
IDN,1998,HIGH_TECH_EXPORTS,,Indonesia,TX.VAL.TECH.MF.ZS,High technology exports percentage manufactured exports,percent,annual,none,world_bank,2026-05-13T21:11:46.133724+00:00
IDN,1999,HIGH_TECH_EXPORTS,,Indonesia,TX.VAL.TECH.MF.ZS,High technology exports percentage manufactured exports,percent,annual,none,world_bank,2026-05-13T21:11:46.133724+00:00
IDN,2000,HIGH_TECH_EXPORTS,,Indonesia,TX.VAL.TECH.MF.ZS,High technology exports percentage manufactured exports,percent,annual,none,world_bank,2026-05-13T21:11:46.133724+00:00
IDN,2001,HIGH_TECH_EXPORTS,,Indonesia,TX.VAL.TECH.MF.ZS,High technology exports percentage manufactured exports,percent,annual,none,world_bank,2026-05-13T21:11:46.133724+00:00
IDN,2002,HIGH_TECH_EXPORTS,,Indonesia,TX.VAL.TECH.MF.ZS,High technology exports percentage manufactured exports,percent,annual,none,world_bank,2026-05-13T21:11:46.133724+00:00
IDN,2003,HIGH_TECH_EXPORTS,,Indonesia,TX.VAL.TECH.MF.ZS,High technology exports percentage manufactured exports,percent,annual,none,world_bank,2026-05-13T21:11:46.133724+00:00
IDN,2004,HIGH_TECH_EXPORTS,,Indonesia,TX.VAL.TECH.MF.ZS,High technology exports percentage manufactured exports,percent,annual,none,world_bank,2026-05-13T21:11:46.133724+00:00
IDN,2005,HIGH_TECH_EXPORTS,,Indonesia,TX.VAL.TECH.MF.ZS,High technology exports percentage manufactured exports,percent,annual,none,world_bank,2026-05-13T21:11:46.133724+00:00
IDN,2006,HIGH_TECH_EXPORTS,,Indonesia,TX.VAL.TECH.MF.ZS,High technology exports percentage manufactured exports,percent,annual,none,world_bank,2026-05-13T21:11:46.133724+00:00
IDN,2007,HIGH_TECH_EXPORTS,,Indonesia,TX.VAL.TECH.MF.ZS,High technology exports percentage manufactured exports,percent,annual,none,world_bank,2026-05-13T21:11:46.133724+00:00
IDN,2008,HIGH_TECH_EXPORTS,,Indonesia,TX.VAL.TECH.MF.ZS,High technology exports percentage manufactured exports,percent,annual,none,world_bank,2026-05-13T21:11:46.133724+00:00
IDN,2009,HIGH_TECH_EXPORTS,,Indonesia,TX.VAL.TECH.MF.ZS,High technology exports percentage manufactured exports,percent,annual,none,world_bank,2026-05-13T21:11:46.133724+00:00
IDN,2010,HIGH_TECH_EXPORTS,12.3118145549136,Indonesia,TX.VAL.TECH.MF.ZS,High technology exports percentage manufactured exports,percent,annual,none,world_bank,2026-05-13T21:11:46.133724+00:00
IDN,2011,HIGH_TECH_EXPORTS,10.8171407679199,Indonesia,TX.VAL.TECH.MF.ZS,High technology exports percentage manufactured exports,percent,annual,none,world_bank,2026-05-13T21:11:46.133724+00:00
IDN,2012,HIGH_TECH_EXPORTS,10.871757163658,Indonesia,TX.VAL.TECH.MF.ZS,High technology exports percentage manufactured exports,percent,annual,none,world_bank,2026-05-13T21:11:46.133724+00:00
IDN,2013,HIGH_TECH_EXPORTS,9.67606262852233,Indonesia,TX.VAL.TECH.MF.ZS,High technology exports percentage manufactured exports,percent,annual,none,world_bank,2026-05-13T21:11:46.133724+00:00
IDN,2014,HIGH_TECH_EXPORTS,9.32850761968047,Indonesia,TX.VAL.TECH.MF.ZS,High technology exports percentage manufactured exports,percent,annual,none,world_bank,2026-05-13T21:11:46.133724+00:00
IDN,2015,HIGH_TECH_EXPORTS,8.88987824359938,Indonesia,TX.VAL.TECH.MF.ZS,High technology exports percentage manufactured exports,percent,annual,none,world_bank,2026-05-13T21:11:46.133724+00:00
IDN,2016,HIGH_TECH_EXPORTS,7.99860974921307,Indonesia,TX.VAL.TECH.MF.ZS,High technology exports percentage manufactured exports,percent,annual,none,world_bank,2026-05-13T21:11:46.133724+00:00
IDN,2017,HIGH_TECH_EXPORTS,8.44632702628773,Indonesia,TX.VAL.TECH.MF.ZS,High technology exports percentage manufactured exports,percent,annual,none,world_bank,2026-05-13T21:11:46.133724+00:00
IDN,2018,HIGH_TECH_EXPORTS,8.21299200751234,Indonesia,TX.VAL.TECH.MF.ZS,High technology exports percentage manufactured exports,percent,annual,none,world_bank,2026-05-13T21:11:46.133724+00:00
IDN,2019,HIGH_TECH_EXPORTS,8.09206094724751,Indonesia,TX.VAL.TECH.MF.ZS,High technology exports percentage manufactured exports,percent,annual,none,world_bank,2026-05-13T21:11:46.133724+00:00
IDN,2020,HIGH_TECH_EXPORTS,8.4247469855579,Indonesia,TX.VAL.TECH.MF.ZS,High technology exports percentage manufactured exports,percent,annual,none,world_bank,2026-05-13T21:11:46.133724+00:00
IDN,2021,HIGH_TECH_EXPORTS,7.20127970144306,Indonesia,TX.VAL.TECH.MF.ZS,High technology exports percentage manufactured exports,percent,annual,none,world_bank,2026-05-13T21:11:46.133724+00:00
IDN,2022,HIGH_TECH_EXPORTS,8.30819306709832,Indonesia,TX.VAL.TECH.MF.ZS,High technology exports percentage manufactured exports,percent,annual,none,world_bank,2026-05-13T21:11:46.133724+00:00
IDN,2023,HIGH_TECH_EXPORTS,9.08308687782522,Indonesia,TX.VAL.TECH.MF.ZS,High technology exports percentage manufactured exports,percent,annual,none,world_bank,2026-05-13T21:11:46.133724+00:00
IDN,2024,HIGH_TECH_EXPORTS,8.7110437578916,Indonesia,TX.VAL.TECH.MF.ZS,High technology exports percentage manufactured exports,percent,annual,none,world_bank,2026-05-13T21:11:46.133724+00:00
IDN,2025,HIGH_TECH_EXPORTS,,Indonesia,TX.VAL.TECH.MF.ZS,High technology exports percentage manufactured exports,percent,annual,none,world_bank,2026-05-13T21:11:46.133724+00:00
IDN,1960,IMPORTS_PERCENT_GDP,12.5576627370579,Indonesia,NE.IMP.GNFS.ZS,Imports of goods and services percentage of GDP,percent,annual,none,world_bank,2026-05-13T21:11:07.607139+00:00
IDN,1961,IMPORTS_PERCENT_GDP,13.6141246543289,Indonesia,NE.IMP.GNFS.ZS,Imports of goods and services percentage of GDP,percent,annual,none,world_bank,2026-05-13T21:11:07.607139+00:00
IDN,1962,IMPORTS_PERCENT_GDP,5.39285446783012,Indonesia,NE.IMP.GNFS.ZS,Imports of goods and services percentage of GDP,percent,annual,none,world_bank,2026-05-13T21:11:07.607139+00:00
IDN,1963,IMPORTS_PERCENT_GDP,9.34928945400149,Indonesia,NE.IMP.GNFS.ZS,Imports of goods and services percentage of GDP,percent,annual,none,world_bank,2026-05-13T21:11:07.607139+00:00
IDN,1964,IMPORTS_PERCENT_GDP,13.0651153010444,Indonesia,NE.IMP.GNFS.ZS,Imports of goods and services percentage of GDP,percent,annual,none,world_bank,2026-05-13T21:11:07.607139+00:00
IDN,1965,IMPORTS_PERCENT_GDP,5.73597638127372,Indonesia,NE.IMP.GNFS.ZS,Imports of goods and services percentage of GDP,percent,annual,none,world_bank,2026-05-13T21:11:07.607139+00:00
IDN,1966,IMPORTS_PERCENT_GDP,22.0955998733777,Indonesia,NE.IMP.GNFS.ZS,Imports of goods and services percentage of GDP,percent,annual,none,world_bank,2026-05-13T21:11:07.607139+00:00
IDN,1967,IMPORTS_PERCENT_GDP,16.8671856569946,Indonesia,NE.IMP.GNFS.ZS,Imports of goods and services percentage of GDP,percent,annual,none,world_bank,2026-05-13T21:11:07.607139+00:00
IDN,1968,IMPORTS_PERCENT_GDP,15.5768588734678,Indonesia,NE.IMP.GNFS.ZS,Imports of goods and services percentage of GDP,percent,annual,none,world_bank,2026-05-13T21:11:07.607139+00:00
IDN,1969,IMPORTS_PERCENT_GDP,14.8270787343635,Indonesia,NE.IMP.GNFS.ZS,Imports of goods and services percentage of GDP,percent,annual,none,world_bank,2026-05-13T21:11:07.607139+00:00
IDN,1970,IMPORTS_PERCENT_GDP,15.8383233532934,Indonesia,NE.IMP.GNFS.ZS,Imports of goods and services percentage of GDP,percent,annual,none,world_bank,2026-05-13T21:11:07.607139+00:00
IDN,1971,IMPORTS_PERCENT_GDP,16.6421568627451,Indonesia,NE.IMP.GNFS.ZS,Imports of goods and services percentage of GDP,percent,annual,none,world_bank,2026-05-13T21:11:07.607139+00:00
IDN,1972,IMPORTS_PERCENT_GDP,18.8957055214724,Indonesia,NE.IMP.GNFS.ZS,Imports of goods and services percentage of GDP,percent,annual,none,world_bank,2026-05-13T21:11:07.607139+00:00
IDN,1973,IMPORTS_PERCENT_GDP,19.4805579411852,Indonesia,NE.IMP.GNFS.ZS,Imports of goods and services percentage of GDP,percent,annual,none,world_bank,2026-05-13T21:11:07.607139+00:00
IDN,1974,IMPORTS_PERCENT_GDP,21.4204333208816,Indonesia,NE.IMP.GNFS.ZS,Imports of goods and services percentage of GDP,percent,annual,none,world_bank,2026-05-13T21:11:07.607139+00:00
IDN,1975,IMPORTS_PERCENT_GDP,21.9735020763298,Indonesia,NE.IMP.GNFS.ZS,Imports of goods and services percentage of GDP,percent,annual,none,world_bank,2026-05-13T21:11:07.607139+00:00
IDN,1976,IMPORTS_PERCENT_GDP,20.8324982058228,Indonesia,NE.IMP.GNFS.ZS,Imports of goods and services percentage of GDP,percent,annual,none,world_bank,2026-05-13T21:11:07.607139+00:00
IDN,1977,IMPORTS_PERCENT_GDP,20.0792185453455,Indonesia,NE.IMP.GNFS.ZS,Imports of goods and services percentage of GDP,percent,annual,none,world_bank,2026-05-13T21:11:07.607139+00:00
IDN,1978,IMPORTS_PERCENT_GDP,20.8476215598347,Indonesia,NE.IMP.GNFS.ZS,Imports of goods and services percentage of GDP,percent,annual,none,world_bank,2026-05-13T21:11:07.607139+00:00
IDN,1979,IMPORTS_PERCENT_GDP,23.5897131651751,Indonesia,NE.IMP.GNFS.ZS,Imports of goods and services percentage of GDP,percent,annual,none,world_bank,2026-05-13T21:11:07.607139+00:00
IDN,1980,IMPORTS_PERCENT_GDP,22.1798762039093,Indonesia,NE.IMP.GNFS.ZS,Imports of goods and services percentage of GDP,percent,annual,none,world_bank,2026-05-13T21:11:07.607139+00:00
IDN,1981,IMPORTS_PERCENT_GDP,25.5468562015289,Indonesia,NE.IMP.GNFS.ZS,Imports of goods and services percentage of GDP,percent,annual,none,world_bank,2026-05-13T21:11:07.607139+00:00
IDN,1982,IMPORTS_PERCENT_GDP,26.2971931460309,Indonesia,NE.IMP.GNFS.ZS,Imports of goods and services percentage of GDP,percent,annual,none,world_bank,2026-05-13T21:11:07.607139+00:00
IDN,1983,IMPORTS_PERCENT_GDP,28.8138284014676,Indonesia,NE.IMP.GNFS.ZS,Imports of goods and services percentage of GDP,percent,annual,none,world_bank,2026-05-13T21:11:07.607139+00:00
IDN,1984,IMPORTS_PERCENT_GDP,22.795641366128,Indonesia,NE.IMP.GNFS.ZS,Imports of goods and services percentage of GDP,percent,annual,none,world_bank,2026-05-13T21:11:07.607139+00:00
IDN,1985,IMPORTS_PERCENT_GDP,20.9407015143453,Indonesia,NE.IMP.GNFS.ZS,Imports of goods and services percentage of GDP,percent,annual,none,world_bank,2026-05-13T21:11:07.607139+00:00
IDN,1986,IMPORTS_PERCENT_GDP,20.5139357107403,Indonesia,NE.IMP.GNFS.ZS,Imports of goods and services percentage of GDP,percent,annual,none,world_bank,2026-05-13T21:11:07.607139+00:00
IDN,1987,IMPORTS_PERCENT_GDP,22.3974477815104,Indonesia,NE.IMP.GNFS.ZS,Imports of goods and services percentage of GDP,percent,annual,none,world_bank,2026-05-13T21:11:07.607139+00:00
IDN,1988,IMPORTS_PERCENT_GDP,22.2129020272362,Indonesia,NE.IMP.GNFS.ZS,Imports of goods and services percentage of GDP,percent,annual,none,world_bank,2026-05-13T21:11:07.607139+00:00
IDN,1989,IMPORTS_PERCENT_GDP,22.9943290265198,Indonesia,NE.IMP.GNFS.ZS,Imports of goods and services percentage of GDP,percent,annual,none,world_bank,2026-05-13T21:11:07.607139+00:00
IDN,1990,IMPORTS_PERCENT_GDP,25.5861024595444,Indonesia,NE.IMP.GNFS.ZS,Imports of goods and services percentage of GDP,percent,annual,none,world_bank,2026-05-13T21:11:07.607139+00:00
IDN,1991,IMPORTS_PERCENT_GDP,26.4883038133183,Indonesia,NE.IMP.GNFS.ZS,Imports of goods and services percentage of GDP,percent,annual,none,world_bank,2026-05-13T21:11:07.607139+00:00
IDN,1992,IMPORTS_PERCENT_GDP,27.1199706023253,Indonesia,NE.IMP.GNFS.ZS,Imports of goods and services percentage of GDP,percent,annual,none,world_bank,2026-05-13T21:11:07.607139+00:00
IDN,1993,IMPORTS_PERCENT_GDP,23.768572466506,Indonesia,NE.IMP.GNFS.ZS,Imports of goods and services percentage of GDP,percent,annual,none,world_bank,2026-05-13T21:11:07.607139+00:00
IDN,1994,IMPORTS_PERCENT_GDP,25.3656731979016,Indonesia,NE.IMP.GNFS.ZS,Imports of goods and services percentage of GDP,percent,annual,none,world_bank,2026-05-13T21:11:07.607139+00:00
IDN,1995,IMPORTS_PERCENT_GDP,27.6464250504,Indonesia,NE.IMP.GNFS.ZS,Imports of goods and services percentage of GDP,percent,annual,none,world_bank,2026-05-13T21:11:07.607139+00:00
IDN,1996,IMPORTS_PERCENT_GDP,26.4401916750537,Indonesia,NE.IMP.GNFS.ZS,Imports of goods and services percentage of GDP,percent,annual,none,world_bank,2026-05-13T21:11:07.607139+00:00
IDN,1997,IMPORTS_PERCENT_GDP,28.134615525546,Indonesia,NE.IMP.GNFS.ZS,Imports of goods and services percentage of GDP,percent,annual,none,world_bank,2026-05-13T21:11:07.607139+00:00
IDN,1998,IMPORTS_PERCENT_GDP,43.2180577941907,Indonesia,NE.IMP.GNFS.ZS,Imports of goods and services percentage of GDP,percent,annual,none,world_bank,2026-05-13T21:11:07.607139+00:00
IDN,1999,IMPORTS_PERCENT_GDP,27.4297837763323,Indonesia,NE.IMP.GNFS.ZS,Imports of goods and services percentage of GDP,percent,annual,none,world_bank,2026-05-13T21:11:07.607139+00:00
IDN,2000,IMPORTS_PERCENT_GDP,30.4595674435027,Indonesia,NE.IMP.GNFS.ZS,Imports of goods and services percentage of GDP,percent,annual,none,world_bank,2026-05-13T21:11:07.607139+00:00
IDN,2001,IMPORTS_PERCENT_GDP,30.7610684301127,Indonesia,NE.IMP.GNFS.ZS,Imports of goods and services percentage of GDP,percent,annual,none,world_bank,2026-05-13T21:11:07.607139+00:00
IDN,2002,IMPORTS_PERCENT_GDP,26.3918408785348,Indonesia,NE.IMP.GNFS.ZS,Imports of goods and services percentage of GDP,percent,annual,none,world_bank,2026-05-13T21:11:07.607139+00:00
IDN,2003,IMPORTS_PERCENT_GDP,23.1388389663355,Indonesia,NE.IMP.GNFS.ZS,Imports of goods and services percentage of GDP,percent,annual,none,world_bank,2026-05-13T21:11:07.607139+00:00
IDN,2004,IMPORTS_PERCENT_GDP,27.5446002184312,Indonesia,NE.IMP.GNFS.ZS,Imports of goods and services percentage of GDP,percent,annual,none,world_bank,2026-05-13T21:11:07.607139+00:00
IDN,2005,IMPORTS_PERCENT_GDP,29.9206682408643,Indonesia,NE.IMP.GNFS.ZS,Imports of goods and services percentage of GDP,percent,annual,none,world_bank,2026-05-13T21:11:07.607139+00:00
IDN,2006,IMPORTS_PERCENT_GDP,25.6224105005701,Indonesia,NE.IMP.GNFS.ZS,Imports of goods and services percentage of GDP,percent,annual,none,world_bank,2026-05-13T21:11:07.607139+00:00
IDN,2007,IMPORTS_PERCENT_GDP,25.3935314930811,Indonesia,NE.IMP.GNFS.ZS,Imports of goods and services percentage of GDP,percent,annual,none,world_bank,2026-05-13T21:11:07.607139+00:00
IDN,2008,IMPORTS_PERCENT_GDP,28.7531154639229,Indonesia,NE.IMP.GNFS.ZS,Imports of goods and services percentage of GDP,percent,annual,none,world_bank,2026-05-13T21:11:07.607139+00:00
IDN,2009,IMPORTS_PERCENT_GDP,21.3530017000775,Indonesia,NE.IMP.GNFS.ZS,Imports of goods and services percentage of GDP,percent,annual,none,world_bank,2026-05-13T21:11:07.607139+00:00
IDN,2010,IMPORTS_PERCENT_GDP,22.4022429392329,Indonesia,NE.IMP.GNFS.ZS,Imports of goods and services percentage of GDP,percent,annual,none,world_bank,2026-05-13T21:11:07.607139+00:00
IDN,2011,IMPORTS_PERCENT_GDP,23.8526600952268,Indonesia,NE.IMP.GNFS.ZS,Imports of goods and services percentage of GDP,percent,annual,none,world_bank,2026-05-13T21:11:07.607139+00:00
IDN,2012,IMPORTS_PERCENT_GDP,24.9885195110858,Indonesia,NE.IMP.GNFS.ZS,Imports of goods and services percentage of GDP,percent,annual,none,world_bank,2026-05-13T21:11:07.607139+00:00
IDN,2013,IMPORTS_PERCENT_GDP,24.7137962959288,Indonesia,NE.IMP.GNFS.ZS,Imports of goods and services percentage of GDP,percent,annual,none,world_bank,2026-05-13T21:11:07.607139+00:00
IDN,2014,IMPORTS_PERCENT_GDP,24.414190988586,Indonesia,NE.IMP.GNFS.ZS,Imports of goods and services percentage of GDP,percent,annual,none,world_bank,2026-05-13T21:11:07.607139+00:00
IDN,2015,IMPORTS_PERCENT_GDP,20.7774609817235,Indonesia,NE.IMP.GNFS.ZS,Imports of goods and services percentage of GDP,percent,annual,none,world_bank,2026-05-13T21:11:07.607139+00:00
IDN,2016,IMPORTS_PERCENT_GDP,18.3323479486654,Indonesia,NE.IMP.GNFS.ZS,Imports of goods and services percentage of GDP,percent,annual,none,world_bank,2026-05-13T21:11:07.607139+00:00
IDN,2017,IMPORTS_PERCENT_GDP,19.17819263535,Indonesia,NE.IMP.GNFS.ZS,Imports of goods and services percentage of GDP,percent,annual,none,world_bank,2026-05-13T21:11:07.607139+00:00
IDN,2018,IMPORTS_PERCENT_GDP,22.0715624579547,Indonesia,NE.IMP.GNFS.ZS,Imports of goods and services percentage of GDP,percent,annual,none,world_bank,2026-05-13T21:11:07.607139+00:00
IDN,2019,IMPORTS_PERCENT_GDP,19.0362497386225,Indonesia,NE.IMP.GNFS.ZS,Imports of goods and services percentage of GDP,percent,annual,none,world_bank,2026-05-13T21:11:07.607139+00:00
IDN,2020,IMPORTS_PERCENT_GDP,15.6410071153504,Indonesia,NE.IMP.GNFS.ZS,Imports of goods and services percentage of GDP,percent,annual,none,world_bank,2026-05-13T21:11:07.607139+00:00
IDN,2021,IMPORTS_PERCENT_GDP,18.7882026359018,Indonesia,NE.IMP.GNFS.ZS,Imports of goods and services percentage of GDP,percent,annual,none,world_bank,2026-05-13T21:11:07.607139+00:00
IDN,2022,IMPORTS_PERCENT_GDP,20.9617585096621,Indonesia,NE.IMP.GNFS.ZS,Imports of goods and services percentage of GDP,percent,annual,none,world_bank,2026-05-13T21:11:07.607139+00:00
IDN,2023,IMPORTS_PERCENT_GDP,19.5824396668474,Indonesia,NE.IMP.GNFS.ZS,Imports of goods and services percentage of GDP,percent,annual,none,world_bank,2026-05-13T21:11:07.607139+00:00
IDN,2024,IMPORTS_PERCENT_GDP,20.389334433174,Indonesia,NE.IMP.GNFS.ZS,Imports of goods and services percentage of GDP,percent,annual,none,world_bank,2026-05-13T21:11:07.607139+00:00
IDN,2025,IMPORTS_PERCENT_GDP,,Indonesia,NE.IMP.GNFS.ZS,Imports of goods and services percentage of GDP,percent,annual,none,world_bank,2026-05-13T21:11:07.607139+00:00
IDN,1960,INFLATION,39.5904436860067,Indonesia,FP.CPI.TOTL.ZG,Inflation consumer prices annual percentage,percent,annual,none,world_bank,2026-05-13T21:11:03.794912+00:00
IDN,1961,INFLATION,13.6919315403424,Indonesia,FP.CPI.TOTL.ZG,Inflation consumer prices annual percentage,percent,annual,none,world_bank,2026-05-13T21:11:03.794912+00:00
IDN,1962,INFLATION,131.397849462365,Indonesia,FP.CPI.TOTL.ZG,Inflation consumer prices annual percentage,percent,annual,none,world_bank,2026-05-13T21:11:03.794912+00:00
IDN,1963,INFLATION,145.910780669145,Indonesia,FP.CPI.TOTL.ZG,Inflation consumer prices annual percentage,percent,annual,none,world_bank,2026-05-13T21:11:03.794912+00:00
IDN,1964,INFLATION,108.994708994709,Indonesia,FP.CPI.TOTL.ZG,Inflation consumer prices annual percentage,percent,annual,none,world_bank,2026-05-13T21:11:03.794912+00:00
IDN,1965,INFLATION,306.763110307415,Indonesia,FP.CPI.TOTL.ZG,Inflation consumer prices annual percentage,percent,annual,none,world_bank,2026-05-13T21:11:03.794912+00:00
IDN,1966,INFLATION,1136.2541122077,Indonesia,FP.CPI.TOTL.ZG,Inflation consumer prices annual percentage,percent,annual,none,world_bank,2026-05-13T21:11:03.794912+00:00
IDN,1967,INFLATION,106.0,Indonesia,FP.CPI.TOTL.ZG,Inflation consumer prices annual percentage,percent,annual,none,world_bank,2026-05-13T21:11:03.794912+00:00
IDN,1968,INFLATION,128.843042071197,Indonesia,FP.CPI.TOTL.ZG,Inflation consumer prices annual percentage,percent,annual,none,world_bank,2026-05-13T21:11:03.794912+00:00
IDN,1969,INFLATION,15.4798773314404,Indonesia,FP.CPI.TOTL.ZG,Inflation consumer prices annual percentage,percent,annual,none,world_bank,2026-05-13T21:11:03.794912+00:00
IDN,1970,INFLATION,12.399468513041,Indonesia,FP.CPI.TOTL.ZG,Inflation consumer prices annual percentage,percent,annual,none,world_bank,2026-05-13T21:11:03.794912+00:00
IDN,1971,INFLATION,4.23374587741607,Indonesia,FP.CPI.TOTL.ZG,Inflation consumer prices annual percentage,percent,annual,none,world_bank,2026-05-13T21:11:03.794912+00:00
IDN,1972,INFLATION,6.52174091852604,Indonesia,FP.CPI.TOTL.ZG,Inflation consumer prices annual percentage,percent,annual,none,world_bank,2026-05-13T21:11:03.794912+00:00
IDN,1973,INFLATION,31.0418824339182,Indonesia,FP.CPI.TOTL.ZG,Inflation consumer prices annual percentage,percent,annual,none,world_bank,2026-05-13T21:11:03.794912+00:00
IDN,1974,INFLATION,40.491811600695,Indonesia,FP.CPI.TOTL.ZG,Inflation consumer prices annual percentage,percent,annual,none,world_bank,2026-05-13T21:11:03.794912+00:00
IDN,1975,INFLATION,19.1656916610533,Indonesia,FP.CPI.TOTL.ZG,Inflation consumer prices annual percentage,percent,annual,none,world_bank,2026-05-13T21:11:03.794912+00:00
IDN,1976,INFLATION,19.8286499927534,Indonesia,FP.CPI.TOTL.ZG,Inflation consumer prices annual percentage,percent,annual,none,world_bank,2026-05-13T21:11:03.794912+00:00
IDN,1977,INFLATION,11.0520846464477,Indonesia,FP.CPI.TOTL.ZG,Inflation consumer prices annual percentage,percent,annual,none,world_bank,2026-05-13T21:11:03.794912+00:00
IDN,1978,INFLATION,8.11259425677378,Indonesia,FP.CPI.TOTL.ZG,Inflation consumer prices annual percentage,percent,annual,none,world_bank,2026-05-13T21:11:03.794912+00:00
IDN,1979,INFLATION,16.2327695334308,Indonesia,FP.CPI.TOTL.ZG,Inflation consumer prices annual percentage,percent,annual,none,world_bank,2026-05-13T21:11:03.794912+00:00
IDN,1980,INFLATION,18.035422125313,Indonesia,FP.CPI.TOTL.ZG,Inflation consumer prices annual percentage,percent,annual,none,world_bank,2026-05-13T21:11:03.794912+00:00
IDN,1981,INFLATION,12.2659075874853,Indonesia,FP.CPI.TOTL.ZG,Inflation consumer prices annual percentage,percent,annual,none,world_bank,2026-05-13T21:11:03.794912+00:00
IDN,1982,INFLATION,9.44542534921144,Indonesia,FP.CPI.TOTL.ZG,Inflation consumer prices annual percentage,percent,annual,none,world_bank,2026-05-13T21:11:03.794912+00:00
IDN,1983,INFLATION,11.7997382076652,Indonesia,FP.CPI.TOTL.ZG,Inflation consumer prices annual percentage,percent,annual,none,world_bank,2026-05-13T21:11:03.794912+00:00
IDN,1984,INFLATION,10.4550392231412,Indonesia,FP.CPI.TOTL.ZG,Inflation consumer prices annual percentage,percent,annual,none,world_bank,2026-05-13T21:11:03.794912+00:00
IDN,1985,INFLATION,4.72453518543398,Indonesia,FP.CPI.TOTL.ZG,Inflation consumer prices annual percentage,percent,annual,none,world_bank,2026-05-13T21:11:03.794912+00:00
IDN,1986,INFLATION,5.82266576732484,Indonesia,FP.CPI.TOTL.ZG,Inflation consumer prices annual percentage,percent,annual,none,world_bank,2026-05-13T21:11:03.794912+00:00
IDN,1987,INFLATION,9.27865406602839,Indonesia,FP.CPI.TOTL.ZG,Inflation consumer prices annual percentage,percent,annual,none,world_bank,2026-05-13T21:11:03.794912+00:00
IDN,1988,INFLATION,8.04535671530907,Indonesia,FP.CPI.TOTL.ZG,Inflation consumer prices annual percentage,percent,annual,none,world_bank,2026-05-13T21:11:03.794912+00:00
IDN,1989,INFLATION,6.41554079916364,Indonesia,FP.CPI.TOTL.ZG,Inflation consumer prices annual percentage,percent,annual,none,world_bank,2026-05-13T21:11:03.794912+00:00
IDN,1990,INFLATION,7.81919756505635,Indonesia,FP.CPI.TOTL.ZG,Inflation consumer prices annual percentage,percent,annual,none,world_bank,2026-05-13T21:11:03.794912+00:00
IDN,1991,INFLATION,9.41906784347004,Indonesia,FP.CPI.TOTL.ZG,Inflation consumer prices annual percentage,percent,annual,none,world_bank,2026-05-13T21:11:03.794912+00:00
IDN,1992,INFLATION,7.52351006242677,Indonesia,FP.CPI.TOTL.ZG,Inflation consumer prices annual percentage,percent,annual,none,world_bank,2026-05-13T21:11:03.794912+00:00
IDN,1993,INFLATION,9.6719108926401,Indonesia,FP.CPI.TOTL.ZG,Inflation consumer prices annual percentage,percent,annual,none,world_bank,2026-05-13T21:11:03.794912+00:00
IDN,1994,INFLATION,8.53199829189143,Indonesia,FP.CPI.TOTL.ZG,Inflation consumer prices annual percentage,percent,annual,none,world_bank,2026-05-13T21:11:03.794912+00:00
IDN,1995,INFLATION,9.42030300572996,Indonesia,FP.CPI.TOTL.ZG,Inflation consumer prices annual percentage,percent,annual,none,world_bank,2026-05-13T21:11:03.794912+00:00
IDN,1996,INFLATION,7.97328096513346,Indonesia,FP.CPI.TOTL.ZG,Inflation consumer prices annual percentage,percent,annual,none,world_bank,2026-05-13T21:11:03.794912+00:00
IDN,1997,INFLATION,6.22615154887214,Indonesia,FP.CPI.TOTL.ZG,Inflation consumer prices annual percentage,percent,annual,none,world_bank,2026-05-13T21:11:03.794912+00:00
IDN,1998,INFLATION,58.4510413515526,Indonesia,FP.CPI.TOTL.ZG,Inflation consumer prices annual percentage,percent,annual,none,world_bank,2026-05-13T21:11:03.794912+00:00
IDN,1999,INFLATION,20.4778324428892,Indonesia,FP.CPI.TOTL.ZG,Inflation consumer prices annual percentage,percent,annual,none,world_bank,2026-05-13T21:11:03.794912+00:00
IDN,2000,INFLATION,3.68862037056682,Indonesia,FP.CPI.TOTL.ZG,Inflation consumer prices annual percentage,percent,annual,none,world_bank,2026-05-13T21:11:03.794912+00:00
IDN,2001,INFLATION,11.5001160550887,Indonesia,FP.CPI.TOTL.ZG,Inflation consumer prices annual percentage,percent,annual,none,world_bank,2026-05-13T21:11:03.794912+00:00
IDN,2002,INFLATION,11.9001200338414,Indonesia,FP.CPI.TOTL.ZG,Inflation consumer prices annual percentage,percent,annual,none,world_bank,2026-05-13T21:11:03.794912+00:00
IDN,2003,INFLATION,6.75731256333564,Indonesia,FP.CPI.TOTL.ZG,Inflation consumer prices annual percentage,percent,annual,none,world_bank,2026-05-13T21:11:03.794912+00:00
IDN,2004,INFLATION,6.06406189133648,Indonesia,FP.CPI.TOTL.ZG,Inflation consumer prices annual percentage,percent,annual,none,world_bank,2026-05-13T21:11:03.794912+00:00
IDN,2005,INFLATION,10.4532001873347,Indonesia,FP.CPI.TOTL.ZG,Inflation consumer prices annual percentage,percent,annual,none,world_bank,2026-05-13T21:11:03.794912+00:00
IDN,2006,INFLATION,13.108670985346,Indonesia,FP.CPI.TOTL.ZG,Inflation consumer prices annual percentage,percent,annual,none,world_bank,2026-05-13T21:11:03.794912+00:00
IDN,2007,INFLATION,6.40656087966005,Indonesia,FP.CPI.TOTL.ZG,Inflation consumer prices annual percentage,percent,annual,none,world_bank,2026-05-13T21:11:03.794912+00:00
IDN,2008,INFLATION,10.2266663272483,Indonesia,FP.CPI.TOTL.ZG,Inflation consumer prices annual percentage,percent,annual,none,world_bank,2026-05-13T21:11:03.794912+00:00
IDN,2009,INFLATION,4.38641311792074,Indonesia,FP.CPI.TOTL.ZG,Inflation consumer prices annual percentage,percent,annual,none,world_bank,2026-05-13T21:11:03.794912+00:00
IDN,2010,INFLATION,5.13420639015885,Indonesia,FP.CPI.TOTL.ZG,Inflation consumer prices annual percentage,percent,annual,none,world_bank,2026-05-13T21:11:03.794912+00:00
IDN,2011,INFLATION,5.35604849112582,Indonesia,FP.CPI.TOTL.ZG,Inflation consumer prices annual percentage,percent,annual,none,world_bank,2026-05-13T21:11:03.794912+00:00
IDN,2012,INFLATION,4.2795142691943,Indonesia,FP.CPI.TOTL.ZG,Inflation consumer prices annual percentage,percent,annual,none,world_bank,2026-05-13T21:11:03.794912+00:00
IDN,2013,INFLATION,6.41249457900391,Indonesia,FP.CPI.TOTL.ZG,Inflation consumer prices annual percentage,percent,annual,none,world_bank,2026-05-13T21:11:03.794912+00:00
IDN,2014,INFLATION,6.39492882396559,Indonesia,FP.CPI.TOTL.ZG,Inflation consumer prices annual percentage,percent,annual,none,world_bank,2026-05-13T21:11:03.794912+00:00
IDN,2015,INFLATION,6.36312061196646,Indonesia,FP.CPI.TOTL.ZG,Inflation consumer prices annual percentage,percent,annual,none,world_bank,2026-05-13T21:11:03.794912+00:00
IDN,2016,INFLATION,3.52580452815451,Indonesia,FP.CPI.TOTL.ZG,Inflation consumer prices annual percentage,percent,annual,none,world_bank,2026-05-13T21:11:03.794912+00:00
IDN,2017,INFLATION,3.80879857691949,Indonesia,FP.CPI.TOTL.ZG,Inflation consumer prices annual percentage,percent,annual,none,world_bank,2026-05-13T21:11:03.794912+00:00
IDN,2018,INFLATION,3.19834755924996,Indonesia,FP.CPI.TOTL.ZG,Inflation consumer prices annual percentage,percent,annual,none,world_bank,2026-05-13T21:11:03.794912+00:00
IDN,2019,INFLATION,3.03058460941661,Indonesia,FP.CPI.TOTL.ZG,Inflation consumer prices annual percentage,percent,annual,none,world_bank,2026-05-13T21:11:03.794912+00:00
IDN,2020,INFLATION,1.91983527270793,Indonesia,FP.CPI.TOTL.ZG,Inflation consumer prices annual percentage,percent,annual,none,world_bank,2026-05-13T21:11:03.794912+00:00
IDN,2021,INFLATION,1.56007882983334,Indonesia,FP.CPI.TOTL.ZG,Inflation consumer prices annual percentage,percent,annual,none,world_bank,2026-05-13T21:11:03.794912+00:00
IDN,2022,INFLATION,4.20946463714784,Indonesia,FP.CPI.TOTL.ZG,Inflation consumer prices annual percentage,percent,annual,none,world_bank,2026-05-13T21:11:03.794912+00:00
IDN,2023,INFLATION,3.66938654859761,Indonesia,FP.CPI.TOTL.ZG,Inflation consumer prices annual percentage,percent,annual,none,world_bank,2026-05-13T21:11:03.794912+00:00
IDN,2024,INFLATION,2.18151273615189,Indonesia,FP.CPI.TOTL.ZG,Inflation consumer prices annual percentage,percent,annual,none,world_bank,2026-05-13T21:11:03.794912+00:00
IDN,2025,INFLATION,,Indonesia,FP.CPI.TOTL.ZG,Inflation consumer prices annual percentage,percent,annual,none,world_bank,2026-05-13T21:11:03.794912+00:00
IDN,1960,MILITARY_EXPENDITURE,,Indonesia,MS.MIL.XPND.GD.ZS,Military expenditure percentage GDP,percent,annual,none,world_bank,2026-05-13T21:11:46.741824+00:00
IDN,1961,MILITARY_EXPENDITURE,,Indonesia,MS.MIL.XPND.GD.ZS,Military expenditure percentage GDP,percent,annual,none,world_bank,2026-05-13T21:11:46.741824+00:00
IDN,1962,MILITARY_EXPENDITURE,,Indonesia,MS.MIL.XPND.GD.ZS,Military expenditure percentage GDP,percent,annual,none,world_bank,2026-05-13T21:11:46.741824+00:00
IDN,1963,MILITARY_EXPENDITURE,,Indonesia,MS.MIL.XPND.GD.ZS,Military expenditure percentage GDP,percent,annual,none,world_bank,2026-05-13T21:11:46.741824+00:00
IDN,1964,MILITARY_EXPENDITURE,,Indonesia,MS.MIL.XPND.GD.ZS,Military expenditure percentage GDP,percent,annual,none,world_bank,2026-05-13T21:11:46.741824+00:00
IDN,1965,MILITARY_EXPENDITURE,,Indonesia,MS.MIL.XPND.GD.ZS,Military expenditure percentage GDP,percent,annual,none,world_bank,2026-05-13T21:11:46.741824+00:00
IDN,1966,MILITARY_EXPENDITURE,,Indonesia,MS.MIL.XPND.GD.ZS,Military expenditure percentage GDP,percent,annual,none,world_bank,2026-05-13T21:11:46.741824+00:00
IDN,1967,MILITARY_EXPENDITURE,,Indonesia,MS.MIL.XPND.GD.ZS,Military expenditure percentage GDP,percent,annual,none,world_bank,2026-05-13T21:11:46.741824+00:00
IDN,1968,MILITARY_EXPENDITURE,,Indonesia,MS.MIL.XPND.GD.ZS,Military expenditure percentage GDP,percent,annual,none,world_bank,2026-05-13T21:11:46.741824+00:00
IDN,1969,MILITARY_EXPENDITURE,,Indonesia,MS.MIL.XPND.GD.ZS,Military expenditure percentage GDP,percent,annual,none,world_bank,2026-05-13T21:11:46.741824+00:00
IDN,1970,MILITARY_EXPENDITURE,,Indonesia,MS.MIL.XPND.GD.ZS,Military expenditure percentage GDP,percent,annual,none,world_bank,2026-05-13T21:11:46.741824+00:00
IDN,1971,MILITARY_EXPENDITURE,,Indonesia,MS.MIL.XPND.GD.ZS,Military expenditure percentage GDP,percent,annual,none,world_bank,2026-05-13T21:11:46.741824+00:00
IDN,1972,MILITARY_EXPENDITURE,,Indonesia,MS.MIL.XPND.GD.ZS,Military expenditure percentage GDP,percent,annual,none,world_bank,2026-05-13T21:11:46.741824+00:00
IDN,1973,MILITARY_EXPENDITURE,,Indonesia,MS.MIL.XPND.GD.ZS,Military expenditure percentage GDP,percent,annual,none,world_bank,2026-05-13T21:11:46.741824+00:00
IDN,1974,MILITARY_EXPENDITURE,2.70592080687337,Indonesia,MS.MIL.XPND.GD.ZS,Military expenditure percentage GDP,percent,annual,none,world_bank,2026-05-13T21:11:46.741824+00:00
IDN,1975,MILITARY_EXPENDITURE,3.49218904488827,Indonesia,MS.MIL.XPND.GD.ZS,Military expenditure percentage GDP,percent,annual,none,world_bank,2026-05-13T21:11:46.741824+00:00
IDN,1976,MILITARY_EXPENDITURE,3.42186762528529,Indonesia,MS.MIL.XPND.GD.ZS,Military expenditure percentage GDP,percent,annual,none,world_bank,2026-05-13T21:11:46.741824+00:00
IDN,1977,MILITARY_EXPENDITURE,3.20608920239654,Indonesia,MS.MIL.XPND.GD.ZS,Military expenditure percentage GDP,percent,annual,none,world_bank,2026-05-13T21:11:46.741824+00:00
IDN,1978,MILITARY_EXPENDITURE,3.16319352853249,Indonesia,MS.MIL.XPND.GD.ZS,Military expenditure percentage GDP,percent,annual,none,world_bank,2026-05-13T21:11:46.741824+00:00
IDN,1979,MILITARY_EXPENDITURE,3.02025891948266,Indonesia,MS.MIL.XPND.GD.ZS,Military expenditure percentage GDP,percent,annual,none,world_bank,2026-05-13T21:11:46.741824+00:00
IDN,1980,MILITARY_EXPENDITURE,2.91721769056258,Indonesia,MS.MIL.XPND.GD.ZS,Military expenditure percentage GDP,percent,annual,none,world_bank,2026-05-13T21:11:46.741824+00:00
IDN,1981,MILITARY_EXPENDITURE,2.88462200140382,Indonesia,MS.MIL.XPND.GD.ZS,Military expenditure percentage GDP,percent,annual,none,world_bank,2026-05-13T21:11:46.741824+00:00
IDN,1982,MILITARY_EXPENDITURE,2.90192826971126,Indonesia,MS.MIL.XPND.GD.ZS,Military expenditure percentage GDP,percent,annual,none,world_bank,2026-05-13T21:11:46.741824+00:00
IDN,1983,MILITARY_EXPENDITURE,2.39812942040375,Indonesia,MS.MIL.XPND.GD.ZS,Military expenditure percentage GDP,percent,annual,none,world_bank,2026-05-13T21:11:46.741824+00:00
IDN,1984,MILITARY_EXPENDITURE,2.28542025922011,Indonesia,MS.MIL.XPND.GD.ZS,Military expenditure percentage GDP,percent,annual,none,world_bank,2026-05-13T21:11:46.741824+00:00
IDN,1985,MILITARY_EXPENDITURE,2.17059935369795,Indonesia,MS.MIL.XPND.GD.ZS,Military expenditure percentage GDP,percent,annual,none,world_bank,2026-05-13T21:11:46.741824+00:00
IDN,1986,MILITARY_EXPENDITURE,2.00976539562951,Indonesia,MS.MIL.XPND.GD.ZS,Military expenditure percentage GDP,percent,annual,none,world_bank,2026-05-13T21:11:46.741824+00:00
IDN,1987,MILITARY_EXPENDITURE,1.72218767006142,Indonesia,MS.MIL.XPND.GD.ZS,Military expenditure percentage GDP,percent,annual,none,world_bank,2026-05-13T21:11:46.741824+00:00
IDN,1988,MILITARY_EXPENDITURE,1.53084105893772,Indonesia,MS.MIL.XPND.GD.ZS,Military expenditure percentage GDP,percent,annual,none,world_bank,2026-05-13T21:11:46.741824+00:00
IDN,1989,MILITARY_EXPENDITURE,1.38913634136564,Indonesia,MS.MIL.XPND.GD.ZS,Military expenditure percentage GDP,percent,annual,none,world_bank,2026-05-13T21:11:46.741824+00:00
IDN,1990,MILITARY_EXPENDITURE,1.41049291967411,Indonesia,MS.MIL.XPND.GD.ZS,Military expenditure percentage GDP,percent,annual,none,world_bank,2026-05-13T21:11:46.741824+00:00
IDN,1991,MILITARY_EXPENDITURE,1.32406418395881,Indonesia,MS.MIL.XPND.GD.ZS,Military expenditure percentage GDP,percent,annual,none,world_bank,2026-05-13T21:11:46.741824+00:00
IDN,1992,MILITARY_EXPENDITURE,1.35687600701146,Indonesia,MS.MIL.XPND.GD.ZS,Military expenditure percentage GDP,percent,annual,none,world_bank,2026-05-13T21:11:46.741824+00:00
IDN,1993,MILITARY_EXPENDITURE,1.22355780893698,Indonesia,MS.MIL.XPND.GD.ZS,Military expenditure percentage GDP,percent,annual,none,world_bank,2026-05-13T21:11:46.741824+00:00
IDN,1994,MILITARY_EXPENDITURE,1.26615561718382,Indonesia,MS.MIL.XPND.GD.ZS,Military expenditure percentage GDP,percent,annual,none,world_bank,2026-05-13T21:11:46.741824+00:00
IDN,1995,MILITARY_EXPENDITURE,1.22630986064236,Indonesia,MS.MIL.XPND.GD.ZS,Military expenditure percentage GDP,percent,annual,none,world_bank,2026-05-13T21:11:46.741824+00:00
IDN,1996,MILITARY_EXPENDITURE,1.26439252827808,Indonesia,MS.MIL.XPND.GD.ZS,Military expenditure percentage GDP,percent,annual,none,world_bank,2026-05-13T21:11:46.741824+00:00
IDN,1997,MILITARY_EXPENDITURE,1.49774173762735,Indonesia,MS.MIL.XPND.GD.ZS,Military expenditure percentage GDP,percent,annual,none,world_bank,2026-05-13T21:11:46.741824+00:00
IDN,1998,MILITARY_EXPENDITURE,1.01911684387405,Indonesia,MS.MIL.XPND.GD.ZS,Military expenditure percentage GDP,percent,annual,none,world_bank,2026-05-13T21:11:46.741824+00:00
IDN,1999,MILITARY_EXPENDITURE,0.810812654015076,Indonesia,MS.MIL.XPND.GD.ZS,Military expenditure percentage GDP,percent,annual,none,world_bank,2026-05-13T21:11:46.741824+00:00
IDN,2000,MILITARY_EXPENDITURE,0.684483763500435,Indonesia,MS.MIL.XPND.GD.ZS,Military expenditure percentage GDP,percent,annual,none,world_bank,2026-05-13T21:11:46.741824+00:00
IDN,2001,MILITARY_EXPENDITURE,0.572792652704213,Indonesia,MS.MIL.XPND.GD.ZS,Military expenditure percentage GDP,percent,annual,none,world_bank,2026-05-13T21:11:46.741824+00:00
IDN,2002,MILITARY_EXPENDITURE,0.700120208801041,Indonesia,MS.MIL.XPND.GD.ZS,Military expenditure percentage GDP,percent,annual,none,world_bank,2026-05-13T21:11:46.741824+00:00
IDN,2003,MILITARY_EXPENDITURE,0.909285036773652,Indonesia,MS.MIL.XPND.GD.ZS,Military expenditure percentage GDP,percent,annual,none,world_bank,2026-05-13T21:11:46.741824+00:00
IDN,2004,MILITARY_EXPENDITURE,0.945714621727218,Indonesia,MS.MIL.XPND.GD.ZS,Military expenditure percentage GDP,percent,annual,none,world_bank,2026-05-13T21:11:46.741824+00:00
IDN,2005,MILITARY_EXPENDITURE,0.750789394004931,Indonesia,MS.MIL.XPND.GD.ZS,Military expenditure percentage GDP,percent,annual,none,world_bank,2026-05-13T21:11:46.741824+00:00
IDN,2006,MILITARY_EXPENDITURE,0.65870277762871,Indonesia,MS.MIL.XPND.GD.ZS,Military expenditure percentage GDP,percent,annual,none,world_bank,2026-05-13T21:11:46.741824+00:00
IDN,2007,MILITARY_EXPENDITURE,0.71236193115127,Indonesia,MS.MIL.XPND.GD.ZS,Military expenditure percentage GDP,percent,annual,none,world_bank,2026-05-13T21:11:46.741824+00:00
IDN,2008,MILITARY_EXPENDITURE,0.578945804493387,Indonesia,MS.MIL.XPND.GD.ZS,Military expenditure percentage GDP,percent,annual,none,world_bank,2026-05-13T21:11:46.741824+00:00
IDN,2009,MILITARY_EXPENDITURE,0.571133891996423,Indonesia,MS.MIL.XPND.GD.ZS,Military expenditure percentage GDP,percent,annual,none,world_bank,2026-05-13T21:11:46.741824+00:00
IDN,2010,MILITARY_EXPENDITURE,0.617587091951932,Indonesia,MS.MIL.XPND.GD.ZS,Military expenditure percentage GDP,percent,annual,none,world_bank,2026-05-13T21:11:46.741824+00:00
IDN,2011,MILITARY_EXPENDITURE,0.653776702606807,Indonesia,MS.MIL.XPND.GD.ZS,Military expenditure percentage GDP,percent,annual,none,world_bank,2026-05-13T21:11:46.741824+00:00
IDN,2012,MILITARY_EXPENDITURE,0.711549473406383,Indonesia,MS.MIL.XPND.GD.ZS,Military expenditure percentage GDP,percent,annual,none,world_bank,2026-05-13T21:11:46.741824+00:00
IDN,2013,MILITARY_EXPENDITURE,0.918769839183066,Indonesia,MS.MIL.XPND.GD.ZS,Military expenditure percentage GDP,percent,annual,none,world_bank,2026-05-13T21:11:46.741824+00:00
IDN,2014,MILITARY_EXPENDITURE,0.777855178232831,Indonesia,MS.MIL.XPND.GD.ZS,Military expenditure percentage GDP,percent,annual,none,world_bank,2026-05-13T21:11:46.741824+00:00
IDN,2015,MILITARY_EXPENDITURE,0.882266734481239,Indonesia,MS.MIL.XPND.GD.ZS,Military expenditure percentage GDP,percent,annual,none,world_bank,2026-05-13T21:11:46.741824+00:00
IDN,2016,MILITARY_EXPENDITURE,0.792220213496852,Indonesia,MS.MIL.XPND.GD.ZS,Military expenditure percentage GDP,percent,annual,none,world_bank,2026-05-13T21:11:46.741824+00:00
IDN,2017,MILITARY_EXPENDITURE,0.865191376221992,Indonesia,MS.MIL.XPND.GD.ZS,Military expenditure percentage GDP,percent,annual,none,world_bank,2026-05-13T21:11:46.741824+00:00
IDN,2018,MILITARY_EXPENDITURE,0.718928190476345,Indonesia,MS.MIL.XPND.GD.ZS,Military expenditure percentage GDP,percent,annual,none,world_bank,2026-05-13T21:11:46.741824+00:00
IDN,2019,MILITARY_EXPENDITURE,0.728563743551525,Indonesia,MS.MIL.XPND.GD.ZS,Military expenditure percentage GDP,percent,annual,none,world_bank,2026-05-13T21:11:46.741824+00:00
IDN,2020,MILITARY_EXPENDITURE,0.886277728854897,Indonesia,MS.MIL.XPND.GD.ZS,Military expenditure percentage GDP,percent,annual,none,world_bank,2026-05-13T21:11:46.741824+00:00
IDN,2021,MILITARY_EXPENDITURE,0.741525844917975,Indonesia,MS.MIL.XPND.GD.ZS,Military expenditure percentage GDP,percent,annual,none,world_bank,2026-05-13T21:11:46.741824+00:00
IDN,2022,MILITARY_EXPENDITURE,0.76801260357697,Indonesia,MS.MIL.XPND.GD.ZS,Military expenditure percentage GDP,percent,annual,none,world_bank,2026-05-13T21:11:46.741824+00:00
IDN,2023,MILITARY_EXPENDITURE,0.821108120466812,Indonesia,MS.MIL.XPND.GD.ZS,Military expenditure percentage GDP,percent,annual,none,world_bank,2026-05-13T21:11:46.741824+00:00
IDN,2024,MILITARY_EXPENDITURE,0.779216788275608,Indonesia,MS.MIL.XPND.GD.ZS,Military expenditure percentage GDP,percent,annual,none,world_bank,2026-05-13T21:11:46.741824+00:00
IDN,2025,MILITARY_EXPENDITURE,,Indonesia,MS.MIL.XPND.GD.ZS,Military expenditure percentage GDP,percent,annual,none,world_bank,2026-05-13T21:11:46.741824+00:00
IDN,1960,UNEMPLOYMENT,,Indonesia,SL.UEM.TOTL.ZS,Unemployment total percentage of labor force,percent,annual,none,world_bank,2026-05-13T21:11:04.322192+00:00
IDN,1961,UNEMPLOYMENT,,Indonesia,SL.UEM.TOTL.ZS,Unemployment total percentage of labor force,percent,annual,none,world_bank,2026-05-13T21:11:04.322192+00:00
IDN,1962,UNEMPLOYMENT,,Indonesia,SL.UEM.TOTL.ZS,Unemployment total percentage of labor force,percent,annual,none,world_bank,2026-05-13T21:11:04.322192+00:00
IDN,1963,UNEMPLOYMENT,,Indonesia,SL.UEM.TOTL.ZS,Unemployment total percentage of labor force,percent,annual,none,world_bank,2026-05-13T21:11:04.322192+00:00
IDN,1964,UNEMPLOYMENT,,Indonesia,SL.UEM.TOTL.ZS,Unemployment total percentage of labor force,percent,annual,none,world_bank,2026-05-13T21:11:04.322192+00:00
IDN,1965,UNEMPLOYMENT,,Indonesia,SL.UEM.TOTL.ZS,Unemployment total percentage of labor force,percent,annual,none,world_bank,2026-05-13T21:11:04.322192+00:00
IDN,1966,UNEMPLOYMENT,,Indonesia,SL.UEM.TOTL.ZS,Unemployment total percentage of labor force,percent,annual,none,world_bank,2026-05-13T21:11:04.322192+00:00
IDN,1967,UNEMPLOYMENT,,Indonesia,SL.UEM.TOTL.ZS,Unemployment total percentage of labor force,percent,annual,none,world_bank,2026-05-13T21:11:04.322192+00:00
IDN,1968,UNEMPLOYMENT,,Indonesia,SL.UEM.TOTL.ZS,Unemployment total percentage of labor force,percent,annual,none,world_bank,2026-05-13T21:11:04.322192+00:00
IDN,1969,UNEMPLOYMENT,,Indonesia,SL.UEM.TOTL.ZS,Unemployment total percentage of labor force,percent,annual,none,world_bank,2026-05-13T21:11:04.322192+00:00
IDN,1970,UNEMPLOYMENT,,Indonesia,SL.UEM.TOTL.ZS,Unemployment total percentage of labor force,percent,annual,none,world_bank,2026-05-13T21:11:04.322192+00:00
IDN,1971,UNEMPLOYMENT,,Indonesia,SL.UEM.TOTL.ZS,Unemployment total percentage of labor force,percent,annual,none,world_bank,2026-05-13T21:11:04.322192+00:00
IDN,1972,UNEMPLOYMENT,,Indonesia,SL.UEM.TOTL.ZS,Unemployment total percentage of labor force,percent,annual,none,world_bank,2026-05-13T21:11:04.322192+00:00
IDN,1973,UNEMPLOYMENT,,Indonesia,SL.UEM.TOTL.ZS,Unemployment total percentage of labor force,percent,annual,none,world_bank,2026-05-13T21:11:04.322192+00:00
IDN,1974,UNEMPLOYMENT,,Indonesia,SL.UEM.TOTL.ZS,Unemployment total percentage of labor force,percent,annual,none,world_bank,2026-05-13T21:11:04.322192+00:00
IDN,1975,UNEMPLOYMENT,,Indonesia,SL.UEM.TOTL.ZS,Unemployment total percentage of labor force,percent,annual,none,world_bank,2026-05-13T21:11:04.322192+00:00
IDN,1976,UNEMPLOYMENT,,Indonesia,SL.UEM.TOTL.ZS,Unemployment total percentage of labor force,percent,annual,none,world_bank,2026-05-13T21:11:04.322192+00:00
IDN,1977,UNEMPLOYMENT,,Indonesia,SL.UEM.TOTL.ZS,Unemployment total percentage of labor force,percent,annual,none,world_bank,2026-05-13T21:11:04.322192+00:00
IDN,1978,UNEMPLOYMENT,,Indonesia,SL.UEM.TOTL.ZS,Unemployment total percentage of labor force,percent,annual,none,world_bank,2026-05-13T21:11:04.322192+00:00
IDN,1979,UNEMPLOYMENT,,Indonesia,SL.UEM.TOTL.ZS,Unemployment total percentage of labor force,percent,annual,none,world_bank,2026-05-13T21:11:04.322192+00:00
IDN,1980,UNEMPLOYMENT,,Indonesia,SL.UEM.TOTL.ZS,Unemployment total percentage of labor force,percent,annual,none,world_bank,2026-05-13T21:11:04.322192+00:00
IDN,1981,UNEMPLOYMENT,,Indonesia,SL.UEM.TOTL.ZS,Unemployment total percentage of labor force,percent,annual,none,world_bank,2026-05-13T21:11:04.322192+00:00
IDN,1982,UNEMPLOYMENT,,Indonesia,SL.UEM.TOTL.ZS,Unemployment total percentage of labor force,percent,annual,none,world_bank,2026-05-13T21:11:04.322192+00:00
IDN,1983,UNEMPLOYMENT,,Indonesia,SL.UEM.TOTL.ZS,Unemployment total percentage of labor force,percent,annual,none,world_bank,2026-05-13T21:11:04.322192+00:00
IDN,1984,UNEMPLOYMENT,,Indonesia,SL.UEM.TOTL.ZS,Unemployment total percentage of labor force,percent,annual,none,world_bank,2026-05-13T21:11:04.322192+00:00
IDN,1985,UNEMPLOYMENT,,Indonesia,SL.UEM.TOTL.ZS,Unemployment total percentage of labor force,percent,annual,none,world_bank,2026-05-13T21:11:04.322192+00:00
IDN,1986,UNEMPLOYMENT,,Indonesia,SL.UEM.TOTL.ZS,Unemployment total percentage of labor force,percent,annual,none,world_bank,2026-05-13T21:11:04.322192+00:00
IDN,1987,UNEMPLOYMENT,,Indonesia,SL.UEM.TOTL.ZS,Unemployment total percentage of labor force,percent,annual,none,world_bank,2026-05-13T21:11:04.322192+00:00
IDN,1988,UNEMPLOYMENT,,Indonesia,SL.UEM.TOTL.ZS,Unemployment total percentage of labor force,percent,annual,none,world_bank,2026-05-13T21:11:04.322192+00:00
IDN,1989,UNEMPLOYMENT,,Indonesia,SL.UEM.TOTL.ZS,Unemployment total percentage of labor force,percent,annual,none,world_bank,2026-05-13T21:11:04.322192+00:00
IDN,1990,UNEMPLOYMENT,,Indonesia,SL.UEM.TOTL.ZS,Unemployment total percentage of labor force,percent,annual,none,world_bank,2026-05-13T21:11:04.322192+00:00
IDN,1991,UNEMPLOYMENT,2.617,Indonesia,SL.UEM.TOTL.ZS,Unemployment total percentage of labor force,percent,annual,none,world_bank,2026-05-13T21:11:04.322192+00:00
IDN,1992,UNEMPLOYMENT,2.734,Indonesia,SL.UEM.TOTL.ZS,Unemployment total percentage of labor force,percent,annual,none,world_bank,2026-05-13T21:11:04.322192+00:00
IDN,1993,UNEMPLOYMENT,2.782,Indonesia,SL.UEM.TOTL.ZS,Unemployment total percentage of labor force,percent,annual,none,world_bank,2026-05-13T21:11:04.322192+00:00
IDN,1994,UNEMPLOYMENT,4.366,Indonesia,SL.UEM.TOTL.ZS,Unemployment total percentage of labor force,percent,annual,none,world_bank,2026-05-13T21:11:04.322192+00:00
IDN,1995,UNEMPLOYMENT,4.611,Indonesia,SL.UEM.TOTL.ZS,Unemployment total percentage of labor force,percent,annual,none,world_bank,2026-05-13T21:11:04.322192+00:00
IDN,1996,UNEMPLOYMENT,4.861,Indonesia,SL.UEM.TOTL.ZS,Unemployment total percentage of labor force,percent,annual,none,world_bank,2026-05-13T21:11:04.322192+00:00
IDN,1997,UNEMPLOYMENT,4.684,Indonesia,SL.UEM.TOTL.ZS,Unemployment total percentage of labor force,percent,annual,none,world_bank,2026-05-13T21:11:04.322192+00:00
IDN,1998,UNEMPLOYMENT,5.459,Indonesia,SL.UEM.TOTL.ZS,Unemployment total percentage of labor force,percent,annual,none,world_bank,2026-05-13T21:11:04.322192+00:00
IDN,1999,UNEMPLOYMENT,6.358,Indonesia,SL.UEM.TOTL.ZS,Unemployment total percentage of labor force,percent,annual,none,world_bank,2026-05-13T21:11:04.322192+00:00
IDN,2000,UNEMPLOYMENT,6.077,Indonesia,SL.UEM.TOTL.ZS,Unemployment total percentage of labor force,percent,annual,none,world_bank,2026-05-13T21:11:04.322192+00:00
IDN,2001,UNEMPLOYMENT,6.082,Indonesia,SL.UEM.TOTL.ZS,Unemployment total percentage of labor force,percent,annual,none,world_bank,2026-05-13T21:11:04.322192+00:00
IDN,2002,UNEMPLOYMENT,6.604,Indonesia,SL.UEM.TOTL.ZS,Unemployment total percentage of labor force,percent,annual,none,world_bank,2026-05-13T21:11:04.322192+00:00
IDN,2003,UNEMPLOYMENT,6.657,Indonesia,SL.UEM.TOTL.ZS,Unemployment total percentage of labor force,percent,annual,none,world_bank,2026-05-13T21:11:04.322192+00:00
IDN,2004,UNEMPLOYMENT,7.303,Indonesia,SL.UEM.TOTL.ZS,Unemployment total percentage of labor force,percent,annual,none,world_bank,2026-05-13T21:11:04.322192+00:00
IDN,2005,UNEMPLOYMENT,7.945,Indonesia,SL.UEM.TOTL.ZS,Unemployment total percentage of labor force,percent,annual,none,world_bank,2026-05-13T21:11:04.322192+00:00
IDN,2006,UNEMPLOYMENT,7.551,Indonesia,SL.UEM.TOTL.ZS,Unemployment total percentage of labor force,percent,annual,none,world_bank,2026-05-13T21:11:04.322192+00:00
IDN,2007,UNEMPLOYMENT,8.06,Indonesia,SL.UEM.TOTL.ZS,Unemployment total percentage of labor force,percent,annual,none,world_bank,2026-05-13T21:11:04.322192+00:00
IDN,2008,UNEMPLOYMENT,7.208,Indonesia,SL.UEM.TOTL.ZS,Unemployment total percentage of labor force,percent,annual,none,world_bank,2026-05-13T21:11:04.322192+00:00
IDN,2009,UNEMPLOYMENT,6.106,Indonesia,SL.UEM.TOTL.ZS,Unemployment total percentage of labor force,percent,annual,none,world_bank,2026-05-13T21:11:04.322192+00:00
IDN,2010,UNEMPLOYMENT,5.614,Indonesia,SL.UEM.TOTL.ZS,Unemployment total percentage of labor force,percent,annual,none,world_bank,2026-05-13T21:11:04.322192+00:00
IDN,2011,UNEMPLOYMENT,5.153,Indonesia,SL.UEM.TOTL.ZS,Unemployment total percentage of labor force,percent,annual,none,world_bank,2026-05-13T21:11:04.322192+00:00
IDN,2012,UNEMPLOYMENT,4.468,Indonesia,SL.UEM.TOTL.ZS,Unemployment total percentage of labor force,percent,annual,none,world_bank,2026-05-13T21:11:04.322192+00:00
IDN,2013,UNEMPLOYMENT,4.336,Indonesia,SL.UEM.TOTL.ZS,Unemployment total percentage of labor force,percent,annual,none,world_bank,2026-05-13T21:11:04.322192+00:00
IDN,2014,UNEMPLOYMENT,4.049,Indonesia,SL.UEM.TOTL.ZS,Unemployment total percentage of labor force,percent,annual,none,world_bank,2026-05-13T21:11:04.322192+00:00
IDN,2015,UNEMPLOYMENT,4.514,Indonesia,SL.UEM.TOTL.ZS,Unemployment total percentage of labor force,percent,annual,none,world_bank,2026-05-13T21:11:04.322192+00:00
IDN,2016,UNEMPLOYMENT,4.301,Indonesia,SL.UEM.TOTL.ZS,Unemployment total percentage of labor force,percent,annual,none,world_bank,2026-05-13T21:11:04.322192+00:00
IDN,2017,UNEMPLOYMENT,3.783,Indonesia,SL.UEM.TOTL.ZS,Unemployment total percentage of labor force,percent,annual,none,world_bank,2026-05-13T21:11:04.322192+00:00
IDN,2018,UNEMPLOYMENT,4.387,Indonesia,SL.UEM.TOTL.ZS,Unemployment total percentage of labor force,percent,annual,none,world_bank,2026-05-13T21:11:04.322192+00:00
IDN,2019,UNEMPLOYMENT,3.59,Indonesia,SL.UEM.TOTL.ZS,Unemployment total percentage of labor force,percent,annual,none,world_bank,2026-05-13T21:11:04.322192+00:00
IDN,2020,UNEMPLOYMENT,4.255,Indonesia,SL.UEM.TOTL.ZS,Unemployment total percentage of labor force,percent,annual,none,world_bank,2026-05-13T21:11:04.322192+00:00
IDN,2021,UNEMPLOYMENT,3.827,Indonesia,SL.UEM.TOTL.ZS,Unemployment total percentage of labor force,percent,annual,none,world_bank,2026-05-13T21:11:04.322192+00:00
IDN,2022,UNEMPLOYMENT,3.462,Indonesia,SL.UEM.TOTL.ZS,Unemployment total percentage of labor force,percent,annual,none,world_bank,2026-05-13T21:11:04.322192+00:00
IDN,2023,UNEMPLOYMENT,3.308,Indonesia,SL.UEM.TOTL.ZS,Unemployment total percentage of labor force,percent,annual,none,world_bank,2026-05-13T21:11:04.322192+00:00
IDN,2024,UNEMPLOYMENT,3.301,Indonesia,SL.UEM.TOTL.ZS,Unemployment total percentage of labor force,percent,annual,none,world_bank,2026-05-13T21:11:04.322192+00:00
IDN,2025,UNEMPLOYMENT,3.237,Indonesia,SL.UEM.TOTL.ZS,Unemployment total percentage of labor force,percent,annual,none,world_bank,2026-05-13T21:11:04.322192+00:00
IND,1960,EXPORTS_PERCENT_GDP,4.46315645554752,India,NE.EXP.GNFS.ZS,Exports of goods and services percentage of GDP,percent,annual,none,world_bank,2026-05-13T21:10:08.519856+00:00
IND,1961,EXPORTS_PERCENT_GDP,4.30358618999823,India,NE.EXP.GNFS.ZS,Exports of goods and services percentage of GDP,percent,annual,none,world_bank,2026-05-13T21:10:08.519856+00:00
IND,1962,EXPORTS_PERCENT_GDP,4.16897528321772,India,NE.EXP.GNFS.ZS,Exports of goods and services percentage of GDP,percent,annual,none,world_bank,2026-05-13T21:10:08.519856+00:00
IND,1963,EXPORTS_PERCENT_GDP,4.28050338490125,India,NE.EXP.GNFS.ZS,Exports of goods and services percentage of GDP,percent,annual,none,world_bank,2026-05-13T21:10:08.519856+00:00
IND,1964,EXPORTS_PERCENT_GDP,3.72555117263129,India,NE.EXP.GNFS.ZS,Exports of goods and services percentage of GDP,percent,annual,none,world_bank,2026-05-13T21:10:08.519856+00:00
IND,1965,EXPORTS_PERCENT_GDP,3.30747278088062,India,NE.EXP.GNFS.ZS,Exports of goods and services percentage of GDP,percent,annual,none,world_bank,2026-05-13T21:10:08.519856+00:00
IND,1966,EXPORTS_PERCENT_GDP,4.14255065953483,India,NE.EXP.GNFS.ZS,Exports of goods and services percentage of GDP,percent,annual,none,world_bank,2026-05-13T21:10:08.519856+00:00
IND,1967,EXPORTS_PERCENT_GDP,4.03444499534157,India,NE.EXP.GNFS.ZS,Exports of goods and services percentage of GDP,percent,annual,none,world_bank,2026-05-13T21:10:08.519856+00:00
IND,1968,EXPORTS_PERCENT_GDP,4.03877100579767,India,NE.EXP.GNFS.ZS,Exports of goods and services percentage of GDP,percent,annual,none,world_bank,2026-05-13T21:10:08.519856+00:00
IND,1969,EXPORTS_PERCENT_GDP,3.71384282048158,India,NE.EXP.GNFS.ZS,Exports of goods and services percentage of GDP,percent,annual,none,world_bank,2026-05-13T21:10:08.519856+00:00
IND,1970,EXPORTS_PERCENT_GDP,3.78282506202996,India,NE.EXP.GNFS.ZS,Exports of goods and services percentage of GDP,percent,annual,none,world_bank,2026-05-13T21:10:08.519856+00:00
IND,1971,EXPORTS_PERCENT_GDP,3.66720521706169,India,NE.EXP.GNFS.ZS,Exports of goods and services percentage of GDP,percent,annual,none,world_bank,2026-05-13T21:10:08.519856+00:00
IND,1972,EXPORTS_PERCENT_GDP,4.02748926155276,India,NE.EXP.GNFS.ZS,Exports of goods and services percentage of GDP,percent,annual,none,world_bank,2026-05-13T21:10:08.519856+00:00
IND,1973,EXPORTS_PERCENT_GDP,4.20876319232872,India,NE.EXP.GNFS.ZS,Exports of goods and services percentage of GDP,percent,annual,none,world_bank,2026-05-13T21:10:08.519856+00:00
IND,1974,EXPORTS_PERCENT_GDP,4.83132100337,India,NE.EXP.GNFS.ZS,Exports of goods and services percentage of GDP,percent,annual,none,world_bank,2026-05-13T21:10:08.519856+00:00
IND,1975,EXPORTS_PERCENT_GDP,5.64706215785578,India,NE.EXP.GNFS.ZS,Exports of goods and services percentage of GDP,percent,annual,none,world_bank,2026-05-13T21:10:08.519856+00:00
IND,1976,EXPORTS_PERCENT_GDP,6.68651286166981,India,NE.EXP.GNFS.ZS,Exports of goods and services percentage of GDP,percent,annual,none,world_bank,2026-05-13T21:10:08.519856+00:00
IND,1977,EXPORTS_PERCENT_GDP,6.38317181373801,India,NE.EXP.GNFS.ZS,Exports of goods and services percentage of GDP,percent,annual,none,world_bank,2026-05-13T21:10:08.519856+00:00
IND,1978,EXPORTS_PERCENT_GDP,6.3148252345082,India,NE.EXP.GNFS.ZS,Exports of goods and services percentage of GDP,percent,annual,none,world_bank,2026-05-13T21:10:08.519856+00:00
IND,1979,EXPORTS_PERCENT_GDP,6.74963815730053,India,NE.EXP.GNFS.ZS,Exports of goods and services percentage of GDP,percent,annual,none,world_bank,2026-05-13T21:10:08.519856+00:00
IND,1980,EXPORTS_PERCENT_GDP,6.13955113216183,India,NE.EXP.GNFS.ZS,Exports of goods and services percentage of GDP,percent,annual,none,world_bank,2026-05-13T21:10:08.519856+00:00
IND,1981,EXPORTS_PERCENT_GDP,5.93602662657806,India,NE.EXP.GNFS.ZS,Exports of goods and services percentage of GDP,percent,annual,none,world_bank,2026-05-13T21:10:08.519856+00:00
IND,1982,EXPORTS_PERCENT_GDP,5.98329984863978,India,NE.EXP.GNFS.ZS,Exports of goods and services percentage of GDP,percent,annual,none,world_bank,2026-05-13T21:10:08.519856+00:00
IND,1983,EXPORTS_PERCENT_GDP,5.83762942427856,India,NE.EXP.GNFS.ZS,Exports of goods and services percentage of GDP,percent,annual,none,world_bank,2026-05-13T21:10:08.519856+00:00
IND,1984,EXPORTS_PERCENT_GDP,6.28340139288612,India,NE.EXP.GNFS.ZS,Exports of goods and services percentage of GDP,percent,annual,none,world_bank,2026-05-13T21:10:08.519856+00:00
IND,1985,EXPORTS_PERCENT_GDP,5.25455499628708,India,NE.EXP.GNFS.ZS,Exports of goods and services percentage of GDP,percent,annual,none,world_bank,2026-05-13T21:10:08.519856+00:00
IND,1986,EXPORTS_PERCENT_GDP,5.19622166035989,India,NE.EXP.GNFS.ZS,Exports of goods and services percentage of GDP,percent,annual,none,world_bank,2026-05-13T21:10:08.519856+00:00
IND,1987,EXPORTS_PERCENT_GDP,5.60458088400396,India,NE.EXP.GNFS.ZS,Exports of goods and services percentage of GDP,percent,annual,none,world_bank,2026-05-13T21:10:08.519856+00:00
IND,1988,EXPORTS_PERCENT_GDP,6.03521975491128,India,NE.EXP.GNFS.ZS,Exports of goods and services percentage of GDP,percent,annual,none,world_bank,2026-05-13T21:10:08.519856+00:00
IND,1989,EXPORTS_PERCENT_GDP,7.01613027794311,India,NE.EXP.GNFS.ZS,Exports of goods and services percentage of GDP,percent,annual,none,world_bank,2026-05-13T21:10:08.519856+00:00
IND,1990,EXPORTS_PERCENT_GDP,7.05335023414457,India,NE.EXP.GNFS.ZS,Exports of goods and services percentage of GDP,percent,annual,none,world_bank,2026-05-13T21:10:08.519856+00:00
IND,1991,EXPORTS_PERCENT_GDP,8.49424077053547,India,NE.EXP.GNFS.ZS,Exports of goods and services percentage of GDP,percent,annual,none,world_bank,2026-05-13T21:10:08.519856+00:00
IND,1992,EXPORTS_PERCENT_GDP,8.84292692502088,India,NE.EXP.GNFS.ZS,Exports of goods and services percentage of GDP,percent,annual,none,world_bank,2026-05-13T21:10:08.519856+00:00
IND,1993,EXPORTS_PERCENT_GDP,9.83421745486326,India,NE.EXP.GNFS.ZS,Exports of goods and services percentage of GDP,percent,annual,none,world_bank,2026-05-13T21:10:08.519856+00:00
IND,1994,EXPORTS_PERCENT_GDP,9.8880849164454,India,NE.EXP.GNFS.ZS,Exports of goods and services percentage of GDP,percent,annual,none,world_bank,2026-05-13T21:10:08.519856+00:00
IND,1995,EXPORTS_PERCENT_GDP,10.8439680350622,India,NE.EXP.GNFS.ZS,Exports of goods and services percentage of GDP,percent,annual,none,world_bank,2026-05-13T21:10:08.519856+00:00
IND,1996,EXPORTS_PERCENT_GDP,10.3851692716063,India,NE.EXP.GNFS.ZS,Exports of goods and services percentage of GDP,percent,annual,none,world_bank,2026-05-13T21:10:08.519856+00:00
IND,1997,EXPORTS_PERCENT_GDP,10.690717318379,India,NE.EXP.GNFS.ZS,Exports of goods and services percentage of GDP,percent,annual,none,world_bank,2026-05-13T21:10:08.519856+00:00
IND,1998,EXPORTS_PERCENT_GDP,11.0184691793102,India,NE.EXP.GNFS.ZS,Exports of goods and services percentage of GDP,percent,annual,none,world_bank,2026-05-13T21:10:08.519856+00:00
IND,1999,EXPORTS_PERCENT_GDP,11.4520646128009,India,NE.EXP.GNFS.ZS,Exports of goods and services percentage of GDP,percent,annual,none,world_bank,2026-05-13T21:10:08.519856+00:00
IND,2000,EXPORTS_PERCENT_GDP,12.9972363113479,India,NE.EXP.GNFS.ZS,Exports of goods and services percentage of GDP,percent,annual,none,world_bank,2026-05-13T21:10:08.519856+00:00
IND,2001,EXPORTS_PERCENT_GDP,12.5583796339108,India,NE.EXP.GNFS.ZS,Exports of goods and services percentage of GDP,percent,annual,none,world_bank,2026-05-13T21:10:08.519856+00:00
IND,2002,EXPORTS_PERCENT_GDP,14.2643839243147,India,NE.EXP.GNFS.ZS,Exports of goods and services percentage of GDP,percent,annual,none,world_bank,2026-05-13T21:10:08.519856+00:00
IND,2003,EXPORTS_PERCENT_GDP,14.9479138581734,India,NE.EXP.GNFS.ZS,Exports of goods and services percentage of GDP,percent,annual,none,world_bank,2026-05-13T21:10:08.519856+00:00
IND,2004,EXPORTS_PERCENT_GDP,17.8591249630479,India,NE.EXP.GNFS.ZS,Exports of goods and services percentage of GDP,percent,annual,none,world_bank,2026-05-13T21:10:08.519856+00:00
IND,2005,EXPORTS_PERCENT_GDP,19.6052466948335,India,NE.EXP.GNFS.ZS,Exports of goods and services percentage of GDP,percent,annual,none,world_bank,2026-05-13T21:10:08.519856+00:00
IND,2006,EXPORTS_PERCENT_GDP,21.2679414221966,India,NE.EXP.GNFS.ZS,Exports of goods and services percentage of GDP,percent,annual,none,world_bank,2026-05-13T21:10:08.519856+00:00
IND,2007,EXPORTS_PERCENT_GDP,20.7996997489032,India,NE.EXP.GNFS.ZS,Exports of goods and services percentage of GDP,percent,annual,none,world_bank,2026-05-13T21:10:08.519856+00:00
IND,2008,EXPORTS_PERCENT_GDP,24.0973572601391,India,NE.EXP.GNFS.ZS,Exports of goods and services percentage of GDP,percent,annual,none,world_bank,2026-05-13T21:10:08.519856+00:00
IND,2009,EXPORTS_PERCENT_GDP,20.4005193743564,India,NE.EXP.GNFS.ZS,Exports of goods and services percentage of GDP,percent,annual,none,world_bank,2026-05-13T21:10:08.519856+00:00
IND,2010,EXPORTS_PERCENT_GDP,22.4009332487945,India,NE.EXP.GNFS.ZS,Exports of goods and services percentage of GDP,percent,annual,none,world_bank,2026-05-13T21:10:08.519856+00:00
IND,2011,EXPORTS_PERCENT_GDP,24.5404113195713,India,NE.EXP.GNFS.ZS,Exports of goods and services percentage of GDP,percent,annual,none,world_bank,2026-05-13T21:10:08.519856+00:00
IND,2012,EXPORTS_PERCENT_GDP,24.534430661418,India,NE.EXP.GNFS.ZS,Exports of goods and services percentage of GDP,percent,annual,none,world_bank,2026-05-13T21:10:08.519856+00:00
IND,2013,EXPORTS_PERCENT_GDP,25.430861300519,India,NE.EXP.GNFS.ZS,Exports of goods and services percentage of GDP,percent,annual,none,world_bank,2026-05-13T21:10:08.519856+00:00
IND,2014,EXPORTS_PERCENT_GDP,22.9679630081172,India,NE.EXP.GNFS.ZS,Exports of goods and services percentage of GDP,percent,annual,none,world_bank,2026-05-13T21:10:08.519856+00:00
IND,2015,EXPORTS_PERCENT_GDP,19.8131891564045,India,NE.EXP.GNFS.ZS,Exports of goods and services percentage of GDP,percent,annual,none,world_bank,2026-05-13T21:10:08.519856+00:00
IND,2016,EXPORTS_PERCENT_GDP,19.1582349105946,India,NE.EXP.GNFS.ZS,Exports of goods and services percentage of GDP,percent,annual,none,world_bank,2026-05-13T21:10:08.519856+00:00
IND,2017,EXPORTS_PERCENT_GDP,18.7917648392982,India,NE.EXP.GNFS.ZS,Exports of goods and services percentage of GDP,percent,annual,none,world_bank,2026-05-13T21:10:08.519856+00:00
IND,2018,EXPORTS_PERCENT_GDP,19.9278285988562,India,NE.EXP.GNFS.ZS,Exports of goods and services percentage of GDP,percent,annual,none,world_bank,2026-05-13T21:10:08.519856+00:00
IND,2019,EXPORTS_PERCENT_GDP,18.664264897257,India,NE.EXP.GNFS.ZS,Exports of goods and services percentage of GDP,percent,annual,none,world_bank,2026-05-13T21:10:08.519856+00:00
IND,2020,EXPORTS_PERCENT_GDP,18.6824769296756,India,NE.EXP.GNFS.ZS,Exports of goods and services percentage of GDP,percent,annual,none,world_bank,2026-05-13T21:10:08.519856+00:00
IND,2021,EXPORTS_PERCENT_GDP,21.3991583305515,India,NE.EXP.GNFS.ZS,Exports of goods and services percentage of GDP,percent,annual,none,world_bank,2026-05-13T21:10:08.519856+00:00
IND,2022,EXPORTS_PERCENT_GDP,23.2515412045298,India,NE.EXP.GNFS.ZS,Exports of goods and services percentage of GDP,percent,annual,none,world_bank,2026-05-13T21:10:08.519856+00:00
IND,2023,EXPORTS_PERCENT_GDP,21.4486977833541,India,NE.EXP.GNFS.ZS,Exports of goods and services percentage of GDP,percent,annual,none,world_bank,2026-05-13T21:10:08.519856+00:00
IND,2024,EXPORTS_PERCENT_GDP,21.1618460520863,India,NE.EXP.GNFS.ZS,Exports of goods and services percentage of GDP,percent,annual,none,world_bank,2026-05-13T21:10:08.519856+00:00
IND,2025,EXPORTS_PERCENT_GDP,,India,NE.EXP.GNFS.ZS,Exports of goods and services percentage of GDP,percent,annual,none,world_bank,2026-05-13T21:10:08.519856+00:00
IND,1960,FDI_NET_INFLOWS,,India,BX.KLT.DINV.WD.GD.ZS,Foreign direct investment net inflows percentage GDP,percent,annual,none,world_bank,2026-05-13T21:10:59.982215+00:00
IND,1961,FDI_NET_INFLOWS,,India,BX.KLT.DINV.WD.GD.ZS,Foreign direct investment net inflows percentage GDP,percent,annual,none,world_bank,2026-05-13T21:10:59.982215+00:00
IND,1962,FDI_NET_INFLOWS,,India,BX.KLT.DINV.WD.GD.ZS,Foreign direct investment net inflows percentage GDP,percent,annual,none,world_bank,2026-05-13T21:10:59.982215+00:00
IND,1963,FDI_NET_INFLOWS,,India,BX.KLT.DINV.WD.GD.ZS,Foreign direct investment net inflows percentage GDP,percent,annual,none,world_bank,2026-05-13T21:10:59.982215+00:00
IND,1964,FDI_NET_INFLOWS,,India,BX.KLT.DINV.WD.GD.ZS,Foreign direct investment net inflows percentage GDP,percent,annual,none,world_bank,2026-05-13T21:10:59.982215+00:00
IND,1965,FDI_NET_INFLOWS,,India,BX.KLT.DINV.WD.GD.ZS,Foreign direct investment net inflows percentage GDP,percent,annual,none,world_bank,2026-05-13T21:10:59.982215+00:00
IND,1966,FDI_NET_INFLOWS,,India,BX.KLT.DINV.WD.GD.ZS,Foreign direct investment net inflows percentage GDP,percent,annual,none,world_bank,2026-05-13T21:10:59.982215+00:00
IND,1967,FDI_NET_INFLOWS,,India,BX.KLT.DINV.WD.GD.ZS,Foreign direct investment net inflows percentage GDP,percent,annual,none,world_bank,2026-05-13T21:10:59.982215+00:00
IND,1968,FDI_NET_INFLOWS,,India,BX.KLT.DINV.WD.GD.ZS,Foreign direct investment net inflows percentage GDP,percent,annual,none,world_bank,2026-05-13T21:10:59.982215+00:00
IND,1969,FDI_NET_INFLOWS,,India,BX.KLT.DINV.WD.GD.ZS,Foreign direct investment net inflows percentage GDP,percent,annual,none,world_bank,2026-05-13T21:10:59.982215+00:00
IND,1970,FDI_NET_INFLOWS,0.0728263243873017,India,BX.KLT.DINV.WD.GD.ZS,Foreign direct investment net inflows percentage GDP,percent,annual,none,world_bank,2026-05-13T21:10:59.982215+00:00
IND,1971,FDI_NET_INFLOWS,0.0707631865417858,India,BX.KLT.DINV.WD.GD.ZS,Foreign direct investment net inflows percentage GDP,percent,annual,none,world_bank,2026-05-13T21:10:59.982215+00:00
IND,1972,FDI_NET_INFLOWS,0.0248934085415096,India,BX.KLT.DINV.WD.GD.ZS,Foreign direct investment net inflows percentage GDP,percent,annual,none,world_bank,2026-05-13T21:10:59.982215+00:00
IND,1973,FDI_NET_INFLOWS,0.0443300179876363,India,BX.KLT.DINV.WD.GD.ZS,Foreign direct investment net inflows percentage GDP,percent,annual,none,world_bank,2026-05-13T21:10:59.982215+00:00
IND,1974,FDI_NET_INFLOWS,0.057240979881568,India,BX.KLT.DINV.WD.GD.ZS,Foreign direct investment net inflows percentage GDP,percent,annual,none,world_bank,2026-05-13T21:10:59.982215+00:00
IND,1975,FDI_NET_INFLOWS,-0.0104862850298618,India,BX.KLT.DINV.WD.GD.ZS,Foreign direct investment net inflows percentage GDP,percent,annual,none,world_bank,2026-05-13T21:10:59.982215+00:00
IND,1976,FDI_NET_INFLOWS,-0.00750262532831522,India,BX.KLT.DINV.WD.GD.ZS,Foreign direct investment net inflows percentage GDP,percent,annual,none,world_bank,2026-05-13T21:10:59.982215+00:00
IND,1977,FDI_NET_INFLOWS,-0.0296822758224169,India,BX.KLT.DINV.WD.GD.ZS,Foreign direct investment net inflows percentage GDP,percent,annual,none,world_bank,2026-05-13T21:10:59.982215+00:00
IND,1978,FDI_NET_INFLOWS,0.0131753054300397,India,BX.KLT.DINV.WD.GD.ZS,Foreign direct investment net inflows percentage GDP,percent,annual,none,world_bank,2026-05-13T21:10:59.982215+00:00
IND,1979,FDI_NET_INFLOWS,0.0317460436775607,India,BX.KLT.DINV.WD.GD.ZS,Foreign direct investment net inflows percentage GDP,percent,annual,none,world_bank,2026-05-13T21:10:59.982215+00:00
IND,1980,FDI_NET_INFLOWS,0.0424840892344642,India,BX.KLT.DINV.WD.GD.ZS,Foreign direct investment net inflows percentage GDP,percent,annual,none,world_bank,2026-05-13T21:10:59.982215+00:00
IND,1981,FDI_NET_INFLOWS,0.0475059950934485,India,BX.KLT.DINV.WD.GD.ZS,Foreign direct investment net inflows percentage GDP,percent,annual,none,world_bank,2026-05-13T21:10:59.982215+00:00
IND,1982,FDI_NET_INFLOWS,0.035911504129649,India,BX.KLT.DINV.WD.GD.ZS,Foreign direct investment net inflows percentage GDP,percent,annual,none,world_bank,2026-05-13T21:10:59.982215+00:00
IND,1983,FDI_NET_INFLOWS,0.00258404858226026,India,BX.KLT.DINV.WD.GD.ZS,Foreign direct investment net inflows percentage GDP,percent,annual,none,world_bank,2026-05-13T21:10:59.982215+00:00
IND,1984,FDI_NET_INFLOWS,0.00906872806015982,India,BX.KLT.DINV.WD.GD.ZS,Foreign direct investment net inflows percentage GDP,percent,annual,none,world_bank,2026-05-13T21:10:59.982215+00:00
IND,1985,FDI_NET_INFLOWS,0.0456278399036275,India,BX.KLT.DINV.WD.GD.ZS,Foreign direct investment net inflows percentage GDP,percent,annual,none,world_bank,2026-05-13T21:10:59.982215+00:00
IND,1986,FDI_NET_INFLOWS,0.0472837841556693,India,BX.KLT.DINV.WD.GD.ZS,Foreign direct investment net inflows percentage GDP,percent,annual,none,world_bank,2026-05-13T21:10:59.982215+00:00
IND,1987,FDI_NET_INFLOWS,0.0760911990543139,India,BX.KLT.DINV.WD.GD.ZS,Foreign direct investment net inflows percentage GDP,percent,annual,none,world_bank,2026-05-13T21:10:59.982215+00:00
IND,1988,FDI_NET_INFLOWS,0.0307664119671983,India,BX.KLT.DINV.WD.GD.ZS,Foreign direct investment net inflows percentage GDP,percent,annual,none,world_bank,2026-05-13T21:10:59.982215+00:00
IND,1989,FDI_NET_INFLOWS,0.085156820591001,India,BX.KLT.DINV.WD.GD.ZS,Foreign direct investment net inflows percentage GDP,percent,annual,none,world_bank,2026-05-13T21:10:59.982215+00:00
IND,1990,FDI_NET_INFLOWS,0.0737400205365026,India,BX.KLT.DINV.WD.GD.ZS,Foreign direct investment net inflows percentage GDP,percent,annual,none,world_bank,2026-05-13T21:10:59.982215+00:00
IND,1991,FDI_NET_INFLOWS,0.0272255401825464,India,BX.KLT.DINV.WD.GD.ZS,Foreign direct investment net inflows percentage GDP,percent,annual,none,world_bank,2026-05-13T21:10:59.982215+00:00
IND,1992,FDI_NET_INFLOWS,0.0959419487133591,India,BX.KLT.DINV.WD.GD.ZS,Foreign direct investment net inflows percentage GDP,percent,annual,none,world_bank,2026-05-13T21:10:59.982215+00:00
IND,1993,FDI_NET_INFLOWS,0.197056426383431,India,BX.KLT.DINV.WD.GD.ZS,Foreign direct investment net inflows percentage GDP,percent,annual,none,world_bank,2026-05-13T21:10:59.982215+00:00
IND,1994,FDI_NET_INFLOWS,0.297386581392873,India,BX.KLT.DINV.WD.GD.ZS,Foreign direct investment net inflows percentage GDP,percent,annual,none,world_bank,2026-05-13T21:10:59.982215+00:00
IND,1995,FDI_NET_INFLOWS,0.594986329567616,India,BX.KLT.DINV.WD.GD.ZS,Foreign direct investment net inflows percentage GDP,percent,annual,none,world_bank,2026-05-13T21:10:59.982215+00:00
IND,1996,FDI_NET_INFLOWS,0.617479351603705,India,BX.KLT.DINV.WD.GD.ZS,Foreign direct investment net inflows percentage GDP,percent,annual,none,world_bank,2026-05-13T21:10:59.982215+00:00
IND,1997,FDI_NET_INFLOWS,0.860208959660141,India,BX.KLT.DINV.WD.GD.ZS,Foreign direct investment net inflows percentage GDP,percent,annual,none,world_bank,2026-05-13T21:10:59.982215+00:00
IND,1998,FDI_NET_INFLOWS,0.625286204187864,India,BX.KLT.DINV.WD.GD.ZS,Foreign direct investment net inflows percentage GDP,percent,annual,none,world_bank,2026-05-13T21:10:59.982215+00:00
IND,1999,FDI_NET_INFLOWS,0.472644191458928,India,BX.KLT.DINV.WD.GD.ZS,Foreign direct investment net inflows percentage GDP,percent,annual,none,world_bank,2026-05-13T21:10:59.982215+00:00
IND,2000,FDI_NET_INFLOWS,0.765211694280817,India,BX.KLT.DINV.WD.GD.ZS,Foreign direct investment net inflows percentage GDP,percent,annual,none,world_bank,2026-05-13T21:10:59.982215+00:00
IND,2001,FDI_NET_INFLOWS,1.05638020993358,India,BX.KLT.DINV.WD.GD.ZS,Foreign direct investment net inflows percentage GDP,percent,annual,none,world_bank,2026-05-13T21:10:59.982215+00:00
IND,2002,FDI_NET_INFLOWS,1.01156946489919,India,BX.KLT.DINV.WD.GD.ZS,Foreign direct investment net inflows percentage GDP,percent,annual,none,world_bank,2026-05-13T21:10:59.982215+00:00
IND,2003,FDI_NET_INFLOWS,0.605887857091792,India,BX.KLT.DINV.WD.GD.ZS,Foreign direct investment net inflows percentage GDP,percent,annual,none,world_bank,2026-05-13T21:10:59.982215+00:00
IND,2004,FDI_NET_INFLOWS,0.765596855110284,India,BX.KLT.DINV.WD.GD.ZS,Foreign direct investment net inflows percentage GDP,percent,annual,none,world_bank,2026-05-13T21:10:59.982215+00:00
IND,2005,FDI_NET_INFLOWS,0.886098378458823,India,BX.KLT.DINV.WD.GD.ZS,Foreign direct investment net inflows percentage GDP,percent,annual,none,world_bank,2026-05-13T21:10:59.982215+00:00
IND,2006,FDI_NET_INFLOWS,2.13016842534495,India,BX.KLT.DINV.WD.GD.ZS,Foreign direct investment net inflows percentage GDP,percent,annual,none,world_bank,2026-05-13T21:10:59.982215+00:00
IND,2007,FDI_NET_INFLOWS,2.07339404668754,India,BX.KLT.DINV.WD.GD.ZS,Foreign direct investment net inflows percentage GDP,percent,annual,none,world_bank,2026-05-13T21:10:59.982215+00:00
IND,2008,FDI_NET_INFLOWS,3.6205232354017,India,BX.KLT.DINV.WD.GD.ZS,Foreign direct investment net inflows percentage GDP,percent,annual,none,world_bank,2026-05-13T21:10:59.982215+00:00
IND,2009,FDI_NET_INFLOWS,2.65159033235479,India,BX.KLT.DINV.WD.GD.ZS,Foreign direct investment net inflows percentage GDP,percent,annual,none,world_bank,2026-05-13T21:10:59.982215+00:00
IND,2010,FDI_NET_INFLOWS,1.6350340943491,India,BX.KLT.DINV.WD.GD.ZS,Foreign direct investment net inflows percentage GDP,percent,annual,none,world_bank,2026-05-13T21:10:59.982215+00:00
IND,2011,FDI_NET_INFLOWS,2.0020634629993,India,BX.KLT.DINV.WD.GD.ZS,Foreign direct investment net inflows percentage GDP,percent,annual,none,world_bank,2026-05-13T21:10:59.982215+00:00
IND,2012,FDI_NET_INFLOWS,1.31293453035323,India,BX.KLT.DINV.WD.GD.ZS,Foreign direct investment net inflows percentage GDP,percent,annual,none,world_bank,2026-05-13T21:10:59.982215+00:00
IND,2013,FDI_NET_INFLOWS,1.5162764665975,India,BX.KLT.DINV.WD.GD.ZS,Foreign direct investment net inflows percentage GDP,percent,annual,none,world_bank,2026-05-13T21:10:59.982215+00:00
IND,2014,FDI_NET_INFLOWS,1.69565958990806,India,BX.KLT.DINV.WD.GD.ZS,Foreign direct investment net inflows percentage GDP,percent,annual,none,world_bank,2026-05-13T21:10:59.982215+00:00
IND,2015,FDI_NET_INFLOWS,2.09211521443253,India,BX.KLT.DINV.WD.GD.ZS,Foreign direct investment net inflows percentage GDP,percent,annual,none,world_bank,2026-05-13T21:10:59.982215+00:00
IND,2016,FDI_NET_INFLOWS,1.9373641224439,India,BX.KLT.DINV.WD.GD.ZS,Foreign direct investment net inflows percentage GDP,percent,annual,none,world_bank,2026-05-13T21:10:59.982215+00:00
IND,2017,FDI_NET_INFLOWS,1.50731583255894,India,BX.KLT.DINV.WD.GD.ZS,Foreign direct investment net inflows percentage GDP,percent,annual,none,world_bank,2026-05-13T21:10:59.982215+00:00
IND,2018,FDI_NET_INFLOWS,1.55821483801456,India,BX.KLT.DINV.WD.GD.ZS,Foreign direct investment net inflows percentage GDP,percent,annual,none,world_bank,2026-05-13T21:10:59.982215+00:00
IND,2019,FDI_NET_INFLOWS,1.78482633957161,India,BX.KLT.DINV.WD.GD.ZS,Foreign direct investment net inflows percentage GDP,percent,annual,none,world_bank,2026-05-13T21:10:59.982215+00:00
IND,2020,FDI_NET_INFLOWS,2.40620322673636,India,BX.KLT.DINV.WD.GD.ZS,Foreign direct investment net inflows percentage GDP,percent,annual,none,world_bank,2026-05-13T21:10:59.982215+00:00
IND,2021,FDI_NET_INFLOWS,1.41217101040888,India,BX.KLT.DINV.WD.GD.ZS,Foreign direct investment net inflows percentage GDP,percent,annual,none,world_bank,2026-05-13T21:10:59.982215+00:00
IND,2022,FDI_NET_INFLOWS,1.49248825904,India,BX.KLT.DINV.WD.GD.ZS,Foreign direct investment net inflows percentage GDP,percent,annual,none,world_bank,2026-05-13T21:10:59.982215+00:00
IND,2023,FDI_NET_INFLOWS,0.771919134264091,India,BX.KLT.DINV.WD.GD.ZS,Foreign direct investment net inflows percentage GDP,percent,annual,none,world_bank,2026-05-13T21:10:59.982215+00:00
IND,2024,FDI_NET_INFLOWS,0.694133152879562,India,BX.KLT.DINV.WD.GD.ZS,Foreign direct investment net inflows percentage GDP,percent,annual,none,world_bank,2026-05-13T21:10:59.982215+00:00
IND,2025,FDI_NET_INFLOWS,,India,BX.KLT.DINV.WD.GD.ZS,Foreign direct investment net inflows percentage GDP,percent,annual,none,world_bank,2026-05-13T21:10:59.982215+00:00
IND,1960,GDP_GROWTH,,India,NY.GDP.MKTP.KD.ZG,GDP growth annual percentage,percent,annual,none,world_bank,2026-05-13T21:10:06.720314+00:00
IND,1961,GDP_GROWTH,3.72274253311053,India,NY.GDP.MKTP.KD.ZG,GDP growth annual percentage,percent,annual,none,world_bank,2026-05-13T21:10:06.720314+00:00
IND,1962,GDP_GROWTH,2.93112773548363,India,NY.GDP.MKTP.KD.ZG,GDP growth annual percentage,percent,annual,none,world_bank,2026-05-13T21:10:06.720314+00:00
IND,1963,GDP_GROWTH,5.99435326188559,India,NY.GDP.MKTP.KD.ZG,GDP growth annual percentage,percent,annual,none,world_bank,2026-05-13T21:10:06.720314+00:00
IND,1964,GDP_GROWTH,7.45295012250209,India,NY.GDP.MKTP.KD.ZG,GDP growth annual percentage,percent,annual,none,world_bank,2026-05-13T21:10:06.720314+00:00
IND,1965,GDP_GROWTH,-2.63577011020728,India,NY.GDP.MKTP.KD.ZG,GDP growth annual percentage,percent,annual,none,world_bank,2026-05-13T21:10:06.720314+00:00
IND,1966,GDP_GROWTH,-0.0553287704537979,India,NY.GDP.MKTP.KD.ZG,GDP growth annual percentage,percent,annual,none,world_bank,2026-05-13T21:10:06.720314+00:00
IND,1967,GDP_GROWTH,7.82596303082235,India,NY.GDP.MKTP.KD.ZG,GDP growth annual percentage,percent,annual,none,world_bank,2026-05-13T21:10:06.720314+00:00
IND,1968,GDP_GROWTH,3.38792917634143,India,NY.GDP.MKTP.KD.ZG,GDP growth annual percentage,percent,annual,none,world_bank,2026-05-13T21:10:06.720314+00:00
IND,1969,GDP_GROWTH,6.53970029928357,India,NY.GDP.MKTP.KD.ZG,GDP growth annual percentage,percent,annual,none,world_bank,2026-05-13T21:10:06.720314+00:00
IND,1970,GDP_GROWTH,5.15722973718955,India,NY.GDP.MKTP.KD.ZG,GDP growth annual percentage,percent,annual,none,world_bank,2026-05-13T21:10:06.720314+00:00
IND,1971,GDP_GROWTH,1.64293037527582,India,NY.GDP.MKTP.KD.ZG,GDP growth annual percentage,percent,annual,none,world_bank,2026-05-13T21:10:06.720314+00:00
IND,1972,GDP_GROWTH,-0.553301305344547,India,NY.GDP.MKTP.KD.ZG,GDP growth annual percentage,percent,annual,none,world_bank,2026-05-13T21:10:06.720314+00:00
IND,1973,GDP_GROWTH,3.29552113471652,India,NY.GDP.MKTP.KD.ZG,GDP growth annual percentage,percent,annual,none,world_bank,2026-05-13T21:10:06.720314+00:00
IND,1974,GDP_GROWTH,1.18533625466961,India,NY.GDP.MKTP.KD.ZG,GDP growth annual percentage,percent,annual,none,world_bank,2026-05-13T21:10:06.720314+00:00
IND,1975,GDP_GROWTH,9.14991201570659,India,NY.GDP.MKTP.KD.ZG,GDP growth annual percentage,percent,annual,none,world_bank,2026-05-13T21:10:06.720314+00:00
IND,1976,GDP_GROWTH,1.66310363813034,India,NY.GDP.MKTP.KD.ZG,GDP growth annual percentage,percent,annual,none,world_bank,2026-05-13T21:10:06.720314+00:00
IND,1977,GDP_GROWTH,7.25476458760367,India,NY.GDP.MKTP.KD.ZG,GDP growth annual percentage,percent,annual,none,world_bank,2026-05-13T21:10:06.720314+00:00
IND,1978,GDP_GROWTH,5.71253208869331,India,NY.GDP.MKTP.KD.ZG,GDP growth annual percentage,percent,annual,none,world_bank,2026-05-13T21:10:06.720314+00:00
IND,1979,GDP_GROWTH,-5.23818270446218,India,NY.GDP.MKTP.KD.ZG,GDP growth annual percentage,percent,annual,none,world_bank,2026-05-13T21:10:06.720314+00:00
IND,1980,GDP_GROWTH,6.7358215288198,India,NY.GDP.MKTP.KD.ZG,GDP growth annual percentage,percent,annual,none,world_bank,2026-05-13T21:10:06.720314+00:00
IND,1981,GDP_GROWTH,6.00620362601497,India,NY.GDP.MKTP.KD.ZG,GDP growth annual percentage,percent,annual,none,world_bank,2026-05-13T21:10:06.720314+00:00
IND,1982,GDP_GROWTH,3.47573323969961,India,NY.GDP.MKTP.KD.ZG,GDP growth annual percentage,percent,annual,none,world_bank,2026-05-13T21:10:06.720314+00:00
IND,1983,GDP_GROWTH,7.28889290305703,India,NY.GDP.MKTP.KD.ZG,GDP growth annual percentage,percent,annual,none,world_bank,2026-05-13T21:10:06.720314+00:00
IND,1984,GDP_GROWTH,3.82073785610604,India,NY.GDP.MKTP.KD.ZG,GDP growth annual percentage,percent,annual,none,world_bank,2026-05-13T21:10:06.720314+00:00
IND,1985,GDP_GROWTH,5.25429922311382,India,NY.GDP.MKTP.KD.ZG,GDP growth annual percentage,percent,annual,none,world_bank,2026-05-13T21:10:06.720314+00:00
IND,1986,GDP_GROWTH,4.77656416847516,India,NY.GDP.MKTP.KD.ZG,GDP growth annual percentage,percent,annual,none,world_bank,2026-05-13T21:10:06.720314+00:00
IND,1987,GDP_GROWTH,3.96535563481719,India,NY.GDP.MKTP.KD.ZG,GDP growth annual percentage,percent,annual,none,world_bank,2026-05-13T21:10:06.720314+00:00
IND,1988,GDP_GROWTH,9.62778291607844,India,NY.GDP.MKTP.KD.ZG,GDP growth annual percentage,percent,annual,none,world_bank,2026-05-13T21:10:06.720314+00:00
IND,1989,GDP_GROWTH,5.94734333181324,India,NY.GDP.MKTP.KD.ZG,GDP growth annual percentage,percent,annual,none,world_bank,2026-05-13T21:10:06.720314+00:00
IND,1990,GDP_GROWTH,5.53345456125301,India,NY.GDP.MKTP.KD.ZG,GDP growth annual percentage,percent,annual,none,world_bank,2026-05-13T21:10:06.720314+00:00
IND,1991,GDP_GROWTH,1.05683143496063,India,NY.GDP.MKTP.KD.ZG,GDP growth annual percentage,percent,annual,none,world_bank,2026-05-13T21:10:06.720314+00:00
IND,1992,GDP_GROWTH,5.48239602040357,India,NY.GDP.MKTP.KD.ZG,GDP growth annual percentage,percent,annual,none,world_bank,2026-05-13T21:10:06.720314+00:00
IND,1993,GDP_GROWTH,4.75077621776924,India,NY.GDP.MKTP.KD.ZG,GDP growth annual percentage,percent,annual,none,world_bank,2026-05-13T21:10:06.720314+00:00
IND,1994,GDP_GROWTH,6.65892407028434,India,NY.GDP.MKTP.KD.ZG,GDP growth annual percentage,percent,annual,none,world_bank,2026-05-13T21:10:06.720314+00:00
IND,1995,GDP_GROWTH,7.57449183788519,India,NY.GDP.MKTP.KD.ZG,GDP growth annual percentage,percent,annual,none,world_bank,2026-05-13T21:10:06.720314+00:00
IND,1996,GDP_GROWTH,7.54952224920051,India,NY.GDP.MKTP.KD.ZG,GDP growth annual percentage,percent,annual,none,world_bank,2026-05-13T21:10:06.720314+00:00
IND,1997,GDP_GROWTH,4.04982084998183,India,NY.GDP.MKTP.KD.ZG,GDP growth annual percentage,percent,annual,none,world_bank,2026-05-13T21:10:06.720314+00:00
IND,1998,GDP_GROWTH,6.18441582172117,India,NY.GDP.MKTP.KD.ZG,GDP growth annual percentage,percent,annual,none,world_bank,2026-05-13T21:10:06.720314+00:00
IND,1999,GDP_GROWTH,8.84575555939531,India,NY.GDP.MKTP.KD.ZG,GDP growth annual percentage,percent,annual,none,world_bank,2026-05-13T21:10:06.720314+00:00
IND,2000,GDP_GROWTH,3.84099115659129,India,NY.GDP.MKTP.KD.ZG,GDP growth annual percentage,percent,annual,none,world_bank,2026-05-13T21:10:06.720314+00:00
IND,2001,GDP_GROWTH,4.82396626555771,India,NY.GDP.MKTP.KD.ZG,GDP growth annual percentage,percent,annual,none,world_bank,2026-05-13T21:10:06.720314+00:00
IND,2002,GDP_GROWTH,3.80397532112175,India,NY.GDP.MKTP.KD.ZG,GDP growth annual percentage,percent,annual,none,world_bank,2026-05-13T21:10:06.720314+00:00
IND,2003,GDP_GROWTH,7.8603814759073,India,NY.GDP.MKTP.KD.ZG,GDP growth annual percentage,percent,annual,none,world_bank,2026-05-13T21:10:06.720314+00:00
IND,2004,GDP_GROWTH,7.92293661199932,India,NY.GDP.MKTP.KD.ZG,GDP growth annual percentage,percent,annual,none,world_bank,2026-05-13T21:10:06.720314+00:00
IND,2005,GDP_GROWTH,7.92343062148318,India,NY.GDP.MKTP.KD.ZG,GDP growth annual percentage,percent,annual,none,world_bank,2026-05-13T21:10:06.720314+00:00
IND,2006,GDP_GROWTH,8.06073257166651,India,NY.GDP.MKTP.KD.ZG,GDP growth annual percentage,percent,annual,none,world_bank,2026-05-13T21:10:06.720314+00:00
IND,2007,GDP_GROWTH,7.6608150670107,India,NY.GDP.MKTP.KD.ZG,GDP growth annual percentage,percent,annual,none,world_bank,2026-05-13T21:10:06.720314+00:00
IND,2008,GDP_GROWTH,3.08669805921981,India,NY.GDP.MKTP.KD.ZG,GDP growth annual percentage,percent,annual,none,world_bank,2026-05-13T21:10:06.720314+00:00
IND,2009,GDP_GROWTH,7.86188883286074,India,NY.GDP.MKTP.KD.ZG,GDP growth annual percentage,percent,annual,none,world_bank,2026-05-13T21:10:06.720314+00:00
IND,2010,GDP_GROWTH,8.49758470221235,India,NY.GDP.MKTP.KD.ZG,GDP growth annual percentage,percent,annual,none,world_bank,2026-05-13T21:10:06.720314+00:00
IND,2011,GDP_GROWTH,5.24131619937695,India,NY.GDP.MKTP.KD.ZG,GDP growth annual percentage,percent,annual,none,world_bank,2026-05-13T21:10:06.720314+00:00
IND,2012,GDP_GROWTH,5.45638755166587,India,NY.GDP.MKTP.KD.ZG,GDP growth annual percentage,percent,annual,none,world_bank,2026-05-13T21:10:06.720314+00:00
IND,2013,GDP_GROWTH,6.38610640094825,India,NY.GDP.MKTP.KD.ZG,GDP growth annual percentage,percent,annual,none,world_bank,2026-05-13T21:10:06.720314+00:00
IND,2014,GDP_GROWTH,7.41022760508854,India,NY.GDP.MKTP.KD.ZG,GDP growth annual percentage,percent,annual,none,world_bank,2026-05-13T21:10:06.720314+00:00
IND,2015,GDP_GROWTH,7.99625378571471,India,NY.GDP.MKTP.KD.ZG,GDP growth annual percentage,percent,annual,none,world_bank,2026-05-13T21:10:06.720314+00:00
IND,2016,GDP_GROWTH,8.25630550179086,India,NY.GDP.MKTP.KD.ZG,GDP growth annual percentage,percent,annual,none,world_bank,2026-05-13T21:10:06.720314+00:00
IND,2017,GDP_GROWTH,6.79538341897911,India,NY.GDP.MKTP.KD.ZG,GDP growth annual percentage,percent,annual,none,world_bank,2026-05-13T21:10:06.720314+00:00
IND,2018,GDP_GROWTH,6.45385134497769,India,NY.GDP.MKTP.KD.ZG,GDP growth annual percentage,percent,annual,none,world_bank,2026-05-13T21:10:06.720314+00:00
IND,2019,GDP_GROWTH,3.87143694070356,India,NY.GDP.MKTP.KD.ZG,GDP growth annual percentage,percent,annual,none,world_bank,2026-05-13T21:10:06.720314+00:00
IND,2020,GDP_GROWTH,-5.77772470686801,India,NY.GDP.MKTP.KD.ZG,GDP growth annual percentage,percent,annual,none,world_bank,2026-05-13T21:10:06.720314+00:00
IND,2021,GDP_GROWTH,9.68959249192875,India,NY.GDP.MKTP.KD.ZG,GDP growth annual percentage,percent,annual,none,world_bank,2026-05-13T21:10:06.720314+00:00
IND,2022,GDP_GROWTH,7.60936497768895,India,NY.GDP.MKTP.KD.ZG,GDP growth annual percentage,percent,annual,none,world_bank,2026-05-13T21:10:06.720314+00:00
IND,2023,GDP_GROWTH,9.19075493028345,India,NY.GDP.MKTP.KD.ZG,GDP growth annual percentage,percent,annual,none,world_bank,2026-05-13T21:10:06.720314+00:00
IND,2024,GDP_GROWTH,6.49476552383821,India,NY.GDP.MKTP.KD.ZG,GDP growth annual percentage,percent,annual,none,world_bank,2026-05-13T21:10:06.720314+00:00
IND,2025,GDP_GROWTH,,India,NY.GDP.MKTP.KD.ZG,GDP growth annual percentage,percent,annual,none,world_bank,2026-05-13T21:10:06.720314+00:00
IND,1960,GDP_PER_CAPITA,84.9328084793106,India,NY.GDP.PCAP.CD,GDP per capita current USD,USD,annual,log,world_bank,2026-05-13T21:10:06.861730+00:00
IND,1961,GDP_PER_CAPITA,87.8538613470205,India,NY.GDP.PCAP.CD,GDP per capita current USD,USD,annual,log,world_bank,2026-05-13T21:10:06.861730+00:00
IND,1962,GDP_PER_CAPITA,92.1999583629516,India,NY.GDP.PCAP.CD,GDP per capita current USD,USD,annual,log,world_bank,2026-05-13T21:10:06.861730+00:00
IND,1963,GDP_PER_CAPITA,103.435021262932,India,NY.GDP.PCAP.CD,GDP per capita current USD,USD,annual,log,world_bank,2026-05-13T21:10:06.861730+00:00
IND,1964,GDP_PER_CAPITA,117.856430772855,India,NY.GDP.PCAP.CD,GDP per capita current USD,USD,annual,log,world_bank,2026-05-13T21:10:06.861730+00:00
IND,1965,GDP_PER_CAPITA,121.50831902883,India,NY.GDP.PCAP.CD,GDP per capita current USD,USD,annual,log,world_bank,2026-05-13T21:10:06.861730+00:00
IND,1966,GDP_PER_CAPITA,91.0276950517841,India,NY.GDP.PCAP.CD,GDP per capita current USD,USD,annual,log,world_bank,2026-05-13T21:10:06.861730+00:00
IND,1967,GDP_PER_CAPITA,97.9951481214155,India,NY.GDP.PCAP.CD,GDP per capita current USD,USD,annual,log,world_bank,2026-05-13T21:10:06.861730+00:00
IND,1968,GDP_PER_CAPITA,101.556802521195,India,NY.GDP.PCAP.CD,GDP per capita current USD,USD,annual,log,world_bank,2026-05-13T21:10:06.861730+00:00
IND,1969,GDP_PER_CAPITA,109.477664384288,India,NY.GDP.PCAP.CD,GDP per capita current USD,USD,annual,log,world_bank,2026-05-13T21:10:06.861730+00:00
IND,1970,GDP_PER_CAPITA,114.35532002008,India,NY.GDP.PCAP.CD,GDP per capita current USD,USD,annual,log,world_bank,2026-05-13T21:10:06.861730+00:00
IND,1971,GDP_PER_CAPITA,120.680595539912,India,NY.GDP.PCAP.CD,GDP per capita current USD,USD,annual,log,world_bank,2026-05-13T21:10:06.861730+00:00
IND,1972,GDP_PER_CAPITA,125.270705961882,India,NY.GDP.PCAP.CD,GDP per capita current USD,USD,annual,log,world_bank,2026-05-13T21:10:06.861730+00:00
IND,1973,GDP_PER_CAPITA,146.568492582405,India,NY.GDP.PCAP.CD,GDP per capita current USD,USD,annual,log,world_bank,2026-05-13T21:10:06.861730+00:00
IND,1974,GDP_PER_CAPITA,166.699661755332,India,NY.GDP.PCAP.CD,GDP per capita current USD,USD,annual,log,world_bank,2026-05-13T21:10:06.861730+00:00
IND,1975,GDP_PER_CAPITA,161.086694022079,India,NY.GDP.PCAP.CD,GDP per capita current USD,USD,annual,log,world_bank,2026-05-13T21:10:06.861730+00:00
IND,1976,GDP_PER_CAPITA,164.119999587322,India,NY.GDP.PCAP.CD,GDP per capita current USD,USD,annual,log,world_bank,2026-05-13T21:10:06.861730+00:00
IND,1977,GDP_PER_CAPITA,189.585568552477,India,NY.GDP.PCAP.CD,GDP per capita current USD,USD,annual,log,world_bank,2026-05-13T21:10:06.861730+00:00
IND,1978,GDP_PER_CAPITA,209.389063573463,India,NY.GDP.PCAP.CD,GDP per capita current USD,USD,annual,log,world_bank,2026-05-13T21:10:06.861730+00:00
IND,1979,GDP_PER_CAPITA,227.958179873426,India,NY.GDP.PCAP.CD,GDP per capita current USD,USD,annual,log,world_bank,2026-05-13T21:10:06.861730+00:00
IND,1980,GDP_PER_CAPITA,271.080945953678,India,NY.GDP.PCAP.CD,GDP per capita current USD,USD,annual,log,world_bank,2026-05-13T21:10:06.861730+00:00
IND,1981,GDP_PER_CAPITA,274.964330768528,India,NY.GDP.PCAP.CD,GDP per capita current USD,USD,annual,log,world_bank,2026-05-13T21:10:06.861730+00:00
IND,1982,GDP_PER_CAPITA,278.65038258267,India,NY.GDP.PCAP.CD,GDP per capita current USD,USD,annual,log,world_bank,2026-05-13T21:10:06.861730+00:00
IND,1983,GDP_PER_CAPITA,295.999773299382,India,NY.GDP.PCAP.CD,GDP per capita current USD,USD,annual,log,world_bank,2026-05-13T21:10:06.861730+00:00
IND,1984,GDP_PER_CAPITA,281.049867840717,India,NY.GDP.PCAP.CD,GDP per capita current USD,USD,annual,log,world_bank,2026-05-13T21:10:06.861730+00:00
IND,1985,GDP_PER_CAPITA,300.928258576378,India,NY.GDP.PCAP.CD,GDP per capita current USD,USD,annual,log,world_bank,2026-05-13T21:10:06.861730+00:00
IND,1986,GDP_PER_CAPITA,314.897116402542,India,NY.GDP.PCAP.CD,GDP per capita current USD,USD,annual,log,world_bank,2026-05-13T21:10:06.861730+00:00
IND,1987,GDP_PER_CAPITA,344.941028293075,India,NY.GDP.PCAP.CD,GDP per capita current USD,USD,annual,log,world_bank,2026-05-13T21:10:06.861730+00:00
IND,1988,GDP_PER_CAPITA,358.484539641693,India,NY.GDP.PCAP.CD,GDP per capita current USD,USD,annual,log,world_bank,2026-05-13T21:10:06.861730+00:00
IND,1989,GDP_PER_CAPITA,349.915155021864,India,NY.GDP.PCAP.CD,GDP per capita current USD,USD,annual,log,world_bank,2026-05-13T21:10:06.861730+00:00
IND,1990,GDP_PER_CAPITA,371.085936203765,India,NY.GDP.PCAP.CD,GDP per capita current USD,USD,annual,log,world_bank,2026-05-13T21:10:06.861730+00:00
IND,1991,GDP_PER_CAPITA,305.574055928592,India,NY.GDP.PCAP.CD,GDP per capita current USD,USD,annual,log,world_bank,2026-05-13T21:10:06.861730+00:00
IND,1992,GDP_PER_CAPITA,319.182472626315,India,NY.GDP.PCAP.CD,GDP per capita current USD,USD,annual,log,world_bank,2026-05-13T21:10:06.861730+00:00
IND,1993,GDP_PER_CAPITA,302.884806246174,India,NY.GDP.PCAP.CD,GDP per capita current USD,USD,annual,log,world_bank,2026-05-13T21:10:06.861730+00:00
IND,1994,GDP_PER_CAPITA,347.73421473994,India,NY.GDP.PCAP.CD,GDP per capita current USD,USD,annual,log,world_bank,2026-05-13T21:10:06.861730+00:00
IND,1995,GDP_PER_CAPITA,375.17600537305,India,NY.GDP.PCAP.CD,GDP per capita current USD,USD,annual,log,world_bank,2026-05-13T21:10:06.861730+00:00
IND,1996,GDP_PER_CAPITA,401.046754673579,India,NY.GDP.PCAP.CD,GDP per capita current USD,USD,annual,log,world_bank,2026-05-13T21:10:06.861730+00:00
IND,1997,GDP_PER_CAPITA,416.228116203753,India,NY.GDP.PCAP.CD,GDP per capita current USD,USD,annual,log,world_bank,2026-05-13T21:10:06.861730+00:00
IND,1998,GDP_PER_CAPITA,413.630864056851,India,NY.GDP.PCAP.CD,GDP per capita current USD,USD,annual,log,world_bank,2026-05-13T21:10:06.861730+00:00
IND,1999,GDP_PER_CAPITA,441.927991436397,India,NY.GDP.PCAP.CD,GDP per capita current USD,USD,annual,log,world_bank,2026-05-13T21:10:06.861730+00:00
IND,2000,GDP_PER_CAPITA,442.750218937263,India,NY.GDP.PCAP.CD,GDP per capita current USD,USD,annual,log,world_bank,2026-05-13T21:10:06.861730+00:00
IND,2001,GDP_PER_CAPITA,450.357900514128,India,NY.GDP.PCAP.CD,GDP per capita current USD,USD,annual,log,world_bank,2026-05-13T21:10:06.861730+00:00
IND,2002,GDP_PER_CAPITA,469.149928973927,India,NY.GDP.PCAP.CD,GDP per capita current USD,USD,annual,log,world_bank,2026-05-13T21:10:06.861730+00:00
IND,2003,GDP_PER_CAPITA,544.143133545002,India,NY.GDP.PCAP.CD,GDP per capita current USD,USD,annual,log,world_bank,2026-05-13T21:10:06.861730+00:00
IND,2004,GDP_PER_CAPITA,624.258826510066,India,NY.GDP.PCAP.CD,GDP per capita current USD,USD,annual,log,world_bank,2026-05-13T21:10:06.861730+00:00
IND,2005,GDP_PER_CAPITA,710.488080408949,India,NY.GDP.PCAP.CD,GDP per capita current USD,USD,annual,log,world_bank,2026-05-13T21:10:06.861730+00:00
IND,2006,GDP_PER_CAPITA,801.668353659022,India,NY.GDP.PCAP.CD,GDP per capita current USD,USD,annual,log,world_bank,2026-05-13T21:10:06.861730+00:00
IND,2007,GDP_PER_CAPITA,1021.88707706826,India,NY.GDP.PCAP.CD,GDP per capita current USD,USD,annual,log,world_bank,2026-05-13T21:10:06.861730+00:00
IND,2008,GDP_PER_CAPITA,992.519584923828,India,NY.GDP.PCAP.CD,GDP per capita current USD,USD,annual,log,world_bank,2026-05-13T21:10:06.861730+00:00
IND,2009,GDP_PER_CAPITA,1094.94974598436,India,NY.GDP.PCAP.CD,GDP per capita current USD,USD,annual,log,world_bank,2026-05-13T21:10:06.861730+00:00
IND,2010,GDP_PER_CAPITA,1347.51939071367,India,NY.GDP.PCAP.CD,GDP per capita current USD,USD,annual,log,world_bank,2026-05-13T21:10:06.861730+00:00
IND,2011,GDP_PER_CAPITA,1445.46127486037,India,NY.GDP.PCAP.CD,GDP per capita current USD,USD,annual,log,world_bank,2026-05-13T21:10:06.861730+00:00
IND,2012,GDP_PER_CAPITA,1429.32199520032,India,NY.GDP.PCAP.CD,GDP per capita current USD,USD,annual,log,world_bank,2026-05-13T21:10:06.861730+00:00
IND,2013,GDP_PER_CAPITA,1432.84397512195,India,NY.GDP.PCAP.CD,GDP per capita current USD,USD,annual,log,world_bank,2026-05-13T21:10:06.861730+00:00
IND,2014,GDP_PER_CAPITA,1553.88396075118,India,NY.GDP.PCAP.CD,GDP per capita current USD,USD,annual,log,world_bank,2026-05-13T21:10:06.861730+00:00
IND,2015,GDP_PER_CAPITA,1583.99815907985,India,NY.GDP.PCAP.CD,GDP per capita current USD,USD,annual,log,world_bank,2026-05-13T21:10:06.861730+00:00
IND,2016,GDP_PER_CAPITA,1707.50892912243,India,NY.GDP.PCAP.CD,GDP per capita current USD,USD,annual,log,world_bank,2026-05-13T21:10:06.861730+00:00
IND,2017,GDP_PER_CAPITA,1950.10468280866,India,NY.GDP.PCAP.CD,GDP per capita current USD,USD,annual,log,world_bank,2026-05-13T21:10:06.861730+00:00
IND,2018,GDP_PER_CAPITA,1966.25455171679,India,NY.GDP.PCAP.CD,GDP per capita current USD,USD,annual,log,world_bank,2026-05-13T21:10:06.861730+00:00
IND,2019,GDP_PER_CAPITA,2041.42863698585,India,NY.GDP.PCAP.CD,GDP per capita current USD,USD,annual,log,world_bank,2026-05-13T21:10:06.861730+00:00
IND,2020,GDP_PER_CAPITA,1907.04251637669,India,NY.GDP.PCAP.CD,GDP per capita current USD,USD,annual,log,world_bank,2026-05-13T21:10:06.861730+00:00
IND,2021,GDP_PER_CAPITA,2239.61384367482,India,NY.GDP.PCAP.CD,GDP per capita current USD,USD,annual,log,world_bank,2026-05-13T21:10:06.861730+00:00
IND,2022,GDP_PER_CAPITA,2347.44829434623,India,NY.GDP.PCAP.CD,GDP per capita current USD,USD,annual,log,world_bank,2026-05-13T21:10:06.861730+00:00
IND,2023,GDP_PER_CAPITA,2530.12031278204,India,NY.GDP.PCAP.CD,GDP per capita current USD,USD,annual,log,world_bank,2026-05-13T21:10:06.861730+00:00
IND,2024,GDP_PER_CAPITA,2694.73780859961,India,NY.GDP.PCAP.CD,GDP per capita current USD,USD,annual,log,world_bank,2026-05-13T21:10:06.861730+00:00
IND,2025,GDP_PER_CAPITA,,India,NY.GDP.PCAP.CD,GDP per capita current USD,USD,annual,log,world_bank,2026-05-13T21:10:06.861730+00:00
IND,1960,HIGH_TECH_EXPORTS,,India,TX.VAL.TECH.MF.ZS,High technology exports percentage manufactured exports,percent,annual,none,world_bank,2026-05-13T21:11:00.898892+00:00
IND,1961,HIGH_TECH_EXPORTS,,India,TX.VAL.TECH.MF.ZS,High technology exports percentage manufactured exports,percent,annual,none,world_bank,2026-05-13T21:11:00.898892+00:00
IND,1962,HIGH_TECH_EXPORTS,,India,TX.VAL.TECH.MF.ZS,High technology exports percentage manufactured exports,percent,annual,none,world_bank,2026-05-13T21:11:00.898892+00:00
IND,1963,HIGH_TECH_EXPORTS,,India,TX.VAL.TECH.MF.ZS,High technology exports percentage manufactured exports,percent,annual,none,world_bank,2026-05-13T21:11:00.898892+00:00
IND,1964,HIGH_TECH_EXPORTS,,India,TX.VAL.TECH.MF.ZS,High technology exports percentage manufactured exports,percent,annual,none,world_bank,2026-05-13T21:11:00.898892+00:00
IND,1965,HIGH_TECH_EXPORTS,,India,TX.VAL.TECH.MF.ZS,High technology exports percentage manufactured exports,percent,annual,none,world_bank,2026-05-13T21:11:00.898892+00:00
IND,1966,HIGH_TECH_EXPORTS,,India,TX.VAL.TECH.MF.ZS,High technology exports percentage manufactured exports,percent,annual,none,world_bank,2026-05-13T21:11:00.898892+00:00
IND,1967,HIGH_TECH_EXPORTS,,India,TX.VAL.TECH.MF.ZS,High technology exports percentage manufactured exports,percent,annual,none,world_bank,2026-05-13T21:11:00.898892+00:00
IND,1968,HIGH_TECH_EXPORTS,,India,TX.VAL.TECH.MF.ZS,High technology exports percentage manufactured exports,percent,annual,none,world_bank,2026-05-13T21:11:00.898892+00:00
IND,1969,HIGH_TECH_EXPORTS,,India,TX.VAL.TECH.MF.ZS,High technology exports percentage manufactured exports,percent,annual,none,world_bank,2026-05-13T21:11:00.898892+00:00
IND,1970,HIGH_TECH_EXPORTS,,India,TX.VAL.TECH.MF.ZS,High technology exports percentage manufactured exports,percent,annual,none,world_bank,2026-05-13T21:11:00.898892+00:00
IND,1971,HIGH_TECH_EXPORTS,,India,TX.VAL.TECH.MF.ZS,High technology exports percentage manufactured exports,percent,annual,none,world_bank,2026-05-13T21:11:00.898892+00:00
IND,1972,HIGH_TECH_EXPORTS,,India,TX.VAL.TECH.MF.ZS,High technology exports percentage manufactured exports,percent,annual,none,world_bank,2026-05-13T21:11:00.898892+00:00
IND,1973,HIGH_TECH_EXPORTS,,India,TX.VAL.TECH.MF.ZS,High technology exports percentage manufactured exports,percent,annual,none,world_bank,2026-05-13T21:11:00.898892+00:00
IND,1974,HIGH_TECH_EXPORTS,,India,TX.VAL.TECH.MF.ZS,High technology exports percentage manufactured exports,percent,annual,none,world_bank,2026-05-13T21:11:00.898892+00:00
IND,1975,HIGH_TECH_EXPORTS,,India,TX.VAL.TECH.MF.ZS,High technology exports percentage manufactured exports,percent,annual,none,world_bank,2026-05-13T21:11:00.898892+00:00
IND,1976,HIGH_TECH_EXPORTS,,India,TX.VAL.TECH.MF.ZS,High technology exports percentage manufactured exports,percent,annual,none,world_bank,2026-05-13T21:11:00.898892+00:00
IND,1977,HIGH_TECH_EXPORTS,,India,TX.VAL.TECH.MF.ZS,High technology exports percentage manufactured exports,percent,annual,none,world_bank,2026-05-13T21:11:00.898892+00:00
IND,1978,HIGH_TECH_EXPORTS,,India,TX.VAL.TECH.MF.ZS,High technology exports percentage manufactured exports,percent,annual,none,world_bank,2026-05-13T21:11:00.898892+00:00
IND,1979,HIGH_TECH_EXPORTS,,India,TX.VAL.TECH.MF.ZS,High technology exports percentage manufactured exports,percent,annual,none,world_bank,2026-05-13T21:11:00.898892+00:00
IND,1980,HIGH_TECH_EXPORTS,,India,TX.VAL.TECH.MF.ZS,High technology exports percentage manufactured exports,percent,annual,none,world_bank,2026-05-13T21:11:00.898892+00:00
IND,1981,HIGH_TECH_EXPORTS,,India,TX.VAL.TECH.MF.ZS,High technology exports percentage manufactured exports,percent,annual,none,world_bank,2026-05-13T21:11:00.898892+00:00
IND,1982,HIGH_TECH_EXPORTS,,India,TX.VAL.TECH.MF.ZS,High technology exports percentage manufactured exports,percent,annual,none,world_bank,2026-05-13T21:11:00.898892+00:00
IND,1983,HIGH_TECH_EXPORTS,,India,TX.VAL.TECH.MF.ZS,High technology exports percentage manufactured exports,percent,annual,none,world_bank,2026-05-13T21:11:00.898892+00:00
IND,1984,HIGH_TECH_EXPORTS,,India,TX.VAL.TECH.MF.ZS,High technology exports percentage manufactured exports,percent,annual,none,world_bank,2026-05-13T21:11:00.898892+00:00
IND,1985,HIGH_TECH_EXPORTS,,India,TX.VAL.TECH.MF.ZS,High technology exports percentage manufactured exports,percent,annual,none,world_bank,2026-05-13T21:11:00.898892+00:00
IND,1986,HIGH_TECH_EXPORTS,,India,TX.VAL.TECH.MF.ZS,High technology exports percentage manufactured exports,percent,annual,none,world_bank,2026-05-13T21:11:00.898892+00:00
IND,1987,HIGH_TECH_EXPORTS,,India,TX.VAL.TECH.MF.ZS,High technology exports percentage manufactured exports,percent,annual,none,world_bank,2026-05-13T21:11:00.898892+00:00
IND,1988,HIGH_TECH_EXPORTS,,India,TX.VAL.TECH.MF.ZS,High technology exports percentage manufactured exports,percent,annual,none,world_bank,2026-05-13T21:11:00.898892+00:00
IND,1989,HIGH_TECH_EXPORTS,,India,TX.VAL.TECH.MF.ZS,High technology exports percentage manufactured exports,percent,annual,none,world_bank,2026-05-13T21:11:00.898892+00:00
IND,1990,HIGH_TECH_EXPORTS,,India,TX.VAL.TECH.MF.ZS,High technology exports percentage manufactured exports,percent,annual,none,world_bank,2026-05-13T21:11:00.898892+00:00
IND,1991,HIGH_TECH_EXPORTS,,India,TX.VAL.TECH.MF.ZS,High technology exports percentage manufactured exports,percent,annual,none,world_bank,2026-05-13T21:11:00.898892+00:00
IND,1992,HIGH_TECH_EXPORTS,,India,TX.VAL.TECH.MF.ZS,High technology exports percentage manufactured exports,percent,annual,none,world_bank,2026-05-13T21:11:00.898892+00:00
IND,1993,HIGH_TECH_EXPORTS,,India,TX.VAL.TECH.MF.ZS,High technology exports percentage manufactured exports,percent,annual,none,world_bank,2026-05-13T21:11:00.898892+00:00
IND,1994,HIGH_TECH_EXPORTS,,India,TX.VAL.TECH.MF.ZS,High technology exports percentage manufactured exports,percent,annual,none,world_bank,2026-05-13T21:11:00.898892+00:00
IND,1995,HIGH_TECH_EXPORTS,,India,TX.VAL.TECH.MF.ZS,High technology exports percentage manufactured exports,percent,annual,none,world_bank,2026-05-13T21:11:00.898892+00:00
IND,1996,HIGH_TECH_EXPORTS,,India,TX.VAL.TECH.MF.ZS,High technology exports percentage manufactured exports,percent,annual,none,world_bank,2026-05-13T21:11:00.898892+00:00
IND,1997,HIGH_TECH_EXPORTS,,India,TX.VAL.TECH.MF.ZS,High technology exports percentage manufactured exports,percent,annual,none,world_bank,2026-05-13T21:11:00.898892+00:00
IND,1998,HIGH_TECH_EXPORTS,,India,TX.VAL.TECH.MF.ZS,High technology exports percentage manufactured exports,percent,annual,none,world_bank,2026-05-13T21:11:00.898892+00:00
IND,1999,HIGH_TECH_EXPORTS,,India,TX.VAL.TECH.MF.ZS,High technology exports percentage manufactured exports,percent,annual,none,world_bank,2026-05-13T21:11:00.898892+00:00
IND,2000,HIGH_TECH_EXPORTS,,India,TX.VAL.TECH.MF.ZS,High technology exports percentage manufactured exports,percent,annual,none,world_bank,2026-05-13T21:11:00.898892+00:00
IND,2001,HIGH_TECH_EXPORTS,,India,TX.VAL.TECH.MF.ZS,High technology exports percentage manufactured exports,percent,annual,none,world_bank,2026-05-13T21:11:00.898892+00:00
IND,2002,HIGH_TECH_EXPORTS,,India,TX.VAL.TECH.MF.ZS,High technology exports percentage manufactured exports,percent,annual,none,world_bank,2026-05-13T21:11:00.898892+00:00
IND,2003,HIGH_TECH_EXPORTS,,India,TX.VAL.TECH.MF.ZS,High technology exports percentage manufactured exports,percent,annual,none,world_bank,2026-05-13T21:11:00.898892+00:00
IND,2004,HIGH_TECH_EXPORTS,,India,TX.VAL.TECH.MF.ZS,High technology exports percentage manufactured exports,percent,annual,none,world_bank,2026-05-13T21:11:00.898892+00:00
IND,2005,HIGH_TECH_EXPORTS,,India,TX.VAL.TECH.MF.ZS,High technology exports percentage manufactured exports,percent,annual,none,world_bank,2026-05-13T21:11:00.898892+00:00
IND,2006,HIGH_TECH_EXPORTS,,India,TX.VAL.TECH.MF.ZS,High technology exports percentage manufactured exports,percent,annual,none,world_bank,2026-05-13T21:11:00.898892+00:00
IND,2007,HIGH_TECH_EXPORTS,,India,TX.VAL.TECH.MF.ZS,High technology exports percentage manufactured exports,percent,annual,none,world_bank,2026-05-13T21:11:00.898892+00:00
IND,2008,HIGH_TECH_EXPORTS,,India,TX.VAL.TECH.MF.ZS,High technology exports percentage manufactured exports,percent,annual,none,world_bank,2026-05-13T21:11:00.898892+00:00
IND,2009,HIGH_TECH_EXPORTS,9.56909614274288,India,TX.VAL.TECH.MF.ZS,High technology exports percentage manufactured exports,percent,annual,none,world_bank,2026-05-13T21:11:00.898892+00:00
IND,2010,HIGH_TECH_EXPORTS,7.73016032755592,India,TX.VAL.TECH.MF.ZS,High technology exports percentage manufactured exports,percent,annual,none,world_bank,2026-05-13T21:11:00.898892+00:00
IND,2011,HIGH_TECH_EXPORTS,7.87117262454535,India,TX.VAL.TECH.MF.ZS,High technology exports percentage manufactured exports,percent,annual,none,world_bank,2026-05-13T21:11:00.898892+00:00
IND,2012,HIGH_TECH_EXPORTS,7.70439427946636,India,TX.VAL.TECH.MF.ZS,High technology exports percentage manufactured exports,percent,annual,none,world_bank,2026-05-13T21:11:00.898892+00:00
IND,2013,HIGH_TECH_EXPORTS,8.87350364988968,India,TX.VAL.TECH.MF.ZS,High technology exports percentage manufactured exports,percent,annual,none,world_bank,2026-05-13T21:11:00.898892+00:00
IND,2014,HIGH_TECH_EXPORTS,9.22122174793918,India,TX.VAL.TECH.MF.ZS,High technology exports percentage manufactured exports,percent,annual,none,world_bank,2026-05-13T21:11:00.898892+00:00
IND,2015,HIGH_TECH_EXPORTS,8.02476917234515,India,TX.VAL.TECH.MF.ZS,High technology exports percentage manufactured exports,percent,annual,none,world_bank,2026-05-13T21:11:00.898892+00:00
IND,2016,HIGH_TECH_EXPORTS,7.66325704378624,India,TX.VAL.TECH.MF.ZS,High technology exports percentage manufactured exports,percent,annual,none,world_bank,2026-05-13T21:11:00.898892+00:00
IND,2017,HIGH_TECH_EXPORTS,7.36208114076572,India,TX.VAL.TECH.MF.ZS,High technology exports percentage manufactured exports,percent,annual,none,world_bank,2026-05-13T21:11:00.898892+00:00
IND,2018,HIGH_TECH_EXPORTS,9.04145168835151,India,TX.VAL.TECH.MF.ZS,High technology exports percentage manufactured exports,percent,annual,none,world_bank,2026-05-13T21:11:00.898892+00:00
IND,2019,HIGH_TECH_EXPORTS,10.2237396907979,India,TX.VAL.TECH.MF.ZS,High technology exports percentage manufactured exports,percent,annual,none,world_bank,2026-05-13T21:11:00.898892+00:00
IND,2020,HIGH_TECH_EXPORTS,11.0325638466576,India,TX.VAL.TECH.MF.ZS,High technology exports percentage manufactured exports,percent,annual,none,world_bank,2026-05-13T21:11:00.898892+00:00
IND,2021,HIGH_TECH_EXPORTS,10.2125596625118,India,TX.VAL.TECH.MF.ZS,High technology exports percentage manufactured exports,percent,annual,none,world_bank,2026-05-13T21:11:00.898892+00:00
IND,2022,HIGH_TECH_EXPORTS,12.6822794807287,India,TX.VAL.TECH.MF.ZS,High technology exports percentage manufactured exports,percent,annual,none,world_bank,2026-05-13T21:11:00.898892+00:00
IND,2023,HIGH_TECH_EXPORTS,14.9343472986716,India,TX.VAL.TECH.MF.ZS,High technology exports percentage manufactured exports,percent,annual,none,world_bank,2026-05-13T21:11:00.898892+00:00
IND,2024,HIGH_TECH_EXPORTS,18.5723946411049,India,TX.VAL.TECH.MF.ZS,High technology exports percentage manufactured exports,percent,annual,none,world_bank,2026-05-13T21:11:00.898892+00:00
IND,2025,HIGH_TECH_EXPORTS,,India,TX.VAL.TECH.MF.ZS,High technology exports percentage manufactured exports,percent,annual,none,world_bank,2026-05-13T21:11:00.898892+00:00
IND,1960,IMPORTS_PERCENT_GDP,6.83367665684214,India,NE.IMP.GNFS.ZS,Imports of goods and services percentage of GDP,percent,annual,none,world_bank,2026-05-13T21:10:09.387659+00:00
IND,1961,IMPORTS_PERCENT_GDP,5.95757640481098,India,NE.IMP.GNFS.ZS,Imports of goods and services percentage of GDP,percent,annual,none,world_bank,2026-05-13T21:10:09.387659+00:00
IND,1962,IMPORTS_PERCENT_GDP,6.03181489602947,India,NE.IMP.GNFS.ZS,Imports of goods and services percentage of GDP,percent,annual,none,world_bank,2026-05-13T21:10:09.387659+00:00
IND,1963,IMPORTS_PERCENT_GDP,5.906834458192,India,NE.IMP.GNFS.ZS,Imports of goods and services percentage of GDP,percent,annual,none,world_bank,2026-05-13T21:10:09.387659+00:00
IND,1964,IMPORTS_PERCENT_GDP,5.68499774745833,India,NE.IMP.GNFS.ZS,Imports of goods and services percentage of GDP,percent,annual,none,world_bank,2026-05-13T21:10:09.387659+00:00
IND,1965,IMPORTS_PERCENT_GDP,5.21156158863706,India,NE.IMP.GNFS.ZS,Imports of goods and services percentage of GDP,percent,annual,none,world_bank,2026-05-13T21:10:09.387659+00:00
IND,1966,IMPORTS_PERCENT_GDP,6.67168685167188,India,NE.IMP.GNFS.ZS,Imports of goods and services percentage of GDP,percent,annual,none,world_bank,2026-05-13T21:10:09.387659+00:00
IND,1967,IMPORTS_PERCENT_GDP,5.9466176727645,India,NE.IMP.GNFS.ZS,Imports of goods and services percentage of GDP,percent,annual,none,world_bank,2026-05-13T21:10:09.387659+00:00
IND,1968,IMPORTS_PERCENT_GDP,4.94297346978222,India,NE.IMP.GNFS.ZS,Imports of goods and services percentage of GDP,percent,annual,none,world_bank,2026-05-13T21:10:09.387659+00:00
IND,1969,IMPORTS_PERCENT_GDP,4.03093382296742,India,NE.IMP.GNFS.ZS,Imports of goods and services percentage of GDP,percent,annual,none,world_bank,2026-05-13T21:10:09.387659+00:00
IND,1970,IMPORTS_PERCENT_GDP,3.87894427591553,India,NE.IMP.GNFS.ZS,Imports of goods and services percentage of GDP,percent,annual,none,world_bank,2026-05-13T21:10:09.387659+00:00
IND,1971,IMPORTS_PERCENT_GDP,4.0024013413633,India,NE.IMP.GNFS.ZS,Imports of goods and services percentage of GDP,percent,annual,none,world_bank,2026-05-13T21:10:09.387659+00:00
IND,1972,IMPORTS_PERCENT_GDP,3.7089103356951,India,NE.IMP.GNFS.ZS,Imports of goods and services percentage of GDP,percent,annual,none,world_bank,2026-05-13T21:10:09.387659+00:00
IND,1973,IMPORTS_PERCENT_GDP,4.72333282644382,India,NE.IMP.GNFS.ZS,Imports of goods and services percentage of GDP,percent,annual,none,world_bank,2026-05-13T21:10:09.387659+00:00
IND,1974,IMPORTS_PERCENT_GDP,6.02056925035338,India,NE.IMP.GNFS.ZS,Imports of goods and services percentage of GDP,percent,annual,none,world_bank,2026-05-13T21:10:09.387659+00:00
IND,1975,IMPORTS_PERCENT_GDP,6.64691605612949,India,NE.IMP.GNFS.ZS,Imports of goods and services percentage of GDP,percent,annual,none,world_bank,2026-05-13T21:10:09.387659+00:00
IND,1976,IMPORTS_PERCENT_GDP,6.11469021101389,India,NE.IMP.GNFS.ZS,Imports of goods and services percentage of GDP,percent,annual,none,world_bank,2026-05-13T21:10:09.387659+00:00
IND,1977,IMPORTS_PERCENT_GDP,6.26492932381485,India,NE.IMP.GNFS.ZS,Imports of goods and services percentage of GDP,percent,annual,none,world_bank,2026-05-13T21:10:09.387659+00:00
IND,1978,IMPORTS_PERCENT_GDP,6.58818660797672,India,NE.IMP.GNFS.ZS,Imports of goods and services percentage of GDP,percent,annual,none,world_bank,2026-05-13T21:10:09.387659+00:00
IND,1979,IMPORTS_PERCENT_GDP,8.16916637407572,India,NE.IMP.GNFS.ZS,Imports of goods and services percentage of GDP,percent,annual,none,world_bank,2026-05-13T21:10:09.387659+00:00
IND,1980,IMPORTS_PERCENT_GDP,9.24502571634426,India,NE.IMP.GNFS.ZS,Imports of goods and services percentage of GDP,percent,annual,none,world_bank,2026-05-13T21:10:09.387659+00:00
IND,1981,IMPORTS_PERCENT_GDP,8.57123813504237,India,NE.IMP.GNFS.ZS,Imports of goods and services percentage of GDP,percent,annual,none,world_bank,2026-05-13T21:10:09.387659+00:00
IND,1982,IMPORTS_PERCENT_GDP,8.14262790090769,India,NE.IMP.GNFS.ZS,Imports of goods and services percentage of GDP,percent,annual,none,world_bank,2026-05-13T21:10:09.387659+00:00
IND,1983,IMPORTS_PERCENT_GDP,7.85296446260169,India,NE.IMP.GNFS.ZS,Imports of goods and services percentage of GDP,percent,annual,none,world_bank,2026-05-13T21:10:09.387659+00:00
IND,1984,IMPORTS_PERCENT_GDP,7.72597455124279,India,NE.IMP.GNFS.ZS,Imports of goods and services percentage of GDP,percent,annual,none,world_bank,2026-05-13T21:10:09.387659+00:00
IND,1985,IMPORTS_PERCENT_GDP,7.64548119786163,India,NE.IMP.GNFS.ZS,Imports of goods and services percentage of GDP,percent,annual,none,world_bank,2026-05-13T21:10:09.387659+00:00
IND,1986,IMPORTS_PERCENT_GDP,7.02305023901268,India,NE.IMP.GNFS.ZS,Imports of goods and services percentage of GDP,percent,annual,none,world_bank,2026-05-13T21:10:09.387659+00:00
IND,1987,IMPORTS_PERCENT_GDP,6.98023315167182,India,NE.IMP.GNFS.ZS,Imports of goods and services percentage of GDP,percent,annual,none,world_bank,2026-05-13T21:10:09.387659+00:00
IND,1988,IMPORTS_PERCENT_GDP,7.45523036139042,India,NE.IMP.GNFS.ZS,Imports of goods and services percentage of GDP,percent,annual,none,world_bank,2026-05-13T21:10:09.387659+00:00
IND,1989,IMPORTS_PERCENT_GDP,8.15200181272641,India,NE.IMP.GNFS.ZS,Imports of goods and services percentage of GDP,percent,annual,none,world_bank,2026-05-13T21:10:09.387659+00:00
IND,1990,IMPORTS_PERCENT_GDP,8.45291127605198,India,NE.IMP.GNFS.ZS,Imports of goods and services percentage of GDP,percent,annual,none,world_bank,2026-05-13T21:10:09.387659+00:00
IND,1991,IMPORTS_PERCENT_GDP,8.49348578059959,India,NE.IMP.GNFS.ZS,Imports of goods and services percentage of GDP,percent,annual,none,world_bank,2026-05-13T21:10:09.387659+00:00
IND,1992,IMPORTS_PERCENT_GDP,9.59017211680717,India,NE.IMP.GNFS.ZS,Imports of goods and services percentage of GDP,percent,annual,none,world_bank,2026-05-13T21:10:09.387659+00:00
IND,1993,IMPORTS_PERCENT_GDP,9.81732233160511,India,NE.IMP.GNFS.ZS,Imports of goods and services percentage of GDP,percent,annual,none,world_bank,2026-05-13T21:10:09.387659+00:00
IND,1994,IMPORTS_PERCENT_GDP,10.1900594604801,India,NE.IMP.GNFS.ZS,Imports of goods and services percentage of GDP,percent,annual,none,world_bank,2026-05-13T21:10:09.387659+00:00
IND,1995,IMPORTS_PERCENT_GDP,12.0234806711877,India,NE.IMP.GNFS.ZS,Imports of goods and services percentage of GDP,percent,annual,none,world_bank,2026-05-13T21:10:09.387659+00:00
IND,1996,IMPORTS_PERCENT_GDP,11.5443185997804,India,NE.IMP.GNFS.ZS,Imports of goods and services percentage of GDP,percent,annual,none,world_bank,2026-05-13T21:10:09.387659+00:00
IND,1997,IMPORTS_PERCENT_GDP,11.9286695486689,India,NE.IMP.GNFS.ZS,Imports of goods and services percentage of GDP,percent,annual,none,world_bank,2026-05-13T21:10:09.387659+00:00
IND,1998,IMPORTS_PERCENT_GDP,12.6810008997545,India,NE.IMP.GNFS.ZS,Imports of goods and services percentage of GDP,percent,annual,none,world_bank,2026-05-13T21:10:09.387659+00:00
IND,1999,IMPORTS_PERCENT_GDP,13.363533431492,India,NE.IMP.GNFS.ZS,Imports of goods and services percentage of GDP,percent,annual,none,world_bank,2026-05-13T21:10:09.387659+00:00
IND,2000,IMPORTS_PERCENT_GDP,13.9036865990995,India,NE.IMP.GNFS.ZS,Imports of goods and services percentage of GDP,percent,annual,none,world_bank,2026-05-13T21:10:09.387659+00:00
IND,2001,IMPORTS_PERCENT_GDP,13.4348751195257,India,NE.IMP.GNFS.ZS,Imports of goods and services percentage of GDP,percent,annual,none,world_bank,2026-05-13T21:10:09.387659+00:00
IND,2002,IMPORTS_PERCENT_GDP,15.2442790107467,India,NE.IMP.GNFS.ZS,Imports of goods and services percentage of GDP,percent,annual,none,world_bank,2026-05-13T21:10:09.387659+00:00
IND,2003,IMPORTS_PERCENT_GDP,15.6445222747346,India,NE.IMP.GNFS.ZS,Imports of goods and services percentage of GDP,percent,annual,none,world_bank,2026-05-13T21:10:09.387659+00:00
IND,2004,IMPORTS_PERCENT_GDP,19.6446890963991,India,NE.IMP.GNFS.ZS,Imports of goods and services percentage of GDP,percent,annual,none,world_bank,2026-05-13T21:10:09.387659+00:00
IND,2005,IMPORTS_PERCENT_GDP,22.3964229200356,India,NE.IMP.GNFS.ZS,Imports of goods and services percentage of GDP,percent,annual,none,world_bank,2026-05-13T21:10:09.387659+00:00
IND,2006,IMPORTS_PERCENT_GDP,24.4565390770687,India,NE.IMP.GNFS.ZS,Imports of goods and services percentage of GDP,percent,annual,none,world_bank,2026-05-13T21:10:09.387659+00:00
IND,2007,IMPORTS_PERCENT_GDP,24.8865689304448,India,NE.IMP.GNFS.ZS,Imports of goods and services percentage of GDP,percent,annual,none,world_bank,2026-05-13T21:10:09.387659+00:00
IND,2008,IMPORTS_PERCENT_GDP,29.2708631790835,India,NE.IMP.GNFS.ZS,Imports of goods and services percentage of GDP,percent,annual,none,world_bank,2026-05-13T21:10:09.387659+00:00
IND,2009,IMPORTS_PERCENT_GDP,25.8723502685274,India,NE.IMP.GNFS.ZS,Imports of goods and services percentage of GDP,percent,annual,none,world_bank,2026-05-13T21:10:09.387659+00:00
IND,2010,IMPORTS_PERCENT_GDP,26.8542732486216,India,NE.IMP.GNFS.ZS,Imports of goods and services percentage of GDP,percent,annual,none,world_bank,2026-05-13T21:10:09.387659+00:00
IND,2011,IMPORTS_PERCENT_GDP,31.0834686939585,India,NE.IMP.GNFS.ZS,Imports of goods and services percentage of GDP,percent,annual,none,world_bank,2026-05-13T21:10:09.387659+00:00
IND,2012,IMPORTS_PERCENT_GDP,31.2592910673332,India,NE.IMP.GNFS.ZS,Imports of goods and services percentage of GDP,percent,annual,none,world_bank,2026-05-13T21:10:09.387659+00:00
IND,2013,IMPORTS_PERCENT_GDP,28.4132706461587,India,NE.IMP.GNFS.ZS,Imports of goods and services percentage of GDP,percent,annual,none,world_bank,2026-05-13T21:10:09.387659+00:00
IND,2014,IMPORTS_PERCENT_GDP,25.9542227389497,India,NE.IMP.GNFS.ZS,Imports of goods and services percentage of GDP,percent,annual,none,world_bank,2026-05-13T21:10:09.387659+00:00
IND,2015,IMPORTS_PERCENT_GDP,22.1097247094602,India,NE.IMP.GNFS.ZS,Imports of goods and services percentage of GDP,percent,annual,none,world_bank,2026-05-13T21:10:09.387659+00:00
IND,2016,IMPORTS_PERCENT_GDP,20.9242508026814,India,NE.IMP.GNFS.ZS,Imports of goods and services percentage of GDP,percent,annual,none,world_bank,2026-05-13T21:10:09.387659+00:00
IND,2017,IMPORTS_PERCENT_GDP,21.9507321152243,India,NE.IMP.GNFS.ZS,Imports of goods and services percentage of GDP,percent,annual,none,world_bank,2026-05-13T21:10:09.387659+00:00
IND,2018,IMPORTS_PERCENT_GDP,23.6891407335327,India,NE.IMP.GNFS.ZS,Imports of goods and services percentage of GDP,percent,annual,none,world_bank,2026-05-13T21:10:09.387659+00:00
IND,2019,IMPORTS_PERCENT_GDP,21.2411386333872,India,NE.IMP.GNFS.ZS,Imports of goods and services percentage of GDP,percent,annual,none,world_bank,2026-05-13T21:10:09.387659+00:00
IND,2020,IMPORTS_PERCENT_GDP,19.0756283996012,India,NE.IMP.GNFS.ZS,Imports of goods and services percentage of GDP,percent,annual,none,world_bank,2026-05-13T21:10:09.387659+00:00
IND,2021,IMPORTS_PERCENT_GDP,24.0239304534931,India,NE.IMP.GNFS.ZS,Imports of goods and services percentage of GDP,percent,annual,none,world_bank,2026-05-13T21:10:09.387659+00:00
IND,2022,IMPORTS_PERCENT_GDP,26.8237289453584,India,NE.IMP.GNFS.ZS,Imports of goods and services percentage of GDP,percent,annual,none,world_bank,2026-05-13T21:10:09.387659+00:00
IND,2023,IMPORTS_PERCENT_GDP,23.544144504402,India,NE.IMP.GNFS.ZS,Imports of goods and services percentage of GDP,percent,annual,none,world_bank,2026-05-13T21:10:09.387659+00:00
IND,2024,IMPORTS_PERCENT_GDP,23.4874474548813,India,NE.IMP.GNFS.ZS,Imports of goods and services percentage of GDP,percent,annual,none,world_bank,2026-05-13T21:10:09.387659+00:00
IND,2025,IMPORTS_PERCENT_GDP,,India,NE.IMP.GNFS.ZS,Imports of goods and services percentage of GDP,percent,annual,none,world_bank,2026-05-13T21:10:09.387659+00:00
IND,1960,INFLATION,1.77987784677382,India,FP.CPI.TOTL.ZG,Inflation consumer prices annual percentage,percent,annual,none,world_bank,2026-05-13T21:10:07.689777+00:00
IND,1961,INFLATION,1.69521293914433,India,FP.CPI.TOTL.ZG,Inflation consumer prices annual percentage,percent,annual,none,world_bank,2026-05-13T21:10:07.689777+00:00
IND,1962,INFLATION,3.63221497106987,India,FP.CPI.TOTL.ZG,Inflation consumer prices annual percentage,percent,annual,none,world_bank,2026-05-13T21:10:07.689777+00:00
IND,1963,INFLATION,2.94616135685229,India,FP.CPI.TOTL.ZG,Inflation consumer prices annual percentage,percent,annual,none,world_bank,2026-05-13T21:10:07.689777+00:00
IND,1964,INFLATION,13.3552611508153,India,FP.CPI.TOTL.ZG,Inflation consumer prices annual percentage,percent,annual,none,world_bank,2026-05-13T21:10:07.689777+00:00
IND,1965,INFLATION,9.47475859170699,India,FP.CPI.TOTL.ZG,Inflation consumer prices annual percentage,percent,annual,none,world_bank,2026-05-13T21:10:07.689777+00:00
IND,1966,INFLATION,10.8018483489342,India,FP.CPI.TOTL.ZG,Inflation consumer prices annual percentage,percent,annual,none,world_bank,2026-05-13T21:10:07.689777+00:00
IND,1967,INFLATION,13.062202477797,India,FP.CPI.TOTL.ZG,Inflation consumer prices annual percentage,percent,annual,none,world_bank,2026-05-13T21:10:07.689777+00:00
IND,1968,INFLATION,3.23741242627502,India,FP.CPI.TOTL.ZG,Inflation consumer prices annual percentage,percent,annual,none,world_bank,2026-05-13T21:10:07.689777+00:00
IND,1969,INFLATION,-0.584136610466349,India,FP.CPI.TOTL.ZG,Inflation consumer prices annual percentage,percent,annual,none,world_bank,2026-05-13T21:10:07.689777+00:00
IND,1970,INFLATION,5.09226161997552,India,FP.CPI.TOTL.ZG,Inflation consumer prices annual percentage,percent,annual,none,world_bank,2026-05-13T21:10:07.689777+00:00
IND,1971,INFLATION,3.07993868406537,India,FP.CPI.TOTL.ZG,Inflation consumer prices annual percentage,percent,annual,none,world_bank,2026-05-13T21:10:07.689777+00:00
IND,1972,INFLATION,6.44209746158243,India,FP.CPI.TOTL.ZG,Inflation consumer prices annual percentage,percent,annual,none,world_bank,2026-05-13T21:10:07.689777+00:00
IND,1973,INFLATION,16.9408159791736,India,FP.CPI.TOTL.ZG,Inflation consumer prices annual percentage,percent,annual,none,world_bank,2026-05-13T21:10:07.689777+00:00
IND,1974,INFLATION,28.598734077509,India,FP.CPI.TOTL.ZG,Inflation consumer prices annual percentage,percent,annual,none,world_bank,2026-05-13T21:10:07.689777+00:00
IND,1975,INFLATION,5.74843029767437,India,FP.CPI.TOTL.ZG,Inflation consumer prices annual percentage,percent,annual,none,world_bank,2026-05-13T21:10:07.689777+00:00
IND,1976,INFLATION,-7.63394763392882,India,FP.CPI.TOTL.ZG,Inflation consumer prices annual percentage,percent,annual,none,world_bank,2026-05-13T21:10:07.689777+00:00
IND,1977,INFLATION,8.30747009171166,India,FP.CPI.TOTL.ZG,Inflation consumer prices annual percentage,percent,annual,none,world_bank,2026-05-13T21:10:07.689777+00:00
IND,1978,INFLATION,2.5230487569518,India,FP.CPI.TOTL.ZG,Inflation consumer prices annual percentage,percent,annual,none,world_bank,2026-05-13T21:10:07.689777+00:00
IND,1979,INFLATION,6.27568336762335,India,FP.CPI.TOTL.ZG,Inflation consumer prices annual percentage,percent,annual,none,world_bank,2026-05-13T21:10:07.689777+00:00
IND,1980,INFLATION,11.3460734795095,India,FP.CPI.TOTL.ZG,Inflation consumer prices annual percentage,percent,annual,none,world_bank,2026-05-13T21:10:07.689777+00:00
IND,1981,INFLATION,13.112546897642,India,FP.CPI.TOTL.ZG,Inflation consumer prices annual percentage,percent,annual,none,world_bank,2026-05-13T21:10:07.689777+00:00
IND,1982,INFLATION,7.89074279377487,India,FP.CPI.TOTL.ZG,Inflation consumer prices annual percentage,percent,annual,none,world_bank,2026-05-13T21:10:07.689777+00:00
IND,1983,INFLATION,11.8680812986734,India,FP.CPI.TOTL.ZG,Inflation consumer prices annual percentage,percent,annual,none,world_bank,2026-05-13T21:10:07.689777+00:00
IND,1984,INFLATION,8.3189071186008,India,FP.CPI.TOTL.ZG,Inflation consumer prices annual percentage,percent,annual,none,world_bank,2026-05-13T21:10:07.689777+00:00
IND,1985,INFLATION,5.55642423236554,India,FP.CPI.TOTL.ZG,Inflation consumer prices annual percentage,percent,annual,none,world_bank,2026-05-13T21:10:07.689777+00:00
IND,1986,INFLATION,8.72972072702581,India,FP.CPI.TOTL.ZG,Inflation consumer prices annual percentage,percent,annual,none,world_bank,2026-05-13T21:10:07.689777+00:00
IND,1987,INFLATION,8.80112581251833,India,FP.CPI.TOTL.ZG,Inflation consumer prices annual percentage,percent,annual,none,world_bank,2026-05-13T21:10:07.689777+00:00
IND,1988,INFLATION,9.38347186185335,India,FP.CPI.TOTL.ZG,Inflation consumer prices annual percentage,percent,annual,none,world_bank,2026-05-13T21:10:07.689777+00:00
IND,1989,INFLATION,7.07428002942301,India,FP.CPI.TOTL.ZG,Inflation consumer prices annual percentage,percent,annual,none,world_bank,2026-05-13T21:10:07.689777+00:00
IND,1990,INFLATION,8.9712325027325,India,FP.CPI.TOTL.ZG,Inflation consumer prices annual percentage,percent,annual,none,world_bank,2026-05-13T21:10:07.689777+00:00
IND,1991,INFLATION,13.8702461773683,India,FP.CPI.TOTL.ZG,Inflation consumer prices annual percentage,percent,annual,none,world_bank,2026-05-13T21:10:07.689777+00:00
IND,1992,INFLATION,11.7878170418134,India,FP.CPI.TOTL.ZG,Inflation consumer prices annual percentage,percent,annual,none,world_bank,2026-05-13T21:10:07.689777+00:00
IND,1993,INFLATION,6.32689048779867,India,FP.CPI.TOTL.ZG,Inflation consumer prices annual percentage,percent,annual,none,world_bank,2026-05-13T21:10:07.689777+00:00
IND,1994,INFLATION,10.2479355556119,India,FP.CPI.TOTL.ZG,Inflation consumer prices annual percentage,percent,annual,none,world_bank,2026-05-13T21:10:07.689777+00:00
IND,1995,INFLATION,10.2248861637544,India,FP.CPI.TOTL.ZG,Inflation consumer prices annual percentage,percent,annual,none,world_bank,2026-05-13T21:10:07.689777+00:00
IND,1996,INFLATION,8.97715233826453,India,FP.CPI.TOTL.ZG,Inflation consumer prices annual percentage,percent,annual,none,world_bank,2026-05-13T21:10:07.689777+00:00
IND,1997,INFLATION,7.16425211462724,India,FP.CPI.TOTL.ZG,Inflation consumer prices annual percentage,percent,annual,none,world_bank,2026-05-13T21:10:07.689777+00:00
IND,1998,INFLATION,13.2308389767977,India,FP.CPI.TOTL.ZG,Inflation consumer prices annual percentage,percent,annual,none,world_bank,2026-05-13T21:10:07.689777+00:00
IND,1999,INFLATION,4.66982038037594,India,FP.CPI.TOTL.ZG,Inflation consumer prices annual percentage,percent,annual,none,world_bank,2026-05-13T21:10:07.689777+00:00
IND,2000,INFLATION,4.0094359104519,India,FP.CPI.TOTL.ZG,Inflation consumer prices annual percentage,percent,annual,none,world_bank,2026-05-13T21:10:07.689777+00:00
IND,2001,INFLATION,3.77929312235637,India,FP.CPI.TOTL.ZG,Inflation consumer prices annual percentage,percent,annual,none,world_bank,2026-05-13T21:10:07.689777+00:00
IND,2002,INFLATION,4.29715203929563,India,FP.CPI.TOTL.ZG,Inflation consumer prices annual percentage,percent,annual,none,world_bank,2026-05-13T21:10:07.689777+00:00
IND,2003,INFLATION,3.80585899528851,India,FP.CPI.TOTL.ZG,Inflation consumer prices annual percentage,percent,annual,none,world_bank,2026-05-13T21:10:07.689777+00:00
IND,2004,INFLATION,3.76725173477515,India,FP.CPI.TOTL.ZG,Inflation consumer prices annual percentage,percent,annual,none,world_bank,2026-05-13T21:10:07.689777+00:00
IND,2005,INFLATION,4.24634362031922,India,FP.CPI.TOTL.ZG,Inflation consumer prices annual percentage,percent,annual,none,world_bank,2026-05-13T21:10:07.689777+00:00
IND,2006,INFLATION,5.79652337561634,India,FP.CPI.TOTL.ZG,Inflation consumer prices annual percentage,percent,annual,none,world_bank,2026-05-13T21:10:07.689777+00:00
IND,2007,INFLATION,6.37288135593231,India,FP.CPI.TOTL.ZG,Inflation consumer prices annual percentage,percent,annual,none,world_bank,2026-05-13T21:10:07.689777+00:00
IND,2008,INFLATION,8.34926704907581,India,FP.CPI.TOTL.ZG,Inflation consumer prices annual percentage,percent,annual,none,world_bank,2026-05-13T21:10:07.689777+00:00
IND,2009,INFLATION,10.8823529411764,India,FP.CPI.TOTL.ZG,Inflation consumer prices annual percentage,percent,annual,none,world_bank,2026-05-13T21:10:07.689777+00:00
IND,2010,INFLATION,11.9893899204244,India,FP.CPI.TOTL.ZG,Inflation consumer prices annual percentage,percent,annual,none,world_bank,2026-05-13T21:10:07.689777+00:00
IND,2011,INFLATION,8.91179336483371,India,FP.CPI.TOTL.ZG,Inflation consumer prices annual percentage,percent,annual,none,world_bank,2026-05-13T21:10:07.689777+00:00
IND,2012,INFLATION,9.47899691419801,India,FP.CPI.TOTL.ZG,Inflation consumer prices annual percentage,percent,annual,none,world_bank,2026-05-13T21:10:07.689777+00:00
IND,2013,INFLATION,10.0178784746102,India,FP.CPI.TOTL.ZG,Inflation consumer prices annual percentage,percent,annual,none,world_bank,2026-05-13T21:10:07.689777+00:00
IND,2014,INFLATION,6.66565671867899,India,FP.CPI.TOTL.ZG,Inflation consumer prices annual percentage,percent,annual,none,world_bank,2026-05-13T21:10:07.689777+00:00
IND,2015,INFLATION,4.90697344127256,India,FP.CPI.TOTL.ZG,Inflation consumer prices annual percentage,percent,annual,none,world_bank,2026-05-13T21:10:07.689777+00:00
IND,2016,INFLATION,4.94821634062141,India,FP.CPI.TOTL.ZG,Inflation consumer prices annual percentage,percent,annual,none,world_bank,2026-05-13T21:10:07.689777+00:00
IND,2017,INFLATION,3.32817337461298,India,FP.CPI.TOTL.ZG,Inflation consumer prices annual percentage,percent,annual,none,world_bank,2026-05-13T21:10:07.689777+00:00
IND,2018,INFLATION,3.9388264669163,India,FP.CPI.TOTL.ZG,Inflation consumer prices annual percentage,percent,annual,none,world_bank,2026-05-13T21:10:07.689777+00:00
IND,2019,INFLATION,3.72950573539129,India,FP.CPI.TOTL.ZG,Inflation consumer prices annual percentage,percent,annual,none,world_bank,2026-05-13T21:10:07.689777+00:00
IND,2020,INFLATION,6.62343677628535,India,FP.CPI.TOTL.ZG,Inflation consumer prices annual percentage,percent,annual,none,world_bank,2026-05-13T21:10:07.689777+00:00
IND,2021,INFLATION,5.13140747176369,India,FP.CPI.TOTL.ZG,Inflation consumer prices annual percentage,percent,annual,none,world_bank,2026-05-13T21:10:07.689777+00:00
IND,2022,INFLATION,6.69903414079852,India,FP.CPI.TOTL.ZG,Inflation consumer prices annual percentage,percent,annual,none,world_bank,2026-05-13T21:10:07.689777+00:00
IND,2023,INFLATION,5.64914318907925,India,FP.CPI.TOTL.ZG,Inflation consumer prices annual percentage,percent,annual,none,world_bank,2026-05-13T21:10:07.689777+00:00
IND,2024,INFLATION,4.95303550973656,India,FP.CPI.TOTL.ZG,Inflation consumer prices annual percentage,percent,annual,none,world_bank,2026-05-13T21:10:07.689777+00:00
IND,2025,INFLATION,,India,FP.CPI.TOTL.ZG,Inflation consumer prices annual percentage,percent,annual,none,world_bank,2026-05-13T21:10:07.689777+00:00
IND,1960,MILITARY_EXPENDITURE,2.00401234567901,India,MS.MIL.XPND.GD.ZS,Military expenditure percentage GDP,percent,annual,none,world_bank,2026-05-13T21:11:02.215135+00:00
IND,1961,MILITARY_EXPENDITURE,2.07435972060536,India,MS.MIL.XPND.GD.ZS,Military expenditure percentage GDP,percent,annual,none,world_bank,2026-05-13T21:11:02.215135+00:00
IND,1962,MILITARY_EXPENDITURE,2.74540043290043,India,MS.MIL.XPND.GD.ZS,Military expenditure percentage GDP,percent,annual,none,world_bank,2026-05-13T21:11:02.215135+00:00
IND,1963,MILITARY_EXPENDITURE,4.02530602636535,India,MS.MIL.XPND.GD.ZS,Military expenditure percentage GDP,percent,annual,none,world_bank,2026-05-13T21:11:02.215135+00:00
IND,1964,MILITARY_EXPENDITURE,3.81923698021801,India,MS.MIL.XPND.GD.ZS,Military expenditure percentage GDP,percent,annual,none,world_bank,2026-05-13T21:11:02.215135+00:00
IND,1965,MILITARY_EXPENDITURE,3.87141491395794,India,MS.MIL.XPND.GD.ZS,Military expenditure percentage GDP,percent,annual,none,world_bank,2026-05-13T21:11:02.215135+00:00
IND,1966,MILITARY_EXPENDITURE,3.57237064592492,India,MS.MIL.XPND.GD.ZS,Military expenditure percentage GDP,percent,annual,none,world_bank,2026-05-13T21:11:02.215135+00:00
IND,1967,MILITARY_EXPENDITURE,3.22392372146778,India,MS.MIL.XPND.GD.ZS,Military expenditure percentage GDP,percent,annual,none,world_bank,2026-05-13T21:11:02.215135+00:00
IND,1968,MILITARY_EXPENDITURE,3.24556858467412,India,MS.MIL.XPND.GD.ZS,Military expenditure percentage GDP,percent,annual,none,world_bank,2026-05-13T21:11:02.215135+00:00
IND,1969,MILITARY_EXPENDITURE,3.14081455805893,India,MS.MIL.XPND.GD.ZS,Military expenditure percentage GDP,percent,annual,none,world_bank,2026-05-13T21:11:02.215135+00:00
IND,1970,MILITARY_EXPENDITURE,3.18518303985171,India,MS.MIL.XPND.GD.ZS,Military expenditure percentage GDP,percent,annual,none,world_bank,2026-05-13T21:11:02.215135+00:00
IND,1971,MILITARY_EXPENDITURE,3.65245352356247,India,MS.MIL.XPND.GD.ZS,Military expenditure percentage GDP,percent,annual,none,world_bank,2026-05-13T21:11:02.215135+00:00
IND,1972,MILITARY_EXPENDITURE,3.7179474612821,India,MS.MIL.XPND.GD.ZS,Military expenditure percentage GDP,percent,annual,none,world_bank,2026-05-13T21:11:02.215135+00:00
IND,1973,MILITARY_EXPENDITURE,3.15864376713433,India,MS.MIL.XPND.GD.ZS,Military expenditure percentage GDP,percent,annual,none,world_bank,2026-05-13T21:11:02.215135+00:00
IND,1974,MILITARY_EXPENDITURE,3.20282632441289,India,MS.MIL.XPND.GD.ZS,Military expenditure percentage GDP,percent,annual,none,world_bank,2026-05-13T21:11:02.215135+00:00
IND,1975,MILITARY_EXPENDITURE,3.53459878110716,India,MS.MIL.XPND.GD.ZS,Military expenditure percentage GDP,percent,annual,none,world_bank,2026-05-13T21:11:02.215135+00:00
IND,1976,MILITARY_EXPENDITURE,3.4778831428908,India,MS.MIL.XPND.GD.ZS,Military expenditure percentage GDP,percent,annual,none,world_bank,2026-05-13T21:11:02.215135+00:00
IND,1977,MILITARY_EXPENDITURE,3.16277193712918,India,MS.MIL.XPND.GD.ZS,Military expenditure percentage GDP,percent,annual,none,world_bank,2026-05-13T21:11:02.215135+00:00
IND,1978,MILITARY_EXPENDITURE,3.12633170169882,India,MS.MIL.XPND.GD.ZS,Military expenditure percentage GDP,percent,annual,none,world_bank,2026-05-13T21:11:02.215135+00:00
IND,1979,MILITARY_EXPENDITURE,3.26132865787541,India,MS.MIL.XPND.GD.ZS,Military expenditure percentage GDP,percent,annual,none,world_bank,2026-05-13T21:11:02.215135+00:00
IND,1980,MILITARY_EXPENDITURE,3.13378132972583,India,MS.MIL.XPND.GD.ZS,Military expenditure percentage GDP,percent,annual,none,world_bank,2026-05-13T21:11:02.215135+00:00
IND,1981,MILITARY_EXPENDITURE,3.18624812218328,India,MS.MIL.XPND.GD.ZS,Military expenditure percentage GDP,percent,annual,none,world_bank,2026-05-13T21:11:02.215135+00:00
IND,1982,MILITARY_EXPENDITURE,3.34511766555139,India,MS.MIL.XPND.GD.ZS,Military expenditure percentage GDP,percent,annual,none,world_bank,2026-05-13T21:11:02.215135+00:00
IND,1983,MILITARY_EXPENDITURE,3.3230686597074,India,MS.MIL.XPND.GD.ZS,Military expenditure percentage GDP,percent,annual,none,world_bank,2026-05-13T21:11:02.215135+00:00
IND,1984,MILITARY_EXPENDITURE,3.41687559436328,India,MS.MIL.XPND.GD.ZS,Military expenditure percentage GDP,percent,annual,none,world_bank,2026-05-13T21:11:02.215135+00:00
IND,1985,MILITARY_EXPENDITURE,3.5690302776083,India,MS.MIL.XPND.GD.ZS,Military expenditure percentage GDP,percent,annual,none,world_bank,2026-05-13T21:11:02.215135+00:00
IND,1986,MILITARY_EXPENDITURE,4.10646868066223,India,MS.MIL.XPND.GD.ZS,Military expenditure percentage GDP,percent,annual,none,world_bank,2026-05-13T21:11:02.215135+00:00
IND,1987,MILITARY_EXPENDITURE,4.2313175270108,India,MS.MIL.XPND.GD.ZS,Military expenditure percentage GDP,percent,annual,none,world_bank,2026-05-13T21:11:02.215135+00:00
IND,1988,MILITARY_EXPENDITURE,3.72867178276269,India,MS.MIL.XPND.GD.ZS,Military expenditure percentage GDP,percent,annual,none,world_bank,2026-05-13T21:11:02.215135+00:00
IND,1989,MILITARY_EXPENDITURE,3.53417972767288,India,MS.MIL.XPND.GD.ZS,Military expenditure percentage GDP,percent,annual,none,world_bank,2026-05-13T21:11:02.215135+00:00
IND,1990,MILITARY_EXPENDITURE,3.14621461029962,India,MS.MIL.XPND.GD.ZS,Military expenditure percentage GDP,percent,annual,none,world_bank,2026-05-13T21:11:02.215135+00:00
IND,1991,MILITARY_EXPENDITURE,2.90997432764267,India,MS.MIL.XPND.GD.ZS,Military expenditure percentage GDP,percent,annual,none,world_bank,2026-05-13T21:11:02.215135+00:00
IND,1992,MILITARY_EXPENDITURE,2.70483970561409,India,MS.MIL.XPND.GD.ZS,Military expenditure percentage GDP,percent,annual,none,world_bank,2026-05-13T21:11:02.215135+00:00
IND,1993,MILITARY_EXPENDITURE,2.82354224568723,India,MS.MIL.XPND.GD.ZS,Military expenditure percentage GDP,percent,annual,none,world_bank,2026-05-13T21:11:02.215135+00:00
IND,1994,MILITARY_EXPENDITURE,2.66467372708604,India,MS.MIL.XPND.GD.ZS,Military expenditure percentage GDP,percent,annual,none,world_bank,2026-05-13T21:11:02.215135+00:00
IND,1995,MILITARY_EXPENDITURE,2.57848357246069,India,MS.MIL.XPND.GD.ZS,Military expenditure percentage GDP,percent,annual,none,world_bank,2026-05-13T21:11:02.215135+00:00
IND,1996,MILITARY_EXPENDITURE,2.4727682254674,India,MS.MIL.XPND.GD.ZS,Military expenditure percentage GDP,percent,annual,none,world_bank,2026-05-13T21:11:02.215135+00:00
IND,1997,MILITARY_EXPENDITURE,2.64773242601716,India,MS.MIL.XPND.GD.ZS,Military expenditure percentage GDP,percent,annual,none,world_bank,2026-05-13T21:11:02.215135+00:00
IND,1998,MILITARY_EXPENDITURE,2.72731141679376,India,MS.MIL.XPND.GD.ZS,Military expenditure percentage GDP,percent,annual,none,world_bank,2026-05-13T21:11:02.215135+00:00
IND,1999,MILITARY_EXPENDITURE,2.95719564743412,India,MS.MIL.XPND.GD.ZS,Military expenditure percentage GDP,percent,annual,none,world_bank,2026-05-13T21:11:02.215135+00:00
IND,2000,MILITARY_EXPENDITURE,2.94892990622572,India,MS.MIL.XPND.GD.ZS,Military expenditure percentage GDP,percent,annual,none,world_bank,2026-05-13T21:11:02.215135+00:00
IND,2001,MILITARY_EXPENDITURE,2.9244355462896,India,MS.MIL.XPND.GD.ZS,Military expenditure percentage GDP,percent,annual,none,world_bank,2026-05-13T21:11:02.215135+00:00
IND,2002,MILITARY_EXPENDITURE,2.82686683045838,India,MS.MIL.XPND.GD.ZS,Military expenditure percentage GDP,percent,annual,none,world_bank,2026-05-13T21:11:02.215135+00:00
IND,2003,MILITARY_EXPENDITURE,2.67777693222748,India,MS.MIL.XPND.GD.ZS,Military expenditure percentage GDP,percent,annual,none,world_bank,2026-05-13T21:11:02.215135+00:00
IND,2004,MILITARY_EXPENDITURE,2.82875224798105,India,MS.MIL.XPND.GD.ZS,Military expenditure percentage GDP,percent,annual,none,world_bank,2026-05-13T21:11:02.215135+00:00
IND,2005,MILITARY_EXPENDITURE,2.91058750164482,India,MS.MIL.XPND.GD.ZS,Military expenditure percentage GDP,percent,annual,none,world_bank,2026-05-13T21:11:02.215135+00:00
IND,2006,MILITARY_EXPENDITURE,2.68038156022763,India,MS.MIL.XPND.GD.ZS,Military expenditure percentage GDP,percent,annual,none,world_bank,2026-05-13T21:11:02.215135+00:00
IND,2007,MILITARY_EXPENDITURE,2.47824652803557,India,MS.MIL.XPND.GD.ZS,Military expenditure percentage GDP,percent,annual,none,world_bank,2026-05-13T21:11:02.215135+00:00
IND,2008,MILITARY_EXPENDITURE,2.63146078124112,India,MS.MIL.XPND.GD.ZS,Military expenditure percentage GDP,percent,annual,none,world_bank,2026-05-13T21:11:02.215135+00:00
IND,2009,MILITARY_EXPENDITURE,3.12938472737472,India,MS.MIL.XPND.GD.ZS,Military expenditure percentage GDP,percent,annual,none,world_bank,2026-05-13T21:11:02.215135+00:00
IND,2010,MILITARY_EXPENDITURE,2.88946327164641,India,MS.MIL.XPND.GD.ZS,Military expenditure percentage GDP,percent,annual,none,world_bank,2026-05-13T21:11:02.215135+00:00
IND,2011,MILITARY_EXPENDITURE,2.70448222276966,India,MS.MIL.XPND.GD.ZS,Military expenditure percentage GDP,percent,annual,none,world_bank,2026-05-13T21:11:02.215135+00:00
IND,2012,MILITARY_EXPENDITURE,2.61816634758562,India,MS.MIL.XPND.GD.ZS,Military expenditure percentage GDP,percent,annual,none,world_bank,2026-05-13T21:11:02.215135+00:00
IND,2013,MILITARY_EXPENDITURE,2.5488248901417,India,MS.MIL.XPND.GD.ZS,Military expenditure percentage GDP,percent,annual,none,world_bank,2026-05-13T21:11:02.215135+00:00
IND,2014,MILITARY_EXPENDITURE,2.54398176462257,India,MS.MIL.XPND.GD.ZS,Military expenditure percentage GDP,percent,annual,none,world_bank,2026-05-13T21:11:02.215135+00:00
IND,2015,MILITARY_EXPENDITURE,2.45745006060163,India,MS.MIL.XPND.GD.ZS,Military expenditure percentage GDP,percent,annual,none,world_bank,2026-05-13T21:11:02.215135+00:00
IND,2016,MILITARY_EXPENDITURE,2.54315152114541,India,MS.MIL.XPND.GD.ZS,Military expenditure percentage GDP,percent,annual,none,world_bank,2026-05-13T21:11:02.215135+00:00
IND,2017,MILITARY_EXPENDITURE,2.53151136056791,India,MS.MIL.XPND.GD.ZS,Military expenditure percentage GDP,percent,annual,none,world_bank,2026-05-13T21:11:02.215135+00:00
IND,2018,MILITARY_EXPENDITURE,2.42428452604417,India,MS.MIL.XPND.GD.ZS,Military expenditure percentage GDP,percent,annual,none,world_bank,2026-05-13T21:11:02.215135+00:00
IND,2019,MILITARY_EXPENDITURE,2.5459982314359,India,MS.MIL.XPND.GD.ZS,Military expenditure percentage GDP,percent,annual,none,world_bank,2026-05-13T21:11:02.215135+00:00
IND,2020,MILITARY_EXPENDITURE,2.80361581112679,India,MS.MIL.XPND.GD.ZS,Military expenditure percentage GDP,percent,annual,none,world_bank,2026-05-13T21:11:02.215135+00:00
IND,2021,MILITARY_EXPENDITURE,2.46874153034185,India,MS.MIL.XPND.GD.ZS,Military expenditure percentage GDP,percent,annual,none,world_bank,2026-05-13T21:11:02.215135+00:00
IND,2022,MILITARY_EXPENDITURE,2.38309809835882,India,MS.MIL.XPND.GD.ZS,Military expenditure percentage GDP,percent,annual,none,world_bank,2026-05-13T21:11:02.215135+00:00
IND,2023,MILITARY_EXPENDITURE,2.35679426678262,India,MS.MIL.XPND.GD.ZS,Military expenditure percentage GDP,percent,annual,none,world_bank,2026-05-13T21:11:02.215135+00:00
IND,2024,MILITARY_EXPENDITURE,2.2712033218142,India,MS.MIL.XPND.GD.ZS,Military expenditure percentage GDP,percent,annual,none,world_bank,2026-05-13T21:11:02.215135+00:00
IND,2025,MILITARY_EXPENDITURE,,India,MS.MIL.XPND.GD.ZS,Military expenditure percentage GDP,percent,annual,none,world_bank,2026-05-13T21:11:02.215135+00:00
IND,1960,UNEMPLOYMENT,,India,SL.UEM.TOTL.ZS,Unemployment total percentage of labor force,percent,annual,none,world_bank,2026-05-13T21:10:08.373742+00:00
IND,1961,UNEMPLOYMENT,,India,SL.UEM.TOTL.ZS,Unemployment total percentage of labor force,percent,annual,none,world_bank,2026-05-13T21:10:08.373742+00:00
IND,1962,UNEMPLOYMENT,,India,SL.UEM.TOTL.ZS,Unemployment total percentage of labor force,percent,annual,none,world_bank,2026-05-13T21:10:08.373742+00:00
IND,1963,UNEMPLOYMENT,,India,SL.UEM.TOTL.ZS,Unemployment total percentage of labor force,percent,annual,none,world_bank,2026-05-13T21:10:08.373742+00:00
IND,1964,UNEMPLOYMENT,,India,SL.UEM.TOTL.ZS,Unemployment total percentage of labor force,percent,annual,none,world_bank,2026-05-13T21:10:08.373742+00:00
IND,1965,UNEMPLOYMENT,,India,SL.UEM.TOTL.ZS,Unemployment total percentage of labor force,percent,annual,none,world_bank,2026-05-13T21:10:08.373742+00:00
IND,1966,UNEMPLOYMENT,,India,SL.UEM.TOTL.ZS,Unemployment total percentage of labor force,percent,annual,none,world_bank,2026-05-13T21:10:08.373742+00:00
IND,1967,UNEMPLOYMENT,,India,SL.UEM.TOTL.ZS,Unemployment total percentage of labor force,percent,annual,none,world_bank,2026-05-13T21:10:08.373742+00:00
IND,1968,UNEMPLOYMENT,,India,SL.UEM.TOTL.ZS,Unemployment total percentage of labor force,percent,annual,none,world_bank,2026-05-13T21:10:08.373742+00:00
IND,1969,UNEMPLOYMENT,,India,SL.UEM.TOTL.ZS,Unemployment total percentage of labor force,percent,annual,none,world_bank,2026-05-13T21:10:08.373742+00:00
IND,1970,UNEMPLOYMENT,,India,SL.UEM.TOTL.ZS,Unemployment total percentage of labor force,percent,annual,none,world_bank,2026-05-13T21:10:08.373742+00:00
IND,1971,UNEMPLOYMENT,,India,SL.UEM.TOTL.ZS,Unemployment total percentage of labor force,percent,annual,none,world_bank,2026-05-13T21:10:08.373742+00:00
IND,1972,UNEMPLOYMENT,,India,SL.UEM.TOTL.ZS,Unemployment total percentage of labor force,percent,annual,none,world_bank,2026-05-13T21:10:08.373742+00:00
IND,1973,UNEMPLOYMENT,,India,SL.UEM.TOTL.ZS,Unemployment total percentage of labor force,percent,annual,none,world_bank,2026-05-13T21:10:08.373742+00:00
IND,1974,UNEMPLOYMENT,,India,SL.UEM.TOTL.ZS,Unemployment total percentage of labor force,percent,annual,none,world_bank,2026-05-13T21:10:08.373742+00:00
IND,1975,UNEMPLOYMENT,,India,SL.UEM.TOTL.ZS,Unemployment total percentage of labor force,percent,annual,none,world_bank,2026-05-13T21:10:08.373742+00:00
IND,1976,UNEMPLOYMENT,,India,SL.UEM.TOTL.ZS,Unemployment total percentage of labor force,percent,annual,none,world_bank,2026-05-13T21:10:08.373742+00:00
IND,1977,UNEMPLOYMENT,,India,SL.UEM.TOTL.ZS,Unemployment total percentage of labor force,percent,annual,none,world_bank,2026-05-13T21:10:08.373742+00:00
IND,1978,UNEMPLOYMENT,,India,SL.UEM.TOTL.ZS,Unemployment total percentage of labor force,percent,annual,none,world_bank,2026-05-13T21:10:08.373742+00:00
IND,1979,UNEMPLOYMENT,,India,SL.UEM.TOTL.ZS,Unemployment total percentage of labor force,percent,annual,none,world_bank,2026-05-13T21:10:08.373742+00:00
IND,1980,UNEMPLOYMENT,,India,SL.UEM.TOTL.ZS,Unemployment total percentage of labor force,percent,annual,none,world_bank,2026-05-13T21:10:08.373742+00:00
IND,1981,UNEMPLOYMENT,,India,SL.UEM.TOTL.ZS,Unemployment total percentage of labor force,percent,annual,none,world_bank,2026-05-13T21:10:08.373742+00:00
IND,1982,UNEMPLOYMENT,,India,SL.UEM.TOTL.ZS,Unemployment total percentage of labor force,percent,annual,none,world_bank,2026-05-13T21:10:08.373742+00:00
IND,1983,UNEMPLOYMENT,,India,SL.UEM.TOTL.ZS,Unemployment total percentage of labor force,percent,annual,none,world_bank,2026-05-13T21:10:08.373742+00:00
IND,1984,UNEMPLOYMENT,,India,SL.UEM.TOTL.ZS,Unemployment total percentage of labor force,percent,annual,none,world_bank,2026-05-13T21:10:08.373742+00:00
IND,1985,UNEMPLOYMENT,,India,SL.UEM.TOTL.ZS,Unemployment total percentage of labor force,percent,annual,none,world_bank,2026-05-13T21:10:08.373742+00:00
IND,1986,UNEMPLOYMENT,,India,SL.UEM.TOTL.ZS,Unemployment total percentage of labor force,percent,annual,none,world_bank,2026-05-13T21:10:08.373742+00:00
IND,1987,UNEMPLOYMENT,,India,SL.UEM.TOTL.ZS,Unemployment total percentage of labor force,percent,annual,none,world_bank,2026-05-13T21:10:08.373742+00:00
IND,1988,UNEMPLOYMENT,,India,SL.UEM.TOTL.ZS,Unemployment total percentage of labor force,percent,annual,none,world_bank,2026-05-13T21:10:08.373742+00:00
IND,1989,UNEMPLOYMENT,,India,SL.UEM.TOTL.ZS,Unemployment total percentage of labor force,percent,annual,none,world_bank,2026-05-13T21:10:08.373742+00:00
IND,1990,UNEMPLOYMENT,,India,SL.UEM.TOTL.ZS,Unemployment total percentage of labor force,percent,annual,none,world_bank,2026-05-13T21:10:08.373742+00:00
IND,1991,UNEMPLOYMENT,7.641,India,SL.UEM.TOTL.ZS,Unemployment total percentage of labor force,percent,annual,none,world_bank,2026-05-13T21:10:08.373742+00:00
IND,1992,UNEMPLOYMENT,7.649,India,SL.UEM.TOTL.ZS,Unemployment total percentage of labor force,percent,annual,none,world_bank,2026-05-13T21:10:08.373742+00:00
IND,1993,UNEMPLOYMENT,7.662,India,SL.UEM.TOTL.ZS,Unemployment total percentage of labor force,percent,annual,none,world_bank,2026-05-13T21:10:08.373742+00:00
IND,1994,UNEMPLOYMENT,7.593,India,SL.UEM.TOTL.ZS,Unemployment total percentage of labor force,percent,annual,none,world_bank,2026-05-13T21:10:08.373742+00:00
IND,1995,UNEMPLOYMENT,7.57,India,SL.UEM.TOTL.ZS,Unemployment total percentage of labor force,percent,annual,none,world_bank,2026-05-13T21:10:08.373742+00:00
IND,1996,UNEMPLOYMENT,7.537,India,SL.UEM.TOTL.ZS,Unemployment total percentage of labor force,percent,annual,none,world_bank,2026-05-13T21:10:08.373742+00:00
IND,1997,UNEMPLOYMENT,7.574,India,SL.UEM.TOTL.ZS,Unemployment total percentage of labor force,percent,annual,none,world_bank,2026-05-13T21:10:08.373742+00:00
IND,1998,UNEMPLOYMENT,7.596,India,SL.UEM.TOTL.ZS,Unemployment total percentage of labor force,percent,annual,none,world_bank,2026-05-13T21:10:08.373742+00:00
IND,1999,UNEMPLOYMENT,7.583,India,SL.UEM.TOTL.ZS,Unemployment total percentage of labor force,percent,annual,none,world_bank,2026-05-13T21:10:08.373742+00:00
IND,2000,UNEMPLOYMENT,7.589,India,SL.UEM.TOTL.ZS,Unemployment total percentage of labor force,percent,annual,none,world_bank,2026-05-13T21:10:08.373742+00:00
IND,2001,UNEMPLOYMENT,7.611,India,SL.UEM.TOTL.ZS,Unemployment total percentage of labor force,percent,annual,none,world_bank,2026-05-13T21:10:08.373742+00:00
IND,2002,UNEMPLOYMENT,7.681,India,SL.UEM.TOTL.ZS,Unemployment total percentage of labor force,percent,annual,none,world_bank,2026-05-13T21:10:08.373742+00:00
IND,2003,UNEMPLOYMENT,7.633,India,SL.UEM.TOTL.ZS,Unemployment total percentage of labor force,percent,annual,none,world_bank,2026-05-13T21:10:08.373742+00:00
IND,2004,UNEMPLOYMENT,7.598,India,SL.UEM.TOTL.ZS,Unemployment total percentage of labor force,percent,annual,none,world_bank,2026-05-13T21:10:08.373742+00:00
IND,2005,UNEMPLOYMENT,7.551,India,SL.UEM.TOTL.ZS,Unemployment total percentage of labor force,percent,annual,none,world_bank,2026-05-13T21:10:08.373742+00:00
IND,2006,UNEMPLOYMENT,7.553,India,SL.UEM.TOTL.ZS,Unemployment total percentage of labor force,percent,annual,none,world_bank,2026-05-13T21:10:08.373742+00:00
IND,2007,UNEMPLOYMENT,7.562,India,SL.UEM.TOTL.ZS,Unemployment total percentage of labor force,percent,annual,none,world_bank,2026-05-13T21:10:08.373742+00:00
IND,2008,UNEMPLOYMENT,7.629,India,SL.UEM.TOTL.ZS,Unemployment total percentage of labor force,percent,annual,none,world_bank,2026-05-13T21:10:08.373742+00:00
IND,2009,UNEMPLOYMENT,7.636,India,SL.UEM.TOTL.ZS,Unemployment total percentage of labor force,percent,annual,none,world_bank,2026-05-13T21:10:08.373742+00:00
IND,2010,UNEMPLOYMENT,7.631,India,SL.UEM.TOTL.ZS,Unemployment total percentage of labor force,percent,annual,none,world_bank,2026-05-13T21:10:08.373742+00:00
IND,2011,UNEMPLOYMENT,7.609,India,SL.UEM.TOTL.ZS,Unemployment total percentage of labor force,percent,annual,none,world_bank,2026-05-13T21:10:08.373742+00:00
IND,2012,UNEMPLOYMENT,7.645,India,SL.UEM.TOTL.ZS,Unemployment total percentage of labor force,percent,annual,none,world_bank,2026-05-13T21:10:08.373742+00:00
IND,2013,UNEMPLOYMENT,7.678,India,SL.UEM.TOTL.ZS,Unemployment total percentage of labor force,percent,annual,none,world_bank,2026-05-13T21:10:08.373742+00:00
IND,2014,UNEMPLOYMENT,7.656,India,SL.UEM.TOTL.ZS,Unemployment total percentage of labor force,percent,annual,none,world_bank,2026-05-13T21:10:08.373742+00:00
IND,2015,UNEMPLOYMENT,7.629,India,SL.UEM.TOTL.ZS,Unemployment total percentage of labor force,percent,annual,none,world_bank,2026-05-13T21:10:08.373742+00:00
IND,2016,UNEMPLOYMENT,7.611,India,SL.UEM.TOTL.ZS,Unemployment total percentage of labor force,percent,annual,none,world_bank,2026-05-13T21:10:08.373742+00:00
IND,2017,UNEMPLOYMENT,7.626,India,SL.UEM.TOTL.ZS,Unemployment total percentage of labor force,percent,annual,none,world_bank,2026-05-13T21:10:08.373742+00:00
IND,2018,UNEMPLOYMENT,7.652,India,SL.UEM.TOTL.ZS,Unemployment total percentage of labor force,percent,annual,none,world_bank,2026-05-13T21:10:08.373742+00:00
IND,2019,UNEMPLOYMENT,6.51,India,SL.UEM.TOTL.ZS,Unemployment total percentage of labor force,percent,annual,none,world_bank,2026-05-13T21:10:08.373742+00:00
IND,2020,UNEMPLOYMENT,7.859,India,SL.UEM.TOTL.ZS,Unemployment total percentage of labor force,percent,annual,none,world_bank,2026-05-13T21:10:08.373742+00:00
IND,2021,UNEMPLOYMENT,6.38,India,SL.UEM.TOTL.ZS,Unemployment total percentage of labor force,percent,annual,none,world_bank,2026-05-13T21:10:08.373742+00:00
IND,2022,UNEMPLOYMENT,4.822,India,SL.UEM.TOTL.ZS,Unemployment total percentage of labor force,percent,annual,none,world_bank,2026-05-13T21:10:08.373742+00:00
IND,2023,UNEMPLOYMENT,4.172,India,SL.UEM.TOTL.ZS,Unemployment total percentage of labor force,percent,annual,none,world_bank,2026-05-13T21:10:08.373742+00:00
IND,2024,UNEMPLOYMENT,4.173,India,SL.UEM.TOTL.ZS,Unemployment total percentage of labor force,percent,annual,none,world_bank,2026-05-13T21:10:08.373742+00:00
IND,2025,UNEMPLOYMENT,4.219,India,SL.UEM.TOTL.ZS,Unemployment total percentage of labor force,percent,annual,none,world_bank,2026-05-13T21:10:08.373742+00:00
JPN,1960,EXPORTS_PERCENT_GDP,,Japan,NE.EXP.GNFS.ZS,Exports of goods and services percentage of GDP,percent,annual,none,world_bank,2026-05-13T21:10:03.487808+00:00
JPN,1961,EXPORTS_PERCENT_GDP,,Japan,NE.EXP.GNFS.ZS,Exports of goods and services percentage of GDP,percent,annual,none,world_bank,2026-05-13T21:10:03.487808+00:00
JPN,1962,EXPORTS_PERCENT_GDP,,Japan,NE.EXP.GNFS.ZS,Exports of goods and services percentage of GDP,percent,annual,none,world_bank,2026-05-13T21:10:03.487808+00:00
JPN,1963,EXPORTS_PERCENT_GDP,,Japan,NE.EXP.GNFS.ZS,Exports of goods and services percentage of GDP,percent,annual,none,world_bank,2026-05-13T21:10:03.487808+00:00
JPN,1964,EXPORTS_PERCENT_GDP,,Japan,NE.EXP.GNFS.ZS,Exports of goods and services percentage of GDP,percent,annual,none,world_bank,2026-05-13T21:10:03.487808+00:00
JPN,1965,EXPORTS_PERCENT_GDP,,Japan,NE.EXP.GNFS.ZS,Exports of goods and services percentage of GDP,percent,annual,none,world_bank,2026-05-13T21:10:03.487808+00:00
JPN,1966,EXPORTS_PERCENT_GDP,,Japan,NE.EXP.GNFS.ZS,Exports of goods and services percentage of GDP,percent,annual,none,world_bank,2026-05-13T21:10:03.487808+00:00
JPN,1967,EXPORTS_PERCENT_GDP,,Japan,NE.EXP.GNFS.ZS,Exports of goods and services percentage of GDP,percent,annual,none,world_bank,2026-05-13T21:10:03.487808+00:00
JPN,1968,EXPORTS_PERCENT_GDP,,Japan,NE.EXP.GNFS.ZS,Exports of goods and services percentage of GDP,percent,annual,none,world_bank,2026-05-13T21:10:03.487808+00:00
JPN,1969,EXPORTS_PERCENT_GDP,,Japan,NE.EXP.GNFS.ZS,Exports of goods and services percentage of GDP,percent,annual,none,world_bank,2026-05-13T21:10:03.487808+00:00
JPN,1970,EXPORTS_PERCENT_GDP,10.1401415388753,Japan,NE.EXP.GNFS.ZS,Exports of goods and services percentage of GDP,percent,annual,none,world_bank,2026-05-13T21:10:03.487808+00:00
JPN,1971,EXPORTS_PERCENT_GDP,10.9904906599774,Japan,NE.EXP.GNFS.ZS,Exports of goods and services percentage of GDP,percent,annual,none,world_bank,2026-05-13T21:10:03.487808+00:00
JPN,1972,EXPORTS_PERCENT_GDP,9.93155157517124,Japan,NE.EXP.GNFS.ZS,Exports of goods and services percentage of GDP,percent,annual,none,world_bank,2026-05-13T21:10:03.487808+00:00
JPN,1973,EXPORTS_PERCENT_GDP,9.41789277005713,Japan,NE.EXP.GNFS.ZS,Exports of goods and services percentage of GDP,percent,annual,none,world_bank,2026-05-13T21:10:03.487808+00:00
JPN,1974,EXPORTS_PERCENT_GDP,12.7615795945636,Japan,NE.EXP.GNFS.ZS,Exports of goods and services percentage of GDP,percent,annual,none,world_bank,2026-05-13T21:10:03.487808+00:00
JPN,1975,EXPORTS_PERCENT_GDP,12.0080248292995,Japan,NE.EXP.GNFS.ZS,Exports of goods and services percentage of GDP,percent,annual,none,world_bank,2026-05-13T21:10:03.487808+00:00
JPN,1976,EXPORTS_PERCENT_GDP,12.7207365025142,Japan,NE.EXP.GNFS.ZS,Exports of goods and services percentage of GDP,percent,annual,none,world_bank,2026-05-13T21:10:03.487808+00:00
JPN,1977,EXPORTS_PERCENT_GDP,12.2876089622225,Japan,NE.EXP.GNFS.ZS,Exports of goods and services percentage of GDP,percent,annual,none,world_bank,2026-05-13T21:10:03.487808+00:00
JPN,1978,EXPORTS_PERCENT_GDP,10.4336473703223,Japan,NE.EXP.GNFS.ZS,Exports of goods and services percentage of GDP,percent,annual,none,world_bank,2026-05-13T21:10:03.487808+00:00
JPN,1979,EXPORTS_PERCENT_GDP,10.8540731976983,Japan,NE.EXP.GNFS.ZS,Exports of goods and services percentage of GDP,percent,annual,none,world_bank,2026-05-13T21:10:03.487808+00:00
JPN,1980,EXPORTS_PERCENT_GDP,12.8482219529444,Japan,NE.EXP.GNFS.ZS,Exports of goods and services percentage of GDP,percent,annual,none,world_bank,2026-05-13T21:10:03.487808+00:00
JPN,1981,EXPORTS_PERCENT_GDP,13.8235987064114,Japan,NE.EXP.GNFS.ZS,Exports of goods and services percentage of GDP,percent,annual,none,world_bank,2026-05-13T21:10:03.487808+00:00
JPN,1982,EXPORTS_PERCENT_GDP,13.6298434235464,Japan,NE.EXP.GNFS.ZS,Exports of goods and services percentage of GDP,percent,annual,none,world_bank,2026-05-13T21:10:03.487808+00:00
JPN,1983,EXPORTS_PERCENT_GDP,13.0092653790483,Japan,NE.EXP.GNFS.ZS,Exports of goods and services percentage of GDP,percent,annual,none,world_bank,2026-05-13T21:10:03.487808+00:00
JPN,1984,EXPORTS_PERCENT_GDP,14.099759872566,Japan,NE.EXP.GNFS.ZS,Exports of goods and services percentage of GDP,percent,annual,none,world_bank,2026-05-13T21:10:03.487808+00:00
JPN,1985,EXPORTS_PERCENT_GDP,13.6193713602979,Japan,NE.EXP.GNFS.ZS,Exports of goods and services percentage of GDP,percent,annual,none,world_bank,2026-05-13T21:10:03.487808+00:00
JPN,1986,EXPORTS_PERCENT_GDP,10.7007717560732,Japan,NE.EXP.GNFS.ZS,Exports of goods and services percentage of GDP,percent,annual,none,world_bank,2026-05-13T21:10:03.487808+00:00
JPN,1987,EXPORTS_PERCENT_GDP,9.75299579664214,Japan,NE.EXP.GNFS.ZS,Exports of goods and services percentage of GDP,percent,annual,none,world_bank,2026-05-13T21:10:03.487808+00:00
JPN,1988,EXPORTS_PERCENT_GDP,9.40921479033839,Japan,NE.EXP.GNFS.ZS,Exports of goods and services percentage of GDP,percent,annual,none,world_bank,2026-05-13T21:10:03.487808+00:00
JPN,1989,EXPORTS_PERCENT_GDP,9.93475201640302,Japan,NE.EXP.GNFS.ZS,Exports of goods and services percentage of GDP,percent,annual,none,world_bank,2026-05-13T21:10:03.487808+00:00
JPN,1990,EXPORTS_PERCENT_GDP,10.0500959147409,Japan,NE.EXP.GNFS.ZS,Exports of goods and services percentage of GDP,percent,annual,none,world_bank,2026-05-13T21:10:03.487808+00:00
JPN,1991,EXPORTS_PERCENT_GDP,9.61617471367096,Japan,NE.EXP.GNFS.ZS,Exports of goods and services percentage of GDP,percent,annual,none,world_bank,2026-05-13T21:10:03.487808+00:00
JPN,1992,EXPORTS_PERCENT_GDP,9.51828502471035,Japan,NE.EXP.GNFS.ZS,Exports of goods and services percentage of GDP,percent,annual,none,world_bank,2026-05-13T21:10:03.487808+00:00
JPN,1993,EXPORTS_PERCENT_GDP,8.9139139952642,Japan,NE.EXP.GNFS.ZS,Exports of goods and services percentage of GDP,percent,annual,none,world_bank,2026-05-13T21:10:03.487808+00:00
JPN,1994,EXPORTS_PERCENT_GDP,8.83982712621505,Japan,NE.EXP.GNFS.ZS,Exports of goods and services percentage of GDP,percent,annual,none,world_bank,2026-05-13T21:10:03.487808+00:00
JPN,1995,EXPORTS_PERCENT_GDP,8.81647043260959,Japan,NE.EXP.GNFS.ZS,Exports of goods and services percentage of GDP,percent,annual,none,world_bank,2026-05-13T21:10:03.487808+00:00
JPN,1996,EXPORTS_PERCENT_GDP,9.31574508353,Japan,NE.EXP.GNFS.ZS,Exports of goods and services percentage of GDP,percent,annual,none,world_bank,2026-05-13T21:10:03.487808+00:00
JPN,1997,EXPORTS_PERCENT_GDP,10.3836956397754,Japan,NE.EXP.GNFS.ZS,Exports of goods and services percentage of GDP,percent,annual,none,world_bank,2026-05-13T21:10:03.487808+00:00
JPN,1998,EXPORTS_PERCENT_GDP,10.3738060985943,Japan,NE.EXP.GNFS.ZS,Exports of goods and services percentage of GDP,percent,annual,none,world_bank,2026-05-13T21:10:03.487808+00:00
JPN,1999,EXPORTS_PERCENT_GDP,9.80553900156021,Japan,NE.EXP.GNFS.ZS,Exports of goods and services percentage of GDP,percent,annual,none,world_bank,2026-05-13T21:10:03.487808+00:00
JPN,2000,EXPORTS_PERCENT_GDP,10.4634942027505,Japan,NE.EXP.GNFS.ZS,Exports of goods and services percentage of GDP,percent,annual,none,world_bank,2026-05-13T21:10:03.487808+00:00
JPN,2001,EXPORTS_PERCENT_GDP,10.0767999632844,Japan,NE.EXP.GNFS.ZS,Exports of goods and services percentage of GDP,percent,annual,none,world_bank,2026-05-13T21:10:03.487808+00:00
JPN,2002,EXPORTS_PERCENT_GDP,10.8554456072287,Japan,NE.EXP.GNFS.ZS,Exports of goods and services percentage of GDP,percent,annual,none,world_bank,2026-05-13T21:10:03.487808+00:00
JPN,2003,EXPORTS_PERCENT_GDP,11.4658015766594,Japan,NE.EXP.GNFS.ZS,Exports of goods and services percentage of GDP,percent,annual,none,world_bank,2026-05-13T21:10:03.487808+00:00
JPN,2004,EXPORTS_PERCENT_GDP,12.7862646247862,Japan,NE.EXP.GNFS.ZS,Exports of goods and services percentage of GDP,percent,annual,none,world_bank,2026-05-13T21:10:03.487808+00:00
JPN,2005,EXPORTS_PERCENT_GDP,13.8158957221159,Japan,NE.EXP.GNFS.ZS,Exports of goods and services percentage of GDP,percent,annual,none,world_bank,2026-05-13T21:10:03.487808+00:00
JPN,2006,EXPORTS_PERCENT_GDP,15.6573740466117,Japan,NE.EXP.GNFS.ZS,Exports of goods and services percentage of GDP,percent,annual,none,world_bank,2026-05-13T21:10:03.487808+00:00
JPN,2007,EXPORTS_PERCENT_GDP,17.2891273707229,Japan,NE.EXP.GNFS.ZS,Exports of goods and services percentage of GDP,percent,annual,none,world_bank,2026-05-13T21:10:03.487808+00:00
JPN,2008,EXPORTS_PERCENT_GDP,17.2355433764071,Japan,NE.EXP.GNFS.ZS,Exports of goods and services percentage of GDP,percent,annual,none,world_bank,2026-05-13T21:10:03.487808+00:00
JPN,2009,EXPORTS_PERCENT_GDP,12.41956574798,Japan,NE.EXP.GNFS.ZS,Exports of goods and services percentage of GDP,percent,annual,none,world_bank,2026-05-13T21:10:03.487808+00:00
JPN,2010,EXPORTS_PERCENT_GDP,14.9185034496428,Japan,NE.EXP.GNFS.ZS,Exports of goods and services percentage of GDP,percent,annual,none,world_bank,2026-05-13T21:10:03.487808+00:00
JPN,2011,EXPORTS_PERCENT_GDP,14.7744622613499,Japan,NE.EXP.GNFS.ZS,Exports of goods and services percentage of GDP,percent,annual,none,world_bank,2026-05-13T21:10:03.487808+00:00
JPN,2012,EXPORTS_PERCENT_GDP,14.4147746129824,Japan,NE.EXP.GNFS.ZS,Exports of goods and services percentage of GDP,percent,annual,none,world_bank,2026-05-13T21:10:03.487808+00:00
JPN,2013,EXPORTS_PERCENT_GDP,15.7841567318773,Japan,NE.EXP.GNFS.ZS,Exports of goods and services percentage of GDP,percent,annual,none,world_bank,2026-05-13T21:10:03.487808+00:00
JPN,2014,EXPORTS_PERCENT_GDP,17.4186553484795,Japan,NE.EXP.GNFS.ZS,Exports of goods and services percentage of GDP,percent,annual,none,world_bank,2026-05-13T21:10:03.487808+00:00
JPN,2015,EXPORTS_PERCENT_GDP,17.4367598376529,Japan,NE.EXP.GNFS.ZS,Exports of goods and services percentage of GDP,percent,annual,none,world_bank,2026-05-13T21:10:03.487808+00:00
JPN,2016,EXPORTS_PERCENT_GDP,16.0579692360598,Japan,NE.EXP.GNFS.ZS,Exports of goods and services percentage of GDP,percent,annual,none,world_bank,2026-05-13T21:10:03.487808+00:00
JPN,2017,EXPORTS_PERCENT_GDP,17.5914391047836,Japan,NE.EXP.GNFS.ZS,Exports of goods and services percentage of GDP,percent,annual,none,world_bank,2026-05-13T21:10:03.487808+00:00
JPN,2018,EXPORTS_PERCENT_GDP,18.3149455985223,Japan,NE.EXP.GNFS.ZS,Exports of goods and services percentage of GDP,percent,annual,none,world_bank,2026-05-13T21:10:03.487808+00:00
JPN,2019,EXPORTS_PERCENT_GDP,17.4635264275221,Japan,NE.EXP.GNFS.ZS,Exports of goods and services percentage of GDP,percent,annual,none,world_bank,2026-05-13T21:10:03.487808+00:00
JPN,2020,EXPORTS_PERCENT_GDP,15.5331828643222,Japan,NE.EXP.GNFS.ZS,Exports of goods and services percentage of GDP,percent,annual,none,world_bank,2026-05-13T21:10:03.487808+00:00
JPN,2021,EXPORTS_PERCENT_GDP,18.1091919388618,Japan,NE.EXP.GNFS.ZS,Exports of goods and services percentage of GDP,percent,annual,none,world_bank,2026-05-13T21:10:03.487808+00:00
JPN,2022,EXPORTS_PERCENT_GDP,21.5464241239166,Japan,NE.EXP.GNFS.ZS,Exports of goods and services percentage of GDP,percent,annual,none,world_bank,2026-05-13T21:10:03.487808+00:00
JPN,2023,EXPORTS_PERCENT_GDP,21.8515912402593,Japan,NE.EXP.GNFS.ZS,Exports of goods and services percentage of GDP,percent,annual,none,world_bank,2026-05-13T21:10:03.487808+00:00
JPN,2024,EXPORTS_PERCENT_GDP,22.7689998646748,Japan,NE.EXP.GNFS.ZS,Exports of goods and services percentage of GDP,percent,annual,none,world_bank,2026-05-13T21:10:03.487808+00:00
JPN,2025,EXPORTS_PERCENT_GDP,,Japan,NE.EXP.GNFS.ZS,Exports of goods and services percentage of GDP,percent,annual,none,world_bank,2026-05-13T21:10:03.487808+00:00
JPN,1960,FDI_NET_INFLOWS,,Japan,BX.KLT.DINV.WD.GD.ZS,Foreign direct investment net inflows percentage GDP,percent,annual,none,world_bank,2026-05-13T21:10:04.752321+00:00
JPN,1961,FDI_NET_INFLOWS,,Japan,BX.KLT.DINV.WD.GD.ZS,Foreign direct investment net inflows percentage GDP,percent,annual,none,world_bank,2026-05-13T21:10:04.752321+00:00
JPN,1962,FDI_NET_INFLOWS,,Japan,BX.KLT.DINV.WD.GD.ZS,Foreign direct investment net inflows percentage GDP,percent,annual,none,world_bank,2026-05-13T21:10:04.752321+00:00
JPN,1963,FDI_NET_INFLOWS,,Japan,BX.KLT.DINV.WD.GD.ZS,Foreign direct investment net inflows percentage GDP,percent,annual,none,world_bank,2026-05-13T21:10:04.752321+00:00
JPN,1964,FDI_NET_INFLOWS,,Japan,BX.KLT.DINV.WD.GD.ZS,Foreign direct investment net inflows percentage GDP,percent,annual,none,world_bank,2026-05-13T21:10:04.752321+00:00
JPN,1965,FDI_NET_INFLOWS,,Japan,BX.KLT.DINV.WD.GD.ZS,Foreign direct investment net inflows percentage GDP,percent,annual,none,world_bank,2026-05-13T21:10:04.752321+00:00
JPN,1966,FDI_NET_INFLOWS,,Japan,BX.KLT.DINV.WD.GD.ZS,Foreign direct investment net inflows percentage GDP,percent,annual,none,world_bank,2026-05-13T21:10:04.752321+00:00
JPN,1967,FDI_NET_INFLOWS,,Japan,BX.KLT.DINV.WD.GD.ZS,Foreign direct investment net inflows percentage GDP,percent,annual,none,world_bank,2026-05-13T21:10:04.752321+00:00
JPN,1968,FDI_NET_INFLOWS,,Japan,BX.KLT.DINV.WD.GD.ZS,Foreign direct investment net inflows percentage GDP,percent,annual,none,world_bank,2026-05-13T21:10:04.752321+00:00
JPN,1969,FDI_NET_INFLOWS,,Japan,BX.KLT.DINV.WD.GD.ZS,Foreign direct investment net inflows percentage GDP,percent,annual,none,world_bank,2026-05-13T21:10:04.752321+00:00
JPN,1970,FDI_NET_INFLOWS,0.0432733723161381,Japan,BX.KLT.DINV.WD.GD.ZS,Foreign direct investment net inflows percentage GDP,percent,annual,none,world_bank,2026-05-13T21:10:04.752321+00:00
JPN,1971,FDI_NET_INFLOWS,0.0855871079451579,Japan,BX.KLT.DINV.WD.GD.ZS,Foreign direct investment net inflows percentage GDP,percent,annual,none,world_bank,2026-05-13T21:10:04.752321+00:00
JPN,1972,FDI_NET_INFLOWS,0.052010587552285,Japan,BX.KLT.DINV.WD.GD.ZS,Foreign direct investment net inflows percentage GDP,percent,annual,none,world_bank,2026-05-13T21:10:04.752321+00:00
JPN,1973,FDI_NET_INFLOWS,-0.00951387318857229,Japan,BX.KLT.DINV.WD.GD.ZS,Foreign direct investment net inflows percentage GDP,percent,annual,none,world_bank,2026-05-13T21:10:04.752321+00:00
JPN,1974,FDI_NET_INFLOWS,0.0412214789479444,Japan,BX.KLT.DINV.WD.GD.ZS,Foreign direct investment net inflows percentage GDP,percent,annual,none,world_bank,2026-05-13T21:10:04.752321+00:00
JPN,1975,FDI_NET_INFLOWS,0.042412526692308,Japan,BX.KLT.DINV.WD.GD.ZS,Foreign direct investment net inflows percentage GDP,percent,annual,none,world_bank,2026-05-13T21:10:04.752321+00:00
JPN,1976,FDI_NET_INFLOWS,0.0188684316932332,Japan,BX.KLT.DINV.WD.GD.ZS,Foreign direct investment net inflows percentage GDP,percent,annual,none,world_bank,2026-05-13T21:10:04.752321+00:00
JPN,1977,FDI_NET_INFLOWS,0.00284912154915155,Japan,BX.KLT.DINV.WD.GD.ZS,Foreign direct investment net inflows percentage GDP,percent,annual,none,world_bank,2026-05-13T21:10:04.752321+00:00
JPN,1978,FDI_NET_INFLOWS,0.000772490390318695,Japan,BX.KLT.DINV.WD.GD.ZS,Foreign direct investment net inflows percentage GDP,percent,annual,none,world_bank,2026-05-13T21:10:04.752321+00:00
JPN,1979,FDI_NET_INFLOWS,0.0221725359981055,Japan,BX.KLT.DINV.WD.GD.ZS,Foreign direct investment net inflows percentage GDP,percent,annual,none,world_bank,2026-05-13T21:10:04.752321+00:00
JPN,1980,FDI_NET_INFLOWS,0.0246153356875833,Japan,BX.KLT.DINV.WD.GD.ZS,Foreign direct investment net inflows percentage GDP,percent,annual,none,world_bank,2026-05-13T21:10:04.752321+00:00
JPN,1981,FDI_NET_INFLOWS,0.0151780236322806,Japan,BX.KLT.DINV.WD.GD.ZS,Foreign direct investment net inflows percentage GDP,percent,annual,none,world_bank,2026-05-13T21:10:04.752321+00:00
JPN,1982,FDI_NET_INFLOWS,0.0378862599051325,Japan,BX.KLT.DINV.WD.GD.ZS,Foreign direct investment net inflows percentage GDP,percent,annual,none,world_bank,2026-05-13T21:10:04.752321+00:00
JPN,1983,FDI_NET_INFLOWS,0.0327337414247951,Japan,BX.KLT.DINV.WD.GD.ZS,Foreign direct investment net inflows percentage GDP,percent,annual,none,world_bank,2026-05-13T21:10:04.752321+00:00
JPN,1984,FDI_NET_INFLOWS,-0.000743038932177452,Japan,BX.KLT.DINV.WD.GD.ZS,Foreign direct investment net inflows percentage GDP,percent,annual,none,world_bank,2026-05-13T21:10:04.752321+00:00
JPN,1985,FDI_NET_INFLOWS,0.042656252379914,Japan,BX.KLT.DINV.WD.GD.ZS,Foreign direct investment net inflows percentage GDP,percent,annual,none,world_bank,2026-05-13T21:10:04.752321+00:00
JPN,1986,FDI_NET_INFLOWS,0.0114197259705999,Japan,BX.KLT.DINV.WD.GD.ZS,Foreign direct investment net inflows percentage GDP,percent,annual,none,world_bank,2026-05-13T21:10:04.752321+00:00
JPN,1987,FDI_NET_INFLOWS,0.0456232867871164,Japan,BX.KLT.DINV.WD.GD.ZS,Foreign direct investment net inflows percentage GDP,percent,annual,none,world_bank,2026-05-13T21:10:04.752321+00:00
JPN,1988,FDI_NET_INFLOWS,-0.0154780274805173,Japan,BX.KLT.DINV.WD.GD.ZS,Foreign direct investment net inflows percentage GDP,percent,annual,none,world_bank,2026-05-13T21:10:04.752321+00:00
JPN,1989,FDI_NET_INFLOWS,-0.034079821582322,Japan,BX.KLT.DINV.WD.GD.ZS,Foreign direct investment net inflows percentage GDP,percent,annual,none,world_bank,2026-05-13T21:10:04.752321+00:00
JPN,1990,FDI_NET_INFLOWS,0.0566884199193586,Japan,BX.KLT.DINV.WD.GD.ZS,Foreign direct investment net inflows percentage GDP,percent,annual,none,world_bank,2026-05-13T21:10:04.752321+00:00
JPN,1991,FDI_NET_INFLOWS,0.0352041027838152,Japan,BX.KLT.DINV.WD.GD.ZS,Foreign direct investment net inflows percentage GDP,percent,annual,none,world_bank,2026-05-13T21:10:04.752321+00:00
JPN,1992,FDI_NET_INFLOWS,0.0692240549951432,Japan,BX.KLT.DINV.WD.GD.ZS,Foreign direct investment net inflows percentage GDP,percent,annual,none,world_bank,2026-05-13T21:10:04.752321+00:00
JPN,1993,FDI_NET_INFLOWS,0.00463826759403748,Japan,BX.KLT.DINV.WD.GD.ZS,Foreign direct investment net inflows percentage GDP,percent,annual,none,world_bank,2026-05-13T21:10:04.752321+00:00
JPN,1994,FDI_NET_INFLOWS,0.0177719633875045,Japan,BX.KLT.DINV.WD.GD.ZS,Foreign direct investment net inflows percentage GDP,percent,annual,none,world_bank,2026-05-13T21:10:04.752321+00:00
JPN,1995,FDI_NET_INFLOWS,0.000747679992747887,Japan,BX.KLT.DINV.WD.GD.ZS,Foreign direct investment net inflows percentage GDP,percent,annual,none,world_bank,2026-05-13T21:10:04.752321+00:00
JPN,1996,FDI_NET_INFLOWS,-0.000775960962533456,Japan,BX.KLT.DINV.WD.GD.ZS,Foreign direct investment net inflows percentage GDP,percent,annual,none,world_bank,2026-05-13T21:10:04.752321+00:00
JPN,1997,FDI_NET_INFLOWS,0.0553581188953659,Japan,BX.KLT.DINV.WD.GD.ZS,Foreign direct investment net inflows percentage GDP,percent,annual,none,world_bank,2026-05-13T21:10:04.752321+00:00
JPN,1998,FDI_NET_INFLOWS,0.0612933042415228,Japan,BX.KLT.DINV.WD.GD.ZS,Foreign direct investment net inflows percentage GDP,percent,annual,none,world_bank,2026-05-13T21:10:04.752321+00:00
JPN,1999,FDI_NET_INFLOWS,0.318821542368846,Japan,BX.KLT.DINV.WD.GD.ZS,Foreign direct investment net inflows percentage GDP,percent,annual,none,world_bank,2026-05-13T21:10:04.752321+00:00
JPN,2000,FDI_NET_INFLOWS,0.215124715468568,Japan,BX.KLT.DINV.WD.GD.ZS,Foreign direct investment net inflows percentage GDP,percent,annual,none,world_bank,2026-05-13T21:10:04.752321+00:00
JPN,2001,FDI_NET_INFLOWS,0.112602474486226,Japan,BX.KLT.DINV.WD.GD.ZS,Foreign direct investment net inflows percentage GDP,percent,annual,none,world_bank,2026-05-13T21:10:04.752321+00:00
JPN,2002,FDI_NET_INFLOWS,0.276304070175932,Japan,BX.KLT.DINV.WD.GD.ZS,Foreign direct investment net inflows percentage GDP,percent,annual,none,world_bank,2026-05-13T21:10:04.752321+00:00
JPN,2003,FDI_NET_INFLOWS,0.194079344432153,Japan,BX.KLT.DINV.WD.GD.ZS,Foreign direct investment net inflows percentage GDP,percent,annual,none,world_bank,2026-05-13T21:10:04.752321+00:00
JPN,2004,FDI_NET_INFLOWS,0.153847735604894,Japan,BX.KLT.DINV.WD.GD.ZS,Foreign direct investment net inflows percentage GDP,percent,annual,none,world_bank,2026-05-13T21:10:04.752321+00:00
JPN,2005,FDI_NET_INFLOWS,0.113001254131506,Japan,BX.KLT.DINV.WD.GD.ZS,Foreign direct investment net inflows percentage GDP,percent,annual,none,world_bank,2026-05-13T21:10:04.752321+00:00
JPN,2006,FDI_NET_INFLOWS,-0.0520879011005226,Japan,BX.KLT.DINV.WD.GD.ZS,Foreign direct investment net inflows percentage GDP,percent,annual,none,world_bank,2026-05-13T21:10:04.752321+00:00
JPN,2007,FDI_NET_INFLOWS,0.472322726975046,Japan,BX.KLT.DINV.WD.GD.ZS,Foreign direct investment net inflows percentage GDP,percent,annual,none,world_bank,2026-05-13T21:10:04.752321+00:00
JPN,2008,FDI_NET_INFLOWS,0.48220858946511,Japan,BX.KLT.DINV.WD.GD.ZS,Foreign direct investment net inflows percentage GDP,percent,annual,none,world_bank,2026-05-13T21:10:04.752321+00:00
JPN,2009,FDI_NET_INFLOWS,0.231146374633735,Japan,BX.KLT.DINV.WD.GD.ZS,Foreign direct investment net inflows percentage GDP,percent,annual,none,world_bank,2026-05-13T21:10:04.752321+00:00
JPN,2010,FDI_NET_INFLOWS,0.12920448958805,Japan,BX.KLT.DINV.WD.GD.ZS,Foreign direct investment net inflows percentage GDP,percent,annual,none,world_bank,2026-05-13T21:10:04.752321+00:00
JPN,2011,FDI_NET_INFLOWS,-0.0136482744839263,Japan,BX.KLT.DINV.WD.GD.ZS,Foreign direct investment net inflows percentage GDP,percent,annual,none,world_bank,2026-05-13T21:10:04.752321+00:00
JPN,2012,FDI_NET_INFLOWS,0.00872020150189608,Japan,BX.KLT.DINV.WD.GD.ZS,Foreign direct investment net inflows percentage GDP,percent,annual,none,world_bank,2026-05-13T21:10:04.752321+00:00
JPN,2013,FDI_NET_INFLOWS,0.204293384186424,Japan,BX.KLT.DINV.WD.GD.ZS,Foreign direct investment net inflows percentage GDP,percent,annual,none,world_bank,2026-05-13T21:10:04.752321+00:00
JPN,2014,FDI_NET_INFLOWS,0.403354543401035,Japan,BX.KLT.DINV.WD.GD.ZS,Foreign direct investment net inflows percentage GDP,percent,annual,none,world_bank,2026-05-13T21:10:04.752321+00:00
JPN,2015,FDI_NET_INFLOWS,0.118161987748241,Japan,BX.KLT.DINV.WD.GD.ZS,Foreign direct investment net inflows percentage GDP,percent,annual,none,world_bank,2026-05-13T21:10:04.752321+00:00
JPN,2016,FDI_NET_INFLOWS,0.818481615264516,Japan,BX.KLT.DINV.WD.GD.ZS,Foreign direct investment net inflows percentage GDP,percent,annual,none,world_bank,2026-05-13T21:10:04.752321+00:00
JPN,2017,FDI_NET_INFLOWS,0.381319638034272,Japan,BX.KLT.DINV.WD.GD.ZS,Foreign direct investment net inflows percentage GDP,percent,annual,none,world_bank,2026-05-13T21:10:04.752321+00:00
JPN,2018,FDI_NET_INFLOWS,0.501685482403774,Japan,BX.KLT.DINV.WD.GD.ZS,Foreign direct investment net inflows percentage GDP,percent,annual,none,world_bank,2026-05-13T21:10:04.752321+00:00
JPN,2019,FDI_NET_INFLOWS,0.780785313301259,Japan,BX.KLT.DINV.WD.GD.ZS,Foreign direct investment net inflows percentage GDP,percent,annual,none,world_bank,2026-05-13T21:10:04.752321+00:00
JPN,2020,FDI_NET_INFLOWS,1.23830386396694,Japan,BX.KLT.DINV.WD.GD.ZS,Foreign direct investment net inflows percentage GDP,percent,annual,none,world_bank,2026-05-13T21:10:04.752321+00:00
JPN,2021,FDI_NET_INFLOWS,0.695100892094565,Japan,BX.KLT.DINV.WD.GD.ZS,Foreign direct investment net inflows percentage GDP,percent,annual,none,world_bank,2026-05-13T21:10:04.752321+00:00
JPN,2022,FDI_NET_INFLOWS,1.12971840820326,Japan,BX.KLT.DINV.WD.GD.ZS,Foreign direct investment net inflows percentage GDP,percent,annual,none,world_bank,2026-05-13T21:10:04.752321+00:00
JPN,2023,FDI_NET_INFLOWS,0.474278368651713,Japan,BX.KLT.DINV.WD.GD.ZS,Foreign direct investment net inflows percentage GDP,percent,annual,none,world_bank,2026-05-13T21:10:04.752321+00:00
JPN,2024,FDI_NET_INFLOWS,0.401239653950032,Japan,BX.KLT.DINV.WD.GD.ZS,Foreign direct investment net inflows percentage GDP,percent,annual,none,world_bank,2026-05-13T21:10:04.752321+00:00
JPN,2025,FDI_NET_INFLOWS,,Japan,BX.KLT.DINV.WD.GD.ZS,Foreign direct investment net inflows percentage GDP,percent,annual,none,world_bank,2026-05-13T21:10:04.752321+00:00
JPN,1960,GDP_GROWTH,,Japan,NY.GDP.MKTP.KD.ZG,GDP growth annual percentage,percent,annual,none,world_bank,2026-05-13T21:10:01.917951+00:00
JPN,1961,GDP_GROWTH,12.0435364080117,Japan,NY.GDP.MKTP.KD.ZG,GDP growth annual percentage,percent,annual,none,world_bank,2026-05-13T21:10:01.917951+00:00
JPN,1962,GDP_GROWTH,8.90897299558067,Japan,NY.GDP.MKTP.KD.ZG,GDP growth annual percentage,percent,annual,none,world_bank,2026-05-13T21:10:01.917951+00:00
JPN,1963,GDP_GROWTH,8.473642382794,Japan,NY.GDP.MKTP.KD.ZG,GDP growth annual percentage,percent,annual,none,world_bank,2026-05-13T21:10:01.917951+00:00
JPN,1964,GDP_GROWTH,11.676708196398,Japan,NY.GDP.MKTP.KD.ZG,GDP growth annual percentage,percent,annual,none,world_bank,2026-05-13T21:10:01.917951+00:00
JPN,1965,GDP_GROWTH,5.81970787298197,Japan,NY.GDP.MKTP.KD.ZG,GDP growth annual percentage,percent,annual,none,world_bank,2026-05-13T21:10:01.917951+00:00
JPN,1966,GDP_GROWTH,10.6385615591631,Japan,NY.GDP.MKTP.KD.ZG,GDP growth annual percentage,percent,annual,none,world_bank,2026-05-13T21:10:01.917951+00:00
JPN,1967,GDP_GROWTH,11.0821423246932,Japan,NY.GDP.MKTP.KD.ZG,GDP growth annual percentage,percent,annual,none,world_bank,2026-05-13T21:10:01.917951+00:00
JPN,1968,GDP_GROWTH,12.8824681383231,Japan,NY.GDP.MKTP.KD.ZG,GDP growth annual percentage,percent,annual,none,world_bank,2026-05-13T21:10:01.917951+00:00
JPN,1969,GDP_GROWTH,12.4778945144981,Japan,NY.GDP.MKTP.KD.ZG,GDP growth annual percentage,percent,annual,none,world_bank,2026-05-13T21:10:01.917951+00:00
JPN,1970,GDP_GROWTH,0.399050644662367,Japan,NY.GDP.MKTP.KD.ZG,GDP growth annual percentage,percent,annual,none,world_bank,2026-05-13T21:10:01.917951+00:00
JPN,1971,GDP_GROWTH,4.6989920420522,Japan,NY.GDP.MKTP.KD.ZG,GDP growth annual percentage,percent,annual,none,world_bank,2026-05-13T21:10:01.917951+00:00
JPN,1972,GDP_GROWTH,8.41354725566508,Japan,NY.GDP.MKTP.KD.ZG,GDP growth annual percentage,percent,annual,none,world_bank,2026-05-13T21:10:01.917951+00:00
JPN,1973,GDP_GROWTH,8.03259997458163,Japan,NY.GDP.MKTP.KD.ZG,GDP growth annual percentage,percent,annual,none,world_bank,2026-05-13T21:10:01.917951+00:00
JPN,1974,GDP_GROWTH,-1.22523982783679,Japan,NY.GDP.MKTP.KD.ZG,GDP growth annual percentage,percent,annual,none,world_bank,2026-05-13T21:10:01.917951+00:00
JPN,1975,GDP_GROWTH,3.09157591647113,Japan,NY.GDP.MKTP.KD.ZG,GDP growth annual percentage,percent,annual,none,world_bank,2026-05-13T21:10:01.917951+00:00
JPN,1976,GDP_GROWTH,3.97498409081336,Japan,NY.GDP.MKTP.KD.ZG,GDP growth annual percentage,percent,annual,none,world_bank,2026-05-13T21:10:01.917951+00:00
JPN,1977,GDP_GROWTH,4.39033795035795,Japan,NY.GDP.MKTP.KD.ZG,GDP growth annual percentage,percent,annual,none,world_bank,2026-05-13T21:10:01.917951+00:00
JPN,1978,GDP_GROWTH,5.2719415031039,Japan,NY.GDP.MKTP.KD.ZG,GDP growth annual percentage,percent,annual,none,world_bank,2026-05-13T21:10:01.917951+00:00
JPN,1979,GDP_GROWTH,5.48404183215798,Japan,NY.GDP.MKTP.KD.ZG,GDP growth annual percentage,percent,annual,none,world_bank,2026-05-13T21:10:01.917951+00:00
JPN,1980,GDP_GROWTH,2.81759120759222,Japan,NY.GDP.MKTP.KD.ZG,GDP growth annual percentage,percent,annual,none,world_bank,2026-05-13T21:10:01.917951+00:00
JPN,1981,GDP_GROWTH,4.26062449361741,Japan,NY.GDP.MKTP.KD.ZG,GDP growth annual percentage,percent,annual,none,world_bank,2026-05-13T21:10:01.917951+00:00
JPN,1982,GDP_GROWTH,3.27974274279195,Japan,NY.GDP.MKTP.KD.ZG,GDP growth annual percentage,percent,annual,none,world_bank,2026-05-13T21:10:01.917951+00:00
JPN,1983,GDP_GROWTH,3.63019857277,Japan,NY.GDP.MKTP.KD.ZG,GDP growth annual percentage,percent,annual,none,world_bank,2026-05-13T21:10:01.917951+00:00
JPN,1984,GDP_GROWTH,4.41088015355157,Japan,NY.GDP.MKTP.KD.ZG,GDP growth annual percentage,percent,annual,none,world_bank,2026-05-13T21:10:01.917951+00:00
JPN,1985,GDP_GROWTH,5.15980790450274,Japan,NY.GDP.MKTP.KD.ZG,GDP growth annual percentage,percent,annual,none,world_bank,2026-05-13T21:10:01.917951+00:00
JPN,1986,GDP_GROWTH,3.29404761349421,Japan,NY.GDP.MKTP.KD.ZG,GDP growth annual percentage,percent,annual,none,world_bank,2026-05-13T21:10:01.917951+00:00
JPN,1987,GDP_GROWTH,4.64886139743521,Japan,NY.GDP.MKTP.KD.ZG,GDP growth annual percentage,percent,annual,none,world_bank,2026-05-13T21:10:01.917951+00:00
JPN,1988,GDP_GROWTH,6.66163652210332,Japan,NY.GDP.MKTP.KD.ZG,GDP growth annual percentage,percent,annual,none,world_bank,2026-05-13T21:10:01.917951+00:00
JPN,1989,GDP_GROWTH,4.92578541317788,Japan,NY.GDP.MKTP.KD.ZG,GDP growth annual percentage,percent,annual,none,world_bank,2026-05-13T21:10:01.917951+00:00
JPN,1990,GDP_GROWTH,4.84092905699353,Japan,NY.GDP.MKTP.KD.ZG,GDP growth annual percentage,percent,annual,none,world_bank,2026-05-13T21:10:01.917951+00:00
JPN,1991,GDP_GROWTH,3.52335723553459,Japan,NY.GDP.MKTP.KD.ZG,GDP growth annual percentage,percent,annual,none,world_bank,2026-05-13T21:10:01.917951+00:00
JPN,1992,GDP_GROWTH,0.900586066438109,Japan,NY.GDP.MKTP.KD.ZG,GDP growth annual percentage,percent,annual,none,world_bank,2026-05-13T21:10:01.917951+00:00
JPN,1993,GDP_GROWTH,-0.459219716250544,Japan,NY.GDP.MKTP.KD.ZG,GDP growth annual percentage,percent,annual,none,world_bank,2026-05-13T21:10:01.917951+00:00
JPN,1994,GDP_GROWTH,1.0833831743207,Japan,NY.GDP.MKTP.KD.ZG,GDP growth annual percentage,percent,annual,none,world_bank,2026-05-13T21:10:01.917951+00:00
JPN,1995,GDP_GROWTH,2.6309996164206,Japan,NY.GDP.MKTP.KD.ZG,GDP growth annual percentage,percent,annual,none,world_bank,2026-05-13T21:10:01.917951+00:00
JPN,1996,GDP_GROWTH,3.13387099272759,Japan,NY.GDP.MKTP.KD.ZG,GDP growth annual percentage,percent,annual,none,world_bank,2026-05-13T21:10:01.917951+00:00
JPN,1997,GDP_GROWTH,0.981228732290873,Japan,NY.GDP.MKTP.KD.ZG,GDP growth annual percentage,percent,annual,none,world_bank,2026-05-13T21:10:01.917951+00:00
JPN,1998,GDP_GROWTH,-1.27033049466078,Japan,NY.GDP.MKTP.KD.ZG,GDP growth annual percentage,percent,annual,none,world_bank,2026-05-13T21:10:01.917951+00:00
JPN,1999,GDP_GROWTH,-0.333929957687772,Japan,NY.GDP.MKTP.KD.ZG,GDP growth annual percentage,percent,annual,none,world_bank,2026-05-13T21:10:01.917951+00:00
JPN,2000,GDP_GROWTH,2.76464755136783,Japan,NY.GDP.MKTP.KD.ZG,GDP growth annual percentage,percent,annual,none,world_bank,2026-05-13T21:10:01.917951+00:00
JPN,2001,GDP_GROWTH,0.386103426142029,Japan,NY.GDP.MKTP.KD.ZG,GDP growth annual percentage,percent,annual,none,world_bank,2026-05-13T21:10:01.917951+00:00
JPN,2002,GDP_GROWTH,0.0419624992862282,Japan,NY.GDP.MKTP.KD.ZG,GDP growth annual percentage,percent,annual,none,world_bank,2026-05-13T21:10:01.917951+00:00
JPN,2003,GDP_GROWTH,1.53512549946694,Japan,NY.GDP.MKTP.KD.ZG,GDP growth annual percentage,percent,annual,none,world_bank,2026-05-13T21:10:01.917951+00:00
JPN,2004,GDP_GROWTH,2.18611569439318,Japan,NY.GDP.MKTP.KD.ZG,GDP growth annual percentage,percent,annual,none,world_bank,2026-05-13T21:10:01.917951+00:00
JPN,2005,GDP_GROWTH,1.80390087215821,Japan,NY.GDP.MKTP.KD.ZG,GDP growth annual percentage,percent,annual,none,world_bank,2026-05-13T21:10:01.917951+00:00
JPN,2006,GDP_GROWTH,1.3723501275831,Japan,NY.GDP.MKTP.KD.ZG,GDP growth annual percentage,percent,annual,none,world_bank,2026-05-13T21:10:01.917951+00:00
JPN,2007,GDP_GROWTH,1.48396941157472,Japan,NY.GDP.MKTP.KD.ZG,GDP growth annual percentage,percent,annual,none,world_bank,2026-05-13T21:10:01.917951+00:00
JPN,2008,GDP_GROWTH,-1.22428900061713,Japan,NY.GDP.MKTP.KD.ZG,GDP growth annual percentage,percent,annual,none,world_bank,2026-05-13T21:10:01.917951+00:00
JPN,2009,GDP_GROWTH,-5.69323635892741,Japan,NY.GDP.MKTP.KD.ZG,GDP growth annual percentage,percent,annual,none,world_bank,2026-05-13T21:10:01.917951+00:00
JPN,2010,GDP_GROWTH,4.09791791943181,Japan,NY.GDP.MKTP.KD.ZG,GDP growth annual percentage,percent,annual,none,world_bank,2026-05-13T21:10:01.917951+00:00
JPN,2011,GDP_GROWTH,0.0238095237995424,Japan,NY.GDP.MKTP.KD.ZG,GDP growth annual percentage,percent,annual,none,world_bank,2026-05-13T21:10:01.917951+00:00
JPN,2012,GDP_GROWTH,1.37475099905274,Japan,NY.GDP.MKTP.KD.ZG,GDP growth annual percentage,percent,annual,none,world_bank,2026-05-13T21:10:01.917951+00:00
JPN,2013,GDP_GROWTH,2.00510017681211,Japan,NY.GDP.MKTP.KD.ZG,GDP growth annual percentage,percent,annual,none,world_bank,2026-05-13T21:10:01.917951+00:00
JPN,2014,GDP_GROWTH,0.296205514141889,Japan,NY.GDP.MKTP.KD.ZG,GDP growth annual percentage,percent,annual,none,world_bank,2026-05-13T21:10:01.917951+00:00
JPN,2015,GDP_GROWTH,1.56062669680782,Japan,NY.GDP.MKTP.KD.ZG,GDP growth annual percentage,percent,annual,none,world_bank,2026-05-13T21:10:01.917951+00:00
JPN,2016,GDP_GROWTH,0.753826745789127,Japan,NY.GDP.MKTP.KD.ZG,GDP growth annual percentage,percent,annual,none,world_bank,2026-05-13T21:10:01.917951+00:00
JPN,2017,GDP_GROWTH,1.67533175173359,Japan,NY.GDP.MKTP.KD.ZG,GDP growth annual percentage,percent,annual,none,world_bank,2026-05-13T21:10:01.917951+00:00
JPN,2018,GDP_GROWTH,0.643391023533141,Japan,NY.GDP.MKTP.KD.ZG,GDP growth annual percentage,percent,annual,none,world_bank,2026-05-13T21:10:01.917951+00:00
JPN,2019,GDP_GROWTH,-0.402169200894946,Japan,NY.GDP.MKTP.KD.ZG,GDP growth annual percentage,percent,annual,none,world_bank,2026-05-13T21:10:01.917951+00:00
JPN,2020,GDP_GROWTH,-4.16876457146743,Japan,NY.GDP.MKTP.KD.ZG,GDP growth annual percentage,percent,annual,none,world_bank,2026-05-13T21:10:01.917951+00:00
JPN,2021,GDP_GROWTH,2.69657404187188,Japan,NY.GDP.MKTP.KD.ZG,GDP growth annual percentage,percent,annual,none,world_bank,2026-05-13T21:10:01.917951+00:00
JPN,2022,GDP_GROWTH,0.941998775483285,Japan,NY.GDP.MKTP.KD.ZG,GDP growth annual percentage,percent,annual,none,world_bank,2026-05-13T21:10:01.917951+00:00
JPN,2023,GDP_GROWTH,1.47503481053384,Japan,NY.GDP.MKTP.KD.ZG,GDP growth annual percentage,percent,annual,none,world_bank,2026-05-13T21:10:01.917951+00:00
JPN,2024,GDP_GROWTH,0.104309021773304,Japan,NY.GDP.MKTP.KD.ZG,GDP growth annual percentage,percent,annual,none,world_bank,2026-05-13T21:10:01.917951+00:00
JPN,2025,GDP_GROWTH,,Japan,NY.GDP.MKTP.KD.ZG,GDP growth annual percentage,percent,annual,none,world_bank,2026-05-13T21:10:01.917951+00:00
JPN,1960,GDP_PER_CAPITA,508.702779291773,Japan,NY.GDP.PCAP.CD,GDP per capita current USD,USD,annual,log,world_bank,2026-05-13T21:10:02.120375+00:00
JPN,1961,GDP_PER_CAPITA,608.864581144951,Japan,NY.GDP.PCAP.CD,GDP per capita current USD,USD,annual,log,world_bank,2026-05-13T21:10:02.120375+00:00
JPN,1962,GDP_PER_CAPITA,684.565509797705,Japan,NY.GDP.PCAP.CD,GDP per capita current USD,USD,annual,log,world_bank,2026-05-13T21:10:02.120375+00:00
JPN,1963,GDP_PER_CAPITA,775.592123080162,Japan,NY.GDP.PCAP.CD,GDP per capita current USD,USD,annual,log,world_bank,2026-05-13T21:10:02.120375+00:00
JPN,1964,GDP_PER_CAPITA,902.867721515126,Japan,NY.GDP.PCAP.CD,GDP per capita current USD,USD,annual,log,world_bank,2026-05-13T21:10:02.120375+00:00
JPN,1965,GDP_PER_CAPITA,993.732722209078,Japan,NY.GDP.PCAP.CD,GDP per capita current USD,USD,annual,log,world_bank,2026-05-13T21:10:02.120375+00:00
JPN,1966,GDP_PER_CAPITA,1143.60789652395,Japan,NY.GDP.PCAP.CD,GDP per capita current USD,USD,annual,log,world_bank,2026-05-13T21:10:02.120375+00:00
JPN,1967,GDP_PER_CAPITA,1326.36103912253,Japan,NY.GDP.PCAP.CD,GDP per capita current USD,USD,annual,log,world_bank,2026-05-13T21:10:02.120375+00:00
JPN,1968,GDP_PER_CAPITA,1553.27139379996,Japan,NY.GDP.PCAP.CD,GDP per capita current USD,USD,annual,log,world_bank,2026-05-13T21:10:02.120375+00:00
JPN,1969,GDP_PER_CAPITA,1802.98028061972,Japan,NY.GDP.PCAP.CD,GDP per capita current USD,USD,annual,log,world_bank,2026-05-13T21:10:02.120375+00:00
JPN,1970,GDP_PER_CAPITA,2100.74807036009,Japan,NY.GDP.PCAP.CD,GDP per capita current USD,USD,annual,log,world_bank,2026-05-13T21:10:02.120375+00:00
JPN,1971,GDP_PER_CAPITA,2321.39092521418,Japan,NY.GDP.PCAP.CD,GDP per capita current USD,USD,annual,log,world_bank,2026-05-13T21:10:02.120375+00:00
JPN,1972,GDP_PER_CAPITA,3031.43860570759,Japan,NY.GDP.PCAP.CD,GDP per capita current USD,USD,annual,log,world_bank,2026-05-13T21:10:02.120375+00:00
JPN,1973,GDP_PER_CAPITA,4061.0133895326,Japan,NY.GDP.PCAP.CD,GDP per capita current USD,USD,annual,log,world_bank,2026-05-13T21:10:02.120375+00:00
JPN,1974,GDP_PER_CAPITA,4448.31965623627,Japan,NY.GDP.PCAP.CD,GDP per capita current USD,USD,annual,log,world_bank,2026-05-13T21:10:02.120375+00:00
JPN,1975,GDP_PER_CAPITA,4775.89953559305,Japan,NY.GDP.PCAP.CD,GDP per capita current USD,USD,annual,log,world_bank,2026-05-13T21:10:02.120375+00:00
JPN,1976,GDP_PER_CAPITA,5310.43140904992,Japan,NY.GDP.PCAP.CD,GDP per capita current USD,USD,annual,log,world_bank,2026-05-13T21:10:02.120375+00:00
JPN,1977,GDP_PER_CAPITA,6472.7877874079,Japan,NY.GDP.PCAP.CD,GDP per capita current USD,USD,annual,log,world_bank,2026-05-13T21:10:02.120375+00:00
JPN,1978,GDP_PER_CAPITA,9012.13603523182,Japan,NY.GDP.PCAP.CD,GDP per capita current USD,USD,annual,log,world_bank,2026-05-13T21:10:02.120375+00:00
JPN,1979,GDP_PER_CAPITA,9301.14831026293,Japan,NY.GDP.PCAP.CD,GDP per capita current USD,USD,annual,log,world_bank,2026-05-13T21:10:02.120375+00:00
JPN,1980,GDP_PER_CAPITA,9668.74626395709,Japan,NY.GDP.PCAP.CD,GDP per capita current USD,USD,annual,log,world_bank,2026-05-13T21:10:02.120375+00:00
JPN,1981,GDP_PER_CAPITA,10583.1278908402,Japan,NY.GDP.PCAP.CD,GDP per capita current USD,USD,annual,log,world_bank,2026-05-13T21:10:02.120375+00:00
JPN,1982,GDP_PER_CAPITA,9779.97490636267,Japan,NY.GDP.PCAP.CD,GDP per capita current USD,USD,annual,log,world_bank,2026-05-13T21:10:02.120375+00:00
JPN,1983,GDP_PER_CAPITA,10652.0147161768,Japan,NY.GDP.PCAP.CD,GDP per capita current USD,USD,annual,log,world_bank,2026-05-13T21:10:02.120375+00:00
JPN,1984,GDP_PER_CAPITA,11207.4523524293,Japan,NY.GDP.PCAP.CD,GDP per capita current USD,USD,annual,log,world_bank,2026-05-13T21:10:02.120375+00:00
JPN,1985,GDP_PER_CAPITA,11809.4603450715,Japan,NY.GDP.PCAP.CD,GDP per capita current USD,USD,annual,log,world_bank,2026-05-13T21:10:02.120375+00:00
JPN,1986,GDP_PER_CAPITA,17451.8349394142,Japan,NY.GDP.PCAP.CD,GDP per capita current USD,USD,annual,log,world_bank,2026-05-13T21:10:02.120375+00:00
JPN,1987,GDP_PER_CAPITA,21141.7183951789,Japan,NY.GDP.PCAP.CD,GDP per capita current USD,USD,annual,log,world_bank,2026-05-13T21:10:02.120375+00:00
JPN,1988,GDP_PER_CAPITA,25499.8811728107,Japan,NY.GDP.PCAP.CD,GDP per capita current USD,USD,annual,log,world_bank,2026-05-13T21:10:02.120375+00:00
JPN,1989,GDP_PER_CAPITA,25265.9487590208,Japan,NY.GDP.PCAP.CD,GDP per capita current USD,USD,annual,log,world_bank,2026-05-13T21:10:02.120375+00:00
JPN,1990,GDP_PER_CAPITA,25801.3950393094,Japan,NY.GDP.PCAP.CD,GDP per capita current USD,USD,annual,log,world_bank,2026-05-13T21:10:02.120375+00:00
JPN,1991,GDP_PER_CAPITA,29428.4289039469,Japan,NY.GDP.PCAP.CD,GDP per capita current USD,USD,annual,log,world_bank,2026-05-13T21:10:02.120375+00:00
JPN,1992,GDP_PER_CAPITA,31992.7902119161,Japan,NY.GDP.PCAP.CD,GDP per capita current USD,USD,annual,log,world_bank,2026-05-13T21:10:02.120375+00:00
JPN,1993,GDP_PER_CAPITA,36345.2441262708,Japan,NY.GDP.PCAP.CD,GDP per capita current USD,USD,annual,log,world_bank,2026-05-13T21:10:02.120375+00:00
JPN,1994,GDP_PER_CAPITA,39933.5150564874,Japan,NY.GDP.PCAP.CD,GDP per capita current USD,USD,annual,log,world_bank,2026-05-13T21:10:02.120375+00:00
JPN,1995,GDP_PER_CAPITA,44197.6191013908,Japan,NY.GDP.PCAP.CD,GDP per capita current USD,USD,annual,log,world_bank,2026-05-13T21:10:02.120375+00:00
JPN,1996,GDP_PER_CAPITA,39150.0396308089,Japan,NY.GDP.PCAP.CD,GDP per capita current USD,USD,annual,log,world_bank,2026-05-13T21:10:02.120375+00:00
JPN,1997,GDP_PER_CAPITA,35638.2319556941,Japan,NY.GDP.PCAP.CD,GDP per capita current USD,USD,annual,log,world_bank,2026-05-13T21:10:02.120375+00:00
JPN,1998,GDP_PER_CAPITA,32423.7556133801,Japan,NY.GDP.PCAP.CD,GDP per capita current USD,USD,annual,log,world_bank,2026-05-13T21:10:02.120375+00:00
JPN,1999,GDP_PER_CAPITA,36610.1683163197,Japan,NY.GDP.PCAP.CD,GDP per capita current USD,USD,annual,log,world_bank,2026-05-13T21:10:02.120375+00:00
JPN,2000,GDP_PER_CAPITA,39169.3595701504,Japan,NY.GDP.PCAP.CD,GDP per capita current USD,USD,annual,log,world_bank,2026-05-13T21:10:02.120375+00:00
JPN,2001,GDP_PER_CAPITA,34406.1824638092,Japan,NY.GDP.PCAP.CD,GDP per capita current USD,USD,annual,log,world_bank,2026-05-13T21:10:02.120375+00:00
JPN,2002,GDP_PER_CAPITA,32820.7936433254,Japan,NY.GDP.PCAP.CD,GDP per capita current USD,USD,annual,log,world_bank,2026-05-13T21:10:02.120375+00:00
JPN,2003,GDP_PER_CAPITA,35387.0374203599,Japan,NY.GDP.PCAP.CD,GDP per capita current USD,USD,annual,log,world_bank,2026-05-13T21:10:02.120375+00:00
JPN,2004,GDP_PER_CAPITA,38298.9801712303,Japan,NY.GDP.PCAP.CD,GDP per capita current USD,USD,annual,log,world_bank,2026-05-13T21:10:02.120375+00:00
JPN,2005,GDP_PER_CAPITA,37812.8950199948,Japan,NY.GDP.PCAP.CD,GDP per capita current USD,USD,annual,log,world_bank,2026-05-13T21:10:02.120375+00:00
JPN,2006,GDP_PER_CAPITA,35991.546002862,Japan,NY.GDP.PCAP.CD,GDP per capita current USD,USD,annual,log,world_bank,2026-05-13T21:10:02.120375+00:00
JPN,2007,GDP_PER_CAPITA,35779.0245416427,Japan,NY.GDP.PCAP.CD,GDP per capita current USD,USD,annual,log,world_bank,2026-05-13T21:10:02.120375+00:00
JPN,2008,GDP_PER_CAPITA,39876.3039685725,Japan,NY.GDP.PCAP.CD,GDP per capita current USD,USD,annual,log,world_bank,2026-05-13T21:10:02.120375+00:00
JPN,2009,GDP_PER_CAPITA,41308.9968370512,Japan,NY.GDP.PCAP.CD,GDP per capita current USD,USD,annual,log,world_bank,2026-05-13T21:10:02.120375+00:00
JPN,2010,GDP_PER_CAPITA,44968.1562349739,Japan,NY.GDP.PCAP.CD,GDP per capita current USD,USD,annual,log,world_bank,2026-05-13T21:10:02.120375+00:00
JPN,2011,GDP_PER_CAPITA,48760.0789494211,Japan,NY.GDP.PCAP.CD,GDP per capita current USD,USD,annual,log,world_bank,2026-05-13T21:10:02.120375+00:00
JPN,2012,GDP_PER_CAPITA,49145.2804308193,Japan,NY.GDP.PCAP.CD,GDP per capita current USD,USD,annual,log,world_bank,2026-05-13T21:10:02.120375+00:00
JPN,2013,GDP_PER_CAPITA,40898.6478964744,Japan,NY.GDP.PCAP.CD,GDP per capita current USD,USD,annual,log,world_bank,2026-05-13T21:10:02.120375+00:00
JPN,2014,GDP_PER_CAPITA,38475.3952461838,Japan,NY.GDP.PCAP.CD,GDP per capita current USD,USD,annual,log,world_bank,2026-05-13T21:10:02.120375+00:00
JPN,2015,GDP_PER_CAPITA,34960.6393843385,Japan,NY.GDP.PCAP.CD,GDP per capita current USD,USD,annual,log,world_bank,2026-05-13T21:10:02.120375+00:00
JPN,2016,GDP_PER_CAPITA,39375.4731620781,Japan,NY.GDP.PCAP.CD,GDP per capita current USD,USD,annual,log,world_bank,2026-05-13T21:10:02.120375+00:00
JPN,2017,GDP_PER_CAPITA,38834.0529341227,Japan,NY.GDP.PCAP.CD,GDP per capita current USD,USD,annual,log,world_bank,2026-05-13T21:10:02.120375+00:00
JPN,2018,GDP_PER_CAPITA,39751.1330982711,Japan,NY.GDP.PCAP.CD,GDP per capita current USD,USD,annual,log,world_bank,2026-05-13T21:10:02.120375+00:00
JPN,2019,GDP_PER_CAPITA,40415.9567649547,Japan,NY.GDP.PCAP.CD,GDP per capita current USD,USD,annual,log,world_bank,2026-05-13T21:10:02.120375+00:00
JPN,2020,GDP_PER_CAPITA,40028.7341726762,Japan,NY.GDP.PCAP.CD,GDP per capita current USD,USD,annual,log,world_bank,2026-05-13T21:10:02.120375+00:00
JPN,2021,GDP_PER_CAPITA,40094.5599795288,Japan,NY.GDP.PCAP.CD,GDP per capita current USD,USD,annual,log,world_bank,2026-05-13T21:10:02.120375+00:00
JPN,2022,GDP_PER_CAPITA,34065.6438962526,Japan,NY.GDP.PCAP.CD,GDP per capita current USD,USD,annual,log,world_bank,2026-05-13T21:10:02.120375+00:00
JPN,2023,GDP_PER_CAPITA,33836.1756271617,Japan,NY.GDP.PCAP.CD,GDP per capita current USD,USD,annual,log,world_bank,2026-05-13T21:10:02.120375+00:00
JPN,2024,GDP_PER_CAPITA,32487.0778047567,Japan,NY.GDP.PCAP.CD,GDP per capita current USD,USD,annual,log,world_bank,2026-05-13T21:10:02.120375+00:00
JPN,2025,GDP_PER_CAPITA,,Japan,NY.GDP.PCAP.CD,GDP per capita current USD,USD,annual,log,world_bank,2026-05-13T21:10:02.120375+00:00
JPN,1960,HIGH_TECH_EXPORTS,,Japan,TX.VAL.TECH.MF.ZS,High technology exports percentage manufactured exports,percent,annual,none,world_bank,2026-05-13T21:10:05.429826+00:00
JPN,1961,HIGH_TECH_EXPORTS,,Japan,TX.VAL.TECH.MF.ZS,High technology exports percentage manufactured exports,percent,annual,none,world_bank,2026-05-13T21:10:05.429826+00:00
JPN,1962,HIGH_TECH_EXPORTS,,Japan,TX.VAL.TECH.MF.ZS,High technology exports percentage manufactured exports,percent,annual,none,world_bank,2026-05-13T21:10:05.429826+00:00
JPN,1963,HIGH_TECH_EXPORTS,,Japan,TX.VAL.TECH.MF.ZS,High technology exports percentage manufactured exports,percent,annual,none,world_bank,2026-05-13T21:10:05.429826+00:00
JPN,1964,HIGH_TECH_EXPORTS,,Japan,TX.VAL.TECH.MF.ZS,High technology exports percentage manufactured exports,percent,annual,none,world_bank,2026-05-13T21:10:05.429826+00:00
JPN,1965,HIGH_TECH_EXPORTS,,Japan,TX.VAL.TECH.MF.ZS,High technology exports percentage manufactured exports,percent,annual,none,world_bank,2026-05-13T21:10:05.429826+00:00
JPN,1966,HIGH_TECH_EXPORTS,,Japan,TX.VAL.TECH.MF.ZS,High technology exports percentage manufactured exports,percent,annual,none,world_bank,2026-05-13T21:10:05.429826+00:00
JPN,1967,HIGH_TECH_EXPORTS,,Japan,TX.VAL.TECH.MF.ZS,High technology exports percentage manufactured exports,percent,annual,none,world_bank,2026-05-13T21:10:05.429826+00:00
JPN,1968,HIGH_TECH_EXPORTS,,Japan,TX.VAL.TECH.MF.ZS,High technology exports percentage manufactured exports,percent,annual,none,world_bank,2026-05-13T21:10:05.429826+00:00
JPN,1969,HIGH_TECH_EXPORTS,,Japan,TX.VAL.TECH.MF.ZS,High technology exports percentage manufactured exports,percent,annual,none,world_bank,2026-05-13T21:10:05.429826+00:00
JPN,1970,HIGH_TECH_EXPORTS,,Japan,TX.VAL.TECH.MF.ZS,High technology exports percentage manufactured exports,percent,annual,none,world_bank,2026-05-13T21:10:05.429826+00:00
JPN,1971,HIGH_TECH_EXPORTS,,Japan,TX.VAL.TECH.MF.ZS,High technology exports percentage manufactured exports,percent,annual,none,world_bank,2026-05-13T21:10:05.429826+00:00
JPN,1972,HIGH_TECH_EXPORTS,,Japan,TX.VAL.TECH.MF.ZS,High technology exports percentage manufactured exports,percent,annual,none,world_bank,2026-05-13T21:10:05.429826+00:00
JPN,1973,HIGH_TECH_EXPORTS,,Japan,TX.VAL.TECH.MF.ZS,High technology exports percentage manufactured exports,percent,annual,none,world_bank,2026-05-13T21:10:05.429826+00:00
JPN,1974,HIGH_TECH_EXPORTS,,Japan,TX.VAL.TECH.MF.ZS,High technology exports percentage manufactured exports,percent,annual,none,world_bank,2026-05-13T21:10:05.429826+00:00
JPN,1975,HIGH_TECH_EXPORTS,,Japan,TX.VAL.TECH.MF.ZS,High technology exports percentage manufactured exports,percent,annual,none,world_bank,2026-05-13T21:10:05.429826+00:00
JPN,1976,HIGH_TECH_EXPORTS,,Japan,TX.VAL.TECH.MF.ZS,High technology exports percentage manufactured exports,percent,annual,none,world_bank,2026-05-13T21:10:05.429826+00:00
JPN,1977,HIGH_TECH_EXPORTS,,Japan,TX.VAL.TECH.MF.ZS,High technology exports percentage manufactured exports,percent,annual,none,world_bank,2026-05-13T21:10:05.429826+00:00
JPN,1978,HIGH_TECH_EXPORTS,,Japan,TX.VAL.TECH.MF.ZS,High technology exports percentage manufactured exports,percent,annual,none,world_bank,2026-05-13T21:10:05.429826+00:00
JPN,1979,HIGH_TECH_EXPORTS,,Japan,TX.VAL.TECH.MF.ZS,High technology exports percentage manufactured exports,percent,annual,none,world_bank,2026-05-13T21:10:05.429826+00:00
JPN,1980,HIGH_TECH_EXPORTS,,Japan,TX.VAL.TECH.MF.ZS,High technology exports percentage manufactured exports,percent,annual,none,world_bank,2026-05-13T21:10:05.429826+00:00
JPN,1981,HIGH_TECH_EXPORTS,,Japan,TX.VAL.TECH.MF.ZS,High technology exports percentage manufactured exports,percent,annual,none,world_bank,2026-05-13T21:10:05.429826+00:00
JPN,1982,HIGH_TECH_EXPORTS,,Japan,TX.VAL.TECH.MF.ZS,High technology exports percentage manufactured exports,percent,annual,none,world_bank,2026-05-13T21:10:05.429826+00:00
JPN,1983,HIGH_TECH_EXPORTS,,Japan,TX.VAL.TECH.MF.ZS,High technology exports percentage manufactured exports,percent,annual,none,world_bank,2026-05-13T21:10:05.429826+00:00
JPN,1984,HIGH_TECH_EXPORTS,,Japan,TX.VAL.TECH.MF.ZS,High technology exports percentage manufactured exports,percent,annual,none,world_bank,2026-05-13T21:10:05.429826+00:00
JPN,1985,HIGH_TECH_EXPORTS,,Japan,TX.VAL.TECH.MF.ZS,High technology exports percentage manufactured exports,percent,annual,none,world_bank,2026-05-13T21:10:05.429826+00:00
JPN,1986,HIGH_TECH_EXPORTS,,Japan,TX.VAL.TECH.MF.ZS,High technology exports percentage manufactured exports,percent,annual,none,world_bank,2026-05-13T21:10:05.429826+00:00
JPN,1987,HIGH_TECH_EXPORTS,,Japan,TX.VAL.TECH.MF.ZS,High technology exports percentage manufactured exports,percent,annual,none,world_bank,2026-05-13T21:10:05.429826+00:00
JPN,1988,HIGH_TECH_EXPORTS,,Japan,TX.VAL.TECH.MF.ZS,High technology exports percentage manufactured exports,percent,annual,none,world_bank,2026-05-13T21:10:05.429826+00:00
JPN,1989,HIGH_TECH_EXPORTS,,Japan,TX.VAL.TECH.MF.ZS,High technology exports percentage manufactured exports,percent,annual,none,world_bank,2026-05-13T21:10:05.429826+00:00
JPN,1990,HIGH_TECH_EXPORTS,,Japan,TX.VAL.TECH.MF.ZS,High technology exports percentage manufactured exports,percent,annual,none,world_bank,2026-05-13T21:10:05.429826+00:00
JPN,1991,HIGH_TECH_EXPORTS,,Japan,TX.VAL.TECH.MF.ZS,High technology exports percentage manufactured exports,percent,annual,none,world_bank,2026-05-13T21:10:05.429826+00:00
JPN,1992,HIGH_TECH_EXPORTS,,Japan,TX.VAL.TECH.MF.ZS,High technology exports percentage manufactured exports,percent,annual,none,world_bank,2026-05-13T21:10:05.429826+00:00
JPN,1993,HIGH_TECH_EXPORTS,,Japan,TX.VAL.TECH.MF.ZS,High technology exports percentage manufactured exports,percent,annual,none,world_bank,2026-05-13T21:10:05.429826+00:00
JPN,1994,HIGH_TECH_EXPORTS,,Japan,TX.VAL.TECH.MF.ZS,High technology exports percentage manufactured exports,percent,annual,none,world_bank,2026-05-13T21:10:05.429826+00:00
JPN,1995,HIGH_TECH_EXPORTS,,Japan,TX.VAL.TECH.MF.ZS,High technology exports percentage manufactured exports,percent,annual,none,world_bank,2026-05-13T21:10:05.429826+00:00
JPN,1996,HIGH_TECH_EXPORTS,,Japan,TX.VAL.TECH.MF.ZS,High technology exports percentage manufactured exports,percent,annual,none,world_bank,2026-05-13T21:10:05.429826+00:00
JPN,1997,HIGH_TECH_EXPORTS,,Japan,TX.VAL.TECH.MF.ZS,High technology exports percentage manufactured exports,percent,annual,none,world_bank,2026-05-13T21:10:05.429826+00:00
JPN,1998,HIGH_TECH_EXPORTS,,Japan,TX.VAL.TECH.MF.ZS,High technology exports percentage manufactured exports,percent,annual,none,world_bank,2026-05-13T21:10:05.429826+00:00
JPN,1999,HIGH_TECH_EXPORTS,,Japan,TX.VAL.TECH.MF.ZS,High technology exports percentage manufactured exports,percent,annual,none,world_bank,2026-05-13T21:10:05.429826+00:00
JPN,2000,HIGH_TECH_EXPORTS,,Japan,TX.VAL.TECH.MF.ZS,High technology exports percentage manufactured exports,percent,annual,none,world_bank,2026-05-13T21:10:05.429826+00:00
JPN,2001,HIGH_TECH_EXPORTS,,Japan,TX.VAL.TECH.MF.ZS,High technology exports percentage manufactured exports,percent,annual,none,world_bank,2026-05-13T21:10:05.429826+00:00
JPN,2002,HIGH_TECH_EXPORTS,,Japan,TX.VAL.TECH.MF.ZS,High technology exports percentage manufactured exports,percent,annual,none,world_bank,2026-05-13T21:10:05.429826+00:00
JPN,2003,HIGH_TECH_EXPORTS,,Japan,TX.VAL.TECH.MF.ZS,High technology exports percentage manufactured exports,percent,annual,none,world_bank,2026-05-13T21:10:05.429826+00:00
JPN,2004,HIGH_TECH_EXPORTS,,Japan,TX.VAL.TECH.MF.ZS,High technology exports percentage manufactured exports,percent,annual,none,world_bank,2026-05-13T21:10:05.429826+00:00
JPN,2005,HIGH_TECH_EXPORTS,,Japan,TX.VAL.TECH.MF.ZS,High technology exports percentage manufactured exports,percent,annual,none,world_bank,2026-05-13T21:10:05.429826+00:00
JPN,2006,HIGH_TECH_EXPORTS,,Japan,TX.VAL.TECH.MF.ZS,High technology exports percentage manufactured exports,percent,annual,none,world_bank,2026-05-13T21:10:05.429826+00:00
JPN,2007,HIGH_TECH_EXPORTS,20.0653051826321,Japan,TX.VAL.TECH.MF.ZS,High technology exports percentage manufactured exports,percent,annual,none,world_bank,2026-05-13T21:10:05.429826+00:00
JPN,2008,HIGH_TECH_EXPORTS,18.8248542197178,Japan,TX.VAL.TECH.MF.ZS,High technology exports percentage manufactured exports,percent,annual,none,world_bank,2026-05-13T21:10:05.429826+00:00
JPN,2009,HIGH_TECH_EXPORTS,20.4459731275094,Japan,TX.VAL.TECH.MF.ZS,High technology exports percentage manufactured exports,percent,annual,none,world_bank,2026-05-13T21:10:05.429826+00:00
JPN,2010,HIGH_TECH_EXPORTS,19.1226872782363,Japan,TX.VAL.TECH.MF.ZS,High technology exports percentage manufactured exports,percent,annual,none,world_bank,2026-05-13T21:10:05.429826+00:00
JPN,2011,HIGH_TECH_EXPORTS,18.392253763449,Japan,TX.VAL.TECH.MF.ZS,High technology exports percentage manufactured exports,percent,annual,none,world_bank,2026-05-13T21:10:05.429826+00:00
JPN,2012,HIGH_TECH_EXPORTS,18.2382479591573,Japan,TX.VAL.TECH.MF.ZS,High technology exports percentage manufactured exports,percent,annual,none,world_bank,2026-05-13T21:10:05.429826+00:00
JPN,2013,HIGH_TECH_EXPORTS,17.7587589107099,Japan,TX.VAL.TECH.MF.ZS,High technology exports percentage manufactured exports,percent,annual,none,world_bank,2026-05-13T21:10:05.429826+00:00
JPN,2014,HIGH_TECH_EXPORTS,17.7805347199635,Japan,TX.VAL.TECH.MF.ZS,High technology exports percentage manufactured exports,percent,annual,none,world_bank,2026-05-13T21:10:05.429826+00:00
JPN,2015,HIGH_TECH_EXPORTS,18.0454889300336,Japan,TX.VAL.TECH.MF.ZS,High technology exports percentage manufactured exports,percent,annual,none,world_bank,2026-05-13T21:10:05.429826+00:00
JPN,2016,HIGH_TECH_EXPORTS,17.620423854837,Japan,TX.VAL.TECH.MF.ZS,High technology exports percentage manufactured exports,percent,annual,none,world_bank,2026-05-13T21:10:05.429826+00:00
JPN,2017,HIGH_TECH_EXPORTS,17.5942774665502,Japan,TX.VAL.TECH.MF.ZS,High technology exports percentage manufactured exports,percent,annual,none,world_bank,2026-05-13T21:10:05.429826+00:00
JPN,2018,HIGH_TECH_EXPORTS,17.2970528139362,Japan,TX.VAL.TECH.MF.ZS,High technology exports percentage manufactured exports,percent,annual,none,world_bank,2026-05-13T21:10:05.429826+00:00
JPN,2019,HIGH_TECH_EXPORTS,17.0303844450023,Japan,TX.VAL.TECH.MF.ZS,High technology exports percentage manufactured exports,percent,annual,none,world_bank,2026-05-13T21:10:05.429826+00:00
JPN,2020,HIGH_TECH_EXPORTS,18.6333487896777,Japan,TX.VAL.TECH.MF.ZS,High technology exports percentage manufactured exports,percent,annual,none,world_bank,2026-05-13T21:10:05.429826+00:00
JPN,2021,HIGH_TECH_EXPORTS,18.0039913482614,Japan,TX.VAL.TECH.MF.ZS,High technology exports percentage manufactured exports,percent,annual,none,world_bank,2026-05-13T21:10:05.429826+00:00
JPN,2022,HIGH_TECH_EXPORTS,18.2592615351902,Japan,TX.VAL.TECH.MF.ZS,High technology exports percentage manufactured exports,percent,annual,none,world_bank,2026-05-13T21:10:05.429826+00:00
JPN,2023,HIGH_TECH_EXPORTS,17.1028060703212,Japan,TX.VAL.TECH.MF.ZS,High technology exports percentage manufactured exports,percent,annual,none,world_bank,2026-05-13T21:10:05.429826+00:00
JPN,2024,HIGH_TECH_EXPORTS,17.5547415163067,Japan,TX.VAL.TECH.MF.ZS,High technology exports percentage manufactured exports,percent,annual,none,world_bank,2026-05-13T21:10:05.429826+00:00
JPN,2025,HIGH_TECH_EXPORTS,,Japan,TX.VAL.TECH.MF.ZS,High technology exports percentage manufactured exports,percent,annual,none,world_bank,2026-05-13T21:10:05.429826+00:00
JPN,1960,IMPORTS_PERCENT_GDP,,Japan,NE.IMP.GNFS.ZS,Imports of goods and services percentage of GDP,percent,annual,none,world_bank,2026-05-13T21:10:04.133499+00:00
JPN,1961,IMPORTS_PERCENT_GDP,,Japan,NE.IMP.GNFS.ZS,Imports of goods and services percentage of GDP,percent,annual,none,world_bank,2026-05-13T21:10:04.133499+00:00
JPN,1962,IMPORTS_PERCENT_GDP,,Japan,NE.IMP.GNFS.ZS,Imports of goods and services percentage of GDP,percent,annual,none,world_bank,2026-05-13T21:10:04.133499+00:00
JPN,1963,IMPORTS_PERCENT_GDP,,Japan,NE.IMP.GNFS.ZS,Imports of goods and services percentage of GDP,percent,annual,none,world_bank,2026-05-13T21:10:04.133499+00:00
JPN,1964,IMPORTS_PERCENT_GDP,,Japan,NE.IMP.GNFS.ZS,Imports of goods and services percentage of GDP,percent,annual,none,world_bank,2026-05-13T21:10:04.133499+00:00
JPN,1965,IMPORTS_PERCENT_GDP,,Japan,NE.IMP.GNFS.ZS,Imports of goods and services percentage of GDP,percent,annual,none,world_bank,2026-05-13T21:10:04.133499+00:00
JPN,1966,IMPORTS_PERCENT_GDP,,Japan,NE.IMP.GNFS.ZS,Imports of goods and services percentage of GDP,percent,annual,none,world_bank,2026-05-13T21:10:04.133499+00:00
JPN,1967,IMPORTS_PERCENT_GDP,,Japan,NE.IMP.GNFS.ZS,Imports of goods and services percentage of GDP,percent,annual,none,world_bank,2026-05-13T21:10:04.133499+00:00
JPN,1968,IMPORTS_PERCENT_GDP,,Japan,NE.IMP.GNFS.ZS,Imports of goods and services percentage of GDP,percent,annual,none,world_bank,2026-05-13T21:10:04.133499+00:00
JPN,1969,IMPORTS_PERCENT_GDP,,Japan,NE.IMP.GNFS.ZS,Imports of goods and services percentage of GDP,percent,annual,none,world_bank,2026-05-13T21:10:04.133499+00:00
JPN,1970,IMPORTS_PERCENT_GDP,9.01036122702284,Japan,NE.IMP.GNFS.ZS,Imports of goods and services percentage of GDP,percent,annual,none,world_bank,2026-05-13T21:10:04.133499+00:00
JPN,1971,IMPORTS_PERCENT_GDP,8.50450730215928,Japan,NE.IMP.GNFS.ZS,Imports of goods and services percentage of GDP,percent,annual,none,world_bank,2026-05-13T21:10:04.133499+00:00
JPN,1972,IMPORTS_PERCENT_GDP,7.82815637869724,Japan,NE.IMP.GNFS.ZS,Imports of goods and services percentage of GDP,percent,annual,none,world_bank,2026-05-13T21:10:04.133499+00:00
JPN,1973,IMPORTS_PERCENT_GDP,9.47029003835423,Japan,NE.IMP.GNFS.ZS,Imports of goods and services percentage of GDP,percent,annual,none,world_bank,2026-05-13T21:10:04.133499+00:00
JPN,1974,IMPORTS_PERCENT_GDP,13.5712481169265,Japan,NE.IMP.GNFS.ZS,Imports of goods and services percentage of GDP,percent,annual,none,world_bank,2026-05-13T21:10:04.133499+00:00
JPN,1975,IMPORTS_PERCENT_GDP,12.0674140235734,Japan,NE.IMP.GNFS.ZS,Imports of goods and services percentage of GDP,percent,annual,none,world_bank,2026-05-13T21:10:04.133499+00:00
JPN,1976,IMPORTS_PERCENT_GDP,12.067521950276,Japan,NE.IMP.GNFS.ZS,Imports of goods and services percentage of GDP,percent,annual,none,world_bank,2026-05-13T21:10:04.133499+00:00
JPN,1977,IMPORTS_PERCENT_GDP,10.8395269182809,Japan,NE.IMP.GNFS.ZS,Imports of goods and services percentage of GDP,percent,annual,none,world_bank,2026-05-13T21:10:04.133499+00:00
JPN,1978,IMPORTS_PERCENT_GDP,8.87459428531304,Japan,NE.IMP.GNFS.ZS,Imports of goods and services percentage of GDP,percent,annual,none,world_bank,2026-05-13T21:10:04.133499+00:00
JPN,1979,IMPORTS_PERCENT_GDP,11.7983545231347,Japan,NE.IMP.GNFS.ZS,Imports of goods and services percentage of GDP,percent,annual,none,world_bank,2026-05-13T21:10:04.133499+00:00
JPN,1980,IMPORTS_PERCENT_GDP,13.8011425518762,Japan,NE.IMP.GNFS.ZS,Imports of goods and services percentage of GDP,percent,annual,none,world_bank,2026-05-13T21:10:04.133499+00:00
JPN,1981,IMPORTS_PERCENT_GDP,13.2232328863697,Japan,NE.IMP.GNFS.ZS,Imports of goods and services percentage of GDP,percent,annual,none,world_bank,2026-05-13T21:10:04.133499+00:00
JPN,1982,IMPORTS_PERCENT_GDP,13.0930692657642,Japan,NE.IMP.GNFS.ZS,Imports of goods and services percentage of GDP,percent,annual,none,world_bank,2026-05-13T21:10:04.133499+00:00
JPN,1983,IMPORTS_PERCENT_GDP,11.5079274367132,Japan,NE.IMP.GNFS.ZS,Imports of goods and services percentage of GDP,percent,annual,none,world_bank,2026-05-13T21:10:04.133499+00:00
JPN,1984,IMPORTS_PERCENT_GDP,11.703741057787,Japan,NE.IMP.GNFS.ZS,Imports of goods and services percentage of GDP,percent,annual,none,world_bank,2026-05-13T21:10:04.133499+00:00
JPN,1985,IMPORTS_PERCENT_GDP,10.4918898703948,Japan,NE.IMP.GNFS.ZS,Imports of goods and services percentage of GDP,percent,annual,none,world_bank,2026-05-13T21:10:04.133499+00:00
JPN,1986,IMPORTS_PERCENT_GDP,7.09831975886436,Japan,NE.IMP.GNFS.ZS,Imports of goods and services percentage of GDP,percent,annual,none,world_bank,2026-05-13T21:10:04.133499+00:00
JPN,1987,IMPORTS_PERCENT_GDP,7.03578881944314,Japan,NE.IMP.GNFS.ZS,Imports of goods and services percentage of GDP,percent,annual,none,world_bank,2026-05-13T21:10:04.133499+00:00
JPN,1988,IMPORTS_PERCENT_GDP,7.47929996212867,Japan,NE.IMP.GNFS.ZS,Imports of goods and services percentage of GDP,percent,annual,none,world_bank,2026-05-13T21:10:04.133499+00:00
JPN,1989,IMPORTS_PERCENT_GDP,8.60676172469505,Japan,NE.IMP.GNFS.ZS,Imports of goods and services percentage of GDP,percent,annual,none,world_bank,2026-05-13T21:10:04.133499+00:00
JPN,1990,IMPORTS_PERCENT_GDP,9.2856178181819,Japan,NE.IMP.GNFS.ZS,Imports of goods and services percentage of GDP,percent,annual,none,world_bank,2026-05-13T21:10:04.133499+00:00
JPN,1991,IMPORTS_PERCENT_GDP,8.14327654064587,Japan,NE.IMP.GNFS.ZS,Imports of goods and services percentage of GDP,percent,annual,none,world_bank,2026-05-13T21:10:04.133499+00:00
JPN,1992,IMPORTS_PERCENT_GDP,7.49978379930863,Japan,NE.IMP.GNFS.ZS,Imports of goods and services percentage of GDP,percent,annual,none,world_bank,2026-05-13T21:10:04.133499+00:00
JPN,1993,IMPORTS_PERCENT_GDP,6.80942513525332,Japan,NE.IMP.GNFS.ZS,Imports of goods and services percentage of GDP,percent,annual,none,world_bank,2026-05-13T21:10:04.133499+00:00
JPN,1994,IMPORTS_PERCENT_GDP,6.97047910606066,Japan,NE.IMP.GNFS.ZS,Imports of goods and services percentage of GDP,percent,annual,none,world_bank,2026-05-13T21:10:04.133499+00:00
JPN,1995,IMPORTS_PERCENT_GDP,7.57363450140765,Japan,NE.IMP.GNFS.ZS,Imports of goods and services percentage of GDP,percent,annual,none,world_bank,2026-05-13T21:10:04.133499+00:00
JPN,1996,IMPORTS_PERCENT_GDP,8.93812314202219,Japan,NE.IMP.GNFS.ZS,Imports of goods and services percentage of GDP,percent,annual,none,world_bank,2026-05-13T21:10:04.133499+00:00
JPN,1997,IMPORTS_PERCENT_GDP,9.39982198359144,Japan,NE.IMP.GNFS.ZS,Imports of goods and services percentage of GDP,percent,annual,none,world_bank,2026-05-13T21:10:04.133499+00:00
JPN,1998,IMPORTS_PERCENT_GDP,8.62938012374338,Japan,NE.IMP.GNFS.ZS,Imports of goods and services percentage of GDP,percent,annual,none,world_bank,2026-05-13T21:10:04.133499+00:00
JPN,1999,IMPORTS_PERCENT_GDP,8.32009171513089,Japan,NE.IMP.GNFS.ZS,Imports of goods and services percentage of GDP,percent,annual,none,world_bank,2026-05-13T21:10:04.133499+00:00
JPN,2000,IMPORTS_PERCENT_GDP,9.09887738115494,Japan,NE.IMP.GNFS.ZS,Imports of goods and services percentage of GDP,percent,annual,none,world_bank,2026-05-13T21:10:04.133499+00:00
JPN,2001,IMPORTS_PERCENT_GDP,9.48280450872269,Japan,NE.IMP.GNFS.ZS,Imports of goods and services percentage of GDP,percent,annual,none,world_bank,2026-05-13T21:10:04.133499+00:00
JPN,2002,IMPORTS_PERCENT_GDP,9.5916764589296,Japan,NE.IMP.GNFS.ZS,Imports of goods and services percentage of GDP,percent,annual,none,world_bank,2026-05-13T21:10:04.133499+00:00
JPN,2003,IMPORTS_PERCENT_GDP,9.86032369115249,Japan,NE.IMP.GNFS.ZS,Imports of goods and services percentage of GDP,percent,annual,none,world_bank,2026-05-13T21:10:04.133499+00:00
JPN,2004,IMPORTS_PERCENT_GDP,10.8780887981112,Japan,NE.IMP.GNFS.ZS,Imports of goods and services percentage of GDP,percent,annual,none,world_bank,2026-05-13T21:10:04.133499+00:00
JPN,2005,IMPORTS_PERCENT_GDP,12.4140588557406,Japan,NE.IMP.GNFS.ZS,Imports of goods and services percentage of GDP,percent,annual,none,world_bank,2026-05-13T21:10:04.133499+00:00
JPN,2006,IMPORTS_PERCENT_GDP,14.3590020520575,Japan,NE.IMP.GNFS.ZS,Imports of goods and services percentage of GDP,percent,annual,none,world_bank,2026-05-13T21:10:04.133499+00:00
JPN,2007,IMPORTS_PERCENT_GDP,15.5274506811561,Japan,NE.IMP.GNFS.ZS,Imports of goods and services percentage of GDP,percent,annual,none,world_bank,2026-05-13T21:10:04.133499+00:00
JPN,2008,IMPORTS_PERCENT_GDP,16.8939331648175,Japan,NE.IMP.GNFS.ZS,Imports of goods and services percentage of GDP,percent,annual,none,world_bank,2026-05-13T21:10:04.133499+00:00
JPN,2009,IMPORTS_PERCENT_GDP,11.9706007858756,Japan,NE.IMP.GNFS.ZS,Imports of goods and services percentage of GDP,percent,annual,none,world_bank,2026-05-13T21:10:04.133499+00:00
JPN,2010,IMPORTS_PERCENT_GDP,13.5799692441961,Japan,NE.IMP.GNFS.ZS,Imports of goods and services percentage of GDP,percent,annual,none,world_bank,2026-05-13T21:10:04.133499+00:00
JPN,2011,IMPORTS_PERCENT_GDP,15.4204984672798,Japan,NE.IMP.GNFS.ZS,Imports of goods and services percentage of GDP,percent,annual,none,world_bank,2026-05-13T21:10:04.133499+00:00
JPN,2012,IMPORTS_PERCENT_GDP,16.0561363041928,Japan,NE.IMP.GNFS.ZS,Imports of goods and services percentage of GDP,percent,annual,none,world_bank,2026-05-13T21:10:04.133499+00:00
JPN,2013,IMPORTS_PERCENT_GDP,18.1946119190738,Japan,NE.IMP.GNFS.ZS,Imports of goods and services percentage of GDP,percent,annual,none,world_bank,2026-05-13T21:10:04.133499+00:00
JPN,2014,IMPORTS_PERCENT_GDP,20.0127792201784,Japan,NE.IMP.GNFS.ZS,Imports of goods and services percentage of GDP,percent,annual,none,world_bank,2026-05-13T21:10:04.133499+00:00
JPN,2015,IMPORTS_PERCENT_GDP,17.990648516827,Japan,NE.IMP.GNFS.ZS,Imports of goods and services percentage of GDP,percent,annual,none,world_bank,2026-05-13T21:10:04.133499+00:00
JPN,2016,IMPORTS_PERCENT_GDP,15.2522776095286,Japan,NE.IMP.GNFS.ZS,Imports of goods and services percentage of GDP,percent,annual,none,world_bank,2026-05-13T21:10:04.133499+00:00
JPN,2017,IMPORTS_PERCENT_GDP,16.831774467385,Japan,NE.IMP.GNFS.ZS,Imports of goods and services percentage of GDP,percent,annual,none,world_bank,2026-05-13T21:10:04.133499+00:00
JPN,2018,IMPORTS_PERCENT_GDP,18.2949862035848,Japan,NE.IMP.GNFS.ZS,Imports of goods and services percentage of GDP,percent,annual,none,world_bank,2026-05-13T21:10:04.133499+00:00
JPN,2019,IMPORTS_PERCENT_GDP,17.7528916808924,Japan,NE.IMP.GNFS.ZS,Imports of goods and services percentage of GDP,percent,annual,none,world_bank,2026-05-13T21:10:04.133499+00:00
JPN,2020,IMPORTS_PERCENT_GDP,15.8020257724508,Japan,NE.IMP.GNFS.ZS,Imports of goods and services percentage of GDP,percent,annual,none,world_bank,2026-05-13T21:10:04.133499+00:00
JPN,2021,IMPORTS_PERCENT_GDP,18.629254289208,Japan,NE.IMP.GNFS.ZS,Imports of goods and services percentage of GDP,percent,annual,none,world_bank,2026-05-13T21:10:04.133499+00:00
JPN,2022,IMPORTS_PERCENT_GDP,25.2665627129772,Japan,NE.IMP.GNFS.ZS,Imports of goods and services percentage of GDP,percent,annual,none,world_bank,2026-05-13T21:10:04.133499+00:00
JPN,2023,IMPORTS_PERCENT_GDP,23.2992883238654,Japan,NE.IMP.GNFS.ZS,Imports of goods and services percentage of GDP,percent,annual,none,world_bank,2026-05-13T21:10:04.133499+00:00
JPN,2024,IMPORTS_PERCENT_GDP,23.6379517504111,Japan,NE.IMP.GNFS.ZS,Imports of goods and services percentage of GDP,percent,annual,none,world_bank,2026-05-13T21:10:04.133499+00:00
JPN,2025,IMPORTS_PERCENT_GDP,,Japan,NE.IMP.GNFS.ZS,Imports of goods and services percentage of GDP,percent,annual,none,world_bank,2026-05-13T21:10:04.133499+00:00
JPN,1960,INFLATION,3.5745115253591,Japan,FP.CPI.TOTL.ZG,Inflation consumer prices annual percentage,percent,annual,none,world_bank,2026-05-13T21:10:02.423320+00:00
JPN,1961,INFLATION,5.36846178480055,Japan,FP.CPI.TOTL.ZG,Inflation consumer prices annual percentage,percent,annual,none,world_bank,2026-05-13T21:10:02.423320+00:00
JPN,1962,INFLATION,6.8354403481973,Japan,FP.CPI.TOTL.ZG,Inflation consumer prices annual percentage,percent,annual,none,world_bank,2026-05-13T21:10:02.423320+00:00
JPN,1963,INFLATION,6.7069055639799,Japan,FP.CPI.TOTL.ZG,Inflation consumer prices annual percentage,percent,annual,none,world_bank,2026-05-13T21:10:02.423320+00:00
JPN,1964,INFLATION,3.80038945305753,Japan,FP.CPI.TOTL.ZG,Inflation consumer prices annual percentage,percent,annual,none,world_bank,2026-05-13T21:10:02.423320+00:00
JPN,1965,INFLATION,6.65599094260621,Japan,FP.CPI.TOTL.ZG,Inflation consumer prices annual percentage,percent,annual,none,world_bank,2026-05-13T21:10:02.423320+00:00
JPN,1966,INFLATION,5.04083205887676,Japan,FP.CPI.TOTL.ZG,Inflation consumer prices annual percentage,percent,annual,none,world_bank,2026-05-13T21:10:02.423320+00:00
JPN,1967,INFLATION,3.98984808881518,Japan,FP.CPI.TOTL.ZG,Inflation consumer prices annual percentage,percent,annual,none,world_bank,2026-05-13T21:10:02.423320+00:00
JPN,1968,INFLATION,5.33943295739344,Japan,FP.CPI.TOTL.ZG,Inflation consumer prices annual percentage,percent,annual,none,world_bank,2026-05-13T21:10:02.423320+00:00
JPN,1969,INFLATION,5.24982091102027,Japan,FP.CPI.TOTL.ZG,Inflation consumer prices annual percentage,percent,annual,none,world_bank,2026-05-13T21:10:02.423320+00:00
JPN,1970,INFLATION,6.92417383485781,Japan,FP.CPI.TOTL.ZG,Inflation consumer prices annual percentage,percent,annual,none,world_bank,2026-05-13T21:10:02.423320+00:00
JPN,1971,INFLATION,6.39534883720926,Japan,FP.CPI.TOTL.ZG,Inflation consumer prices annual percentage,percent,annual,none,world_bank,2026-05-13T21:10:02.423320+00:00
JPN,1972,INFLATION,4.84351713859905,Japan,FP.CPI.TOTL.ZG,Inflation consumer prices annual percentage,percent,annual,none,world_bank,2026-05-13T21:10:02.423320+00:00
JPN,1973,INFLATION,11.6086235489221,Japan,FP.CPI.TOTL.ZG,Inflation consumer prices annual percentage,percent,annual,none,world_bank,2026-05-13T21:10:02.423320+00:00
JPN,1974,INFLATION,23.2222458076842,Japan,FP.CPI.TOTL.ZG,Inflation consumer prices annual percentage,percent,annual,none,world_bank,2026-05-13T21:10:02.423320+00:00
JPN,1975,INFLATION,11.7312661498708,Japan,FP.CPI.TOTL.ZG,Inflation consumer prices annual percentage,percent,annual,none,world_bank,2026-05-13T21:10:02.423320+00:00
JPN,1976,INFLATION,9.37403638606234,Japan,FP.CPI.TOTL.ZG,Inflation consumer prices annual percentage,percent,annual,none,world_bank,2026-05-13T21:10:02.423320+00:00
JPN,1977,INFLATION,8.16182689596842,Japan,FP.CPI.TOTL.ZG,Inflation consumer prices annual percentage,percent,annual,none,world_bank,2026-05-13T21:10:02.423320+00:00
JPN,1978,INFLATION,4.20956601068681,Japan,FP.CPI.TOTL.ZG,Inflation consumer prices annual percentage,percent,annual,none,world_bank,2026-05-13T21:10:02.423320+00:00
JPN,1979,INFLATION,3.70185092546269,Japan,FP.CPI.TOTL.ZG,Inflation consumer prices annual percentage,percent,annual,none,world_bank,2026-05-13T21:10:02.423320+00:00
JPN,1980,INFLATION,7.77858176555718,Japan,FP.CPI.TOTL.ZG,Inflation consumer prices annual percentage,percent,annual,none,world_bank,2026-05-13T21:10:02.423320+00:00
JPN,1981,INFLATION,4.91216291820523,Japan,FP.CPI.TOTL.ZG,Inflation consumer prices annual percentage,percent,annual,none,world_bank,2026-05-13T21:10:02.423320+00:00
JPN,1982,INFLATION,2.7410409556314,Japan,FP.CPI.TOTL.ZG,Inflation consumer prices annual percentage,percent,annual,none,world_bank,2026-05-13T21:10:02.423320+00:00
JPN,1983,INFLATION,1.89971971348485,Japan,FP.CPI.TOTL.ZG,Inflation consumer prices annual percentage,percent,annual,none,world_bank,2026-05-13T21:10:02.423320+00:00
JPN,1984,INFLATION,2.26161369193155,Japan,FP.CPI.TOTL.ZG,Inflation consumer prices annual percentage,percent,annual,none,world_bank,2026-05-13T21:10:02.423320+00:00
JPN,1985,INFLATION,2.0322773460849,Japan,FP.CPI.TOTL.ZG,Inflation consumer prices annual percentage,percent,annual,none,world_bank,2026-05-13T21:10:02.423320+00:00
JPN,1986,INFLATION,0.595586799453249,Japan,FP.CPI.TOTL.ZG,Inflation consumer prices annual percentage,percent,annual,none,world_bank,2026-05-13T21:10:02.423320+00:00
JPN,1987,INFLATION,0.126176841696583,Japan,FP.CPI.TOTL.ZG,Inflation consumer prices annual percentage,percent,annual,none,world_bank,2026-05-13T21:10:02.423320+00:00
JPN,1988,INFLATION,0.678557580457558,Japan,FP.CPI.TOTL.ZG,Inflation consumer prices annual percentage,percent,annual,none,world_bank,2026-05-13T21:10:02.423320+00:00
JPN,1989,INFLATION,2.27228962064317,Japan,FP.CPI.TOTL.ZG,Inflation consumer prices annual percentage,percent,annual,none,world_bank,2026-05-13T21:10:02.423320+00:00
JPN,1990,INFLATION,3.0785162869516,Japan,FP.CPI.TOTL.ZG,Inflation consumer prices annual percentage,percent,annual,none,world_bank,2026-05-13T21:10:02.423320+00:00
JPN,1991,INFLATION,3.25143848753308,Japan,FP.CPI.TOTL.ZG,Inflation consumer prices annual percentage,percent,annual,none,world_bank,2026-05-13T21:10:02.423320+00:00
JPN,1992,INFLATION,1.7602830605927,Japan,FP.CPI.TOTL.ZG,Inflation consumer prices annual percentage,percent,annual,none,world_bank,2026-05-13T21:10:02.423320+00:00
JPN,1993,INFLATION,1.24304589707924,Japan,FP.CPI.TOTL.ZG,Inflation consumer prices annual percentage,percent,annual,none,world_bank,2026-05-13T21:10:02.423320+00:00
JPN,1994,INFLATION,0.695458057869004,Japan,FP.CPI.TOTL.ZG,Inflation consumer prices annual percentage,percent,annual,none,world_bank,2026-05-13T21:10:02.423320+00:00
JPN,1995,INFLATION,-0.127899045020446,Japan,FP.CPI.TOTL.ZG,Inflation consumer prices annual percentage,percent,annual,none,world_bank,2026-05-13T21:10:02.423320+00:00
JPN,1996,INFLATION,0.136600358575909,Japan,FP.CPI.TOTL.ZG,Inflation consumer prices annual percentage,percent,annual,none,world_bank,2026-05-13T21:10:02.423320+00:00
JPN,1997,INFLATION,1.74780458692133,Japan,FP.CPI.TOTL.ZG,Inflation consumer prices annual percentage,percent,annual,none,world_bank,2026-05-13T21:10:02.423320+00:00
JPN,1998,INFLATION,0.661974191385911,Japan,FP.CPI.TOTL.ZG,Inflation consumer prices annual percentage,percent,annual,none,world_bank,2026-05-13T21:10:02.423320+00:00
JPN,1999,INFLATION,-0.341296928327554,Japan,FP.CPI.TOTL.ZG,Inflation consumer prices annual percentage,percent,annual,none,world_bank,2026-05-13T21:10:02.423320+00:00
JPN,2000,INFLATION,-0.676578683595175,Japan,FP.CPI.TOTL.ZG,Inflation consumer prices annual percentage,percent,annual,none,world_bank,2026-05-13T21:10:02.423320+00:00
JPN,2001,INFLATION,-0.740055504162738,Japan,FP.CPI.TOTL.ZG,Inflation consumer prices annual percentage,percent,annual,none,world_bank,2026-05-13T21:10:02.423320+00:00
JPN,2002,INFLATION,-0.923494026942321,Japan,FP.CPI.TOTL.ZG,Inflation consumer prices annual percentage,percent,annual,none,world_bank,2026-05-13T21:10:02.423320+00:00
JPN,2003,INFLATION,-0.256541816316025,Japan,FP.CPI.TOTL.ZG,Inflation consumer prices annual percentage,percent,annual,none,world_bank,2026-05-13T21:10:02.423320+00:00
JPN,2004,INFLATION,-0.00857338820310272,Japan,FP.CPI.TOTL.ZG,Inflation consumer prices annual percentage,percent,annual,none,world_bank,2026-05-13T21:10:02.423320+00:00
JPN,2005,INFLATION,-0.282946068764391,Japan,FP.CPI.TOTL.ZG,Inflation consumer prices annual percentage,percent,annual,none,world_bank,2026-05-13T21:10:02.423320+00:00
JPN,2006,INFLATION,0.249355116079085,Japan,FP.CPI.TOTL.ZG,Inflation consumer prices annual percentage,percent,annual,none,world_bank,2026-05-13T21:10:02.423320+00:00
JPN,2007,INFLATION,0.060039454498669,Japan,FP.CPI.TOTL.ZG,Inflation consumer prices annual percentage,percent,annual,none,world_bank,2026-05-13T21:10:02.423320+00:00
JPN,2008,INFLATION,1.3800788616492,Japan,FP.CPI.TOTL.ZG,Inflation consumer prices annual percentage,percent,annual,none,world_bank,2026-05-13T21:10:02.423320+00:00
JPN,2009,INFLATION,-1.35283672951719,Japan,FP.CPI.TOTL.ZG,Inflation consumer prices annual percentage,percent,annual,none,world_bank,2026-05-13T21:10:02.423320+00:00
JPN,2010,INFLATION,-0.728243207517779,Japan,FP.CPI.TOTL.ZG,Inflation consumer prices annual percentage,percent,annual,none,world_bank,2026-05-13T21:10:02.423320+00:00
JPN,2011,INFLATION,-0.27245561610124,Japan,FP.CPI.TOTL.ZG,Inflation consumer prices annual percentage,percent,annual,none,world_bank,2026-05-13T21:10:02.423320+00:00
JPN,2012,INFLATION,-0.0440645104432602,Japan,FP.CPI.TOTL.ZG,Inflation consumer prices annual percentage,percent,annual,none,world_bank,2026-05-13T21:10:02.423320+00:00
JPN,2013,INFLATION,0.335037912184741,Japan,FP.CPI.TOTL.ZG,Inflation consumer prices annual percentage,percent,annual,none,world_bank,2026-05-13T21:10:02.423320+00:00
JPN,2014,INFLATION,2.75922671353253,Japan,FP.CPI.TOTL.ZG,Inflation consumer prices annual percentage,percent,annual,none,world_bank,2026-05-13T21:10:02.423320+00:00
JPN,2015,INFLATION,0.795279630579839,Japan,FP.CPI.TOTL.ZG,Inflation consumer prices annual percentage,percent,annual,none,world_bank,2026-05-13T21:10:02.423320+00:00
JPN,2016,INFLATION,-0.127258844489754,Japan,FP.CPI.TOTL.ZG,Inflation consumer prices annual percentage,percent,annual,none,world_bank,2026-05-13T21:10:02.423320+00:00
JPN,2017,INFLATION,0.484199796126385,Japan,FP.CPI.TOTL.ZG,Inflation consumer prices annual percentage,percent,annual,none,world_bank,2026-05-13T21:10:02.423320+00:00
JPN,2018,INFLATION,0.989094598021848,Japan,FP.CPI.TOTL.ZG,Inflation consumer prices annual percentage,percent,annual,none,world_bank,2026-05-13T21:10:02.423320+00:00
JPN,2019,INFLATION,0.46877615938395,Japan,FP.CPI.TOTL.ZG,Inflation consumer prices annual percentage,percent,annual,none,world_bank,2026-05-13T21:10:02.423320+00:00
JPN,2020,INFLATION,-0.024995834027731,Japan,FP.CPI.TOTL.ZG,Inflation consumer prices annual percentage,percent,annual,none,world_bank,2026-05-13T21:10:02.423320+00:00
JPN,2021,INFLATION,-0.233352779398264,Japan,FP.CPI.TOTL.ZG,Inflation consumer prices annual percentage,percent,annual,none,world_bank,2026-05-13T21:10:02.423320+00:00
JPN,2022,INFLATION,2.49770278172255,Japan,FP.CPI.TOTL.ZG,Inflation consumer prices annual percentage,percent,annual,none,world_bank,2026-05-13T21:10:02.423320+00:00
JPN,2023,INFLATION,3.26813365933163,Japan,FP.CPI.TOTL.ZG,Inflation consumer prices annual percentage,percent,annual,none,world_bank,2026-05-13T21:10:02.423320+00:00
JPN,2024,INFLATION,2.73853681635241,Japan,FP.CPI.TOTL.ZG,Inflation consumer prices annual percentage,percent,annual,none,world_bank,2026-05-13T21:10:02.423320+00:00
JPN,2025,INFLATION,,Japan,FP.CPI.TOTL.ZG,Inflation consumer prices annual percentage,percent,annual,none,world_bank,2026-05-13T21:10:02.423320+00:00
JPN,1960,MILITARY_EXPENDITURE,1.08059488934833,Japan,MS.MIL.XPND.GD.ZS,Military expenditure percentage GDP,percent,annual,none,world_bank,2026-05-13T21:10:05.774271+00:00
JPN,1961,MILITARY_EXPENDITURE,0.916660202208259,Japan,MS.MIL.XPND.GD.ZS,Military expenditure percentage GDP,percent,annual,none,world_bank,2026-05-13T21:10:05.774271+00:00
JPN,1962,MILITARY_EXPENDITURE,0.882981583852488,Japan,MS.MIL.XPND.GD.ZS,Military expenditure percentage GDP,percent,annual,none,world_bank,2026-05-13T21:10:05.774271+00:00
JPN,1963,MILITARY_EXPENDITURE,0.902911616201838,Japan,MS.MIL.XPND.GD.ZS,Military expenditure percentage GDP,percent,annual,none,world_bank,2026-05-13T21:10:05.774271+00:00
JPN,1964,MILITARY_EXPENDITURE,0.87504612187006,Japan,MS.MIL.XPND.GD.ZS,Military expenditure percentage GDP,percent,annual,none,world_bank,2026-05-13T21:10:05.774271+00:00
JPN,1965,MILITARY_EXPENDITURE,0.899713990141788,Japan,MS.MIL.XPND.GD.ZS,Military expenditure percentage GDP,percent,annual,none,world_bank,2026-05-13T21:10:05.774271+00:00
JPN,1966,MILITARY_EXPENDITURE,0.879421011265392,Japan,MS.MIL.XPND.GD.ZS,Military expenditure percentage GDP,percent,annual,none,world_bank,2026-05-13T21:10:05.774271+00:00
JPN,1967,MILITARY_EXPENDITURE,0.836230312650205,Japan,MS.MIL.XPND.GD.ZS,Military expenditure percentage GDP,percent,annual,none,world_bank,2026-05-13T21:10:05.774271+00:00
JPN,1968,MILITARY_EXPENDITURE,0.793866529243094,Japan,MS.MIL.XPND.GD.ZS,Military expenditure percentage GDP,percent,annual,none,world_bank,2026-05-13T21:10:05.774271+00:00
JPN,1969,MILITARY_EXPENDITURE,0.772551017292608,Japan,MS.MIL.XPND.GD.ZS,Military expenditure percentage GDP,percent,annual,none,world_bank,2026-05-13T21:10:05.774271+00:00
JPN,1970,MILITARY_EXPENDITURE,0.773230313218779,Japan,MS.MIL.XPND.GD.ZS,Military expenditure percentage GDP,percent,annual,none,world_bank,2026-05-13T21:10:05.774271+00:00
JPN,1971,MILITARY_EXPENDITURE,0.824119314063094,Japan,MS.MIL.XPND.GD.ZS,Military expenditure percentage GDP,percent,annual,none,world_bank,2026-05-13T21:10:05.774271+00:00
JPN,1972,MILITARY_EXPENDITURE,0.842475301533426,Japan,MS.MIL.XPND.GD.ZS,Military expenditure percentage GDP,percent,annual,none,world_bank,2026-05-13T21:10:05.774271+00:00
JPN,1973,MILITARY_EXPENDITURE,0.815014489146474,Japan,MS.MIL.XPND.GD.ZS,Military expenditure percentage GDP,percent,annual,none,world_bank,2026-05-13T21:10:05.774271+00:00
JPN,1974,MILITARY_EXPENDITURE,0.862068323351509,Japan,MS.MIL.XPND.GD.ZS,Military expenditure percentage GDP,percent,annual,none,world_bank,2026-05-13T21:10:05.774271+00:00
JPN,1975,MILITARY_EXPENDITURE,0.907387056975466,Japan,MS.MIL.XPND.GD.ZS,Military expenditure percentage GDP,percent,annual,none,world_bank,2026-05-13T21:10:05.774271+00:00
JPN,1976,MILITARY_EXPENDITURE,0.891651107922652,Japan,MS.MIL.XPND.GD.ZS,Military expenditure percentage GDP,percent,annual,none,world_bank,2026-05-13T21:10:05.774271+00:00
JPN,1977,MILITARY_EXPENDITURE,0.890681061512105,Japan,MS.MIL.XPND.GD.ZS,Military expenditure percentage GDP,percent,annual,none,world_bank,2026-05-13T21:10:05.774271+00:00
JPN,1978,MILITARY_EXPENDITURE,0.891286374043561,Japan,MS.MIL.XPND.GD.ZS,Military expenditure percentage GDP,percent,annual,none,world_bank,2026-05-13T21:10:05.774271+00:00
JPN,1979,MILITARY_EXPENDITURE,0.907392110929058,Japan,MS.MIL.XPND.GD.ZS,Military expenditure percentage GDP,percent,annual,none,world_bank,2026-05-13T21:10:05.774271+00:00
JPN,1980,MILITARY_EXPENDITURE,0.906794213450064,Japan,MS.MIL.XPND.GD.ZS,Military expenditure percentage GDP,percent,annual,none,world_bank,2026-05-13T21:10:05.774271+00:00
JPN,1981,MILITARY_EXPENDITURE,0.91664815297164,Japan,MS.MIL.XPND.GD.ZS,Military expenditure percentage GDP,percent,annual,none,world_bank,2026-05-13T21:10:05.774271+00:00
JPN,1982,MILITARY_EXPENDITURE,0.926375566882048,Japan,MS.MIL.XPND.GD.ZS,Military expenditure percentage GDP,percent,annual,none,world_bank,2026-05-13T21:10:05.774271+00:00
JPN,1983,MILITARY_EXPENDITURE,0.952297427190256,Japan,MS.MIL.XPND.GD.ZS,Military expenditure percentage GDP,percent,annual,none,world_bank,2026-05-13T21:10:05.774271+00:00
JPN,1984,MILITARY_EXPENDITURE,0.958404158758974,Japan,MS.MIL.XPND.GD.ZS,Military expenditure percentage GDP,percent,annual,none,world_bank,2026-05-13T21:10:05.774271+00:00
JPN,1985,MILITARY_EXPENDITURE,0.95939791396488,Japan,MS.MIL.XPND.GD.ZS,Military expenditure percentage GDP,percent,annual,none,world_bank,2026-05-13T21:10:05.774271+00:00
JPN,1986,MILITARY_EXPENDITURE,0.962811252055438,Japan,MS.MIL.XPND.GD.ZS,Military expenditure percentage GDP,percent,annual,none,world_bank,2026-05-13T21:10:05.774271+00:00
JPN,1987,MILITARY_EXPENDITURE,0.965510912838467,Japan,MS.MIL.XPND.GD.ZS,Military expenditure percentage GDP,percent,annual,none,world_bank,2026-05-13T21:10:05.774271+00:00
JPN,1988,MILITARY_EXPENDITURE,0.94970885873148,Japan,MS.MIL.XPND.GD.ZS,Military expenditure percentage GDP,percent,annual,none,world_bank,2026-05-13T21:10:05.774271+00:00
JPN,1989,MILITARY_EXPENDITURE,0.940781035886882,Japan,MS.MIL.XPND.GD.ZS,Military expenditure percentage GDP,percent,annual,none,world_bank,2026-05-13T21:10:05.774271+00:00
JPN,1990,MILITARY_EXPENDITURE,0.941791766132693,Japan,MS.MIL.XPND.GD.ZS,Military expenditure percentage GDP,percent,annual,none,world_bank,2026-05-13T21:10:05.774271+00:00
JPN,1991,MILITARY_EXPENDITURE,0.940821904384541,Japan,MS.MIL.XPND.GD.ZS,Military expenditure percentage GDP,percent,annual,none,world_bank,2026-05-13T21:10:05.774271+00:00
JPN,1992,MILITARY_EXPENDITURE,0.948312440331709,Japan,MS.MIL.XPND.GD.ZS,Military expenditure percentage GDP,percent,annual,none,world_bank,2026-05-13T21:10:05.774271+00:00
JPN,1993,MILITARY_EXPENDITURE,0.950663824755226,Japan,MS.MIL.XPND.GD.ZS,Military expenditure percentage GDP,percent,annual,none,world_bank,2026-05-13T21:10:05.774271+00:00
JPN,1994,MILITARY_EXPENDITURE,0.905931358699237,Japan,MS.MIL.XPND.GD.ZS,Military expenditure percentage GDP,percent,annual,none,world_bank,2026-05-13T21:10:05.774271+00:00
JPN,1995,MILITARY_EXPENDITURE,0.90093030549817,Japan,MS.MIL.XPND.GD.ZS,Military expenditure percentage GDP,percent,annual,none,world_bank,2026-05-13T21:10:05.774271+00:00
JPN,1996,MILITARY_EXPENDITURE,0.894648972187736,Japan,MS.MIL.XPND.GD.ZS,Military expenditure percentage GDP,percent,annual,none,world_bank,2026-05-13T21:10:05.774271+00:00
JPN,1997,MILITARY_EXPENDITURE,0.904515219581402,Japan,MS.MIL.XPND.GD.ZS,Military expenditure percentage GDP,percent,annual,none,world_bank,2026-05-13T21:10:05.774271+00:00
JPN,1998,MILITARY_EXPENDITURE,0.923513329235146,Japan,MS.MIL.XPND.GD.ZS,Military expenditure percentage GDP,percent,annual,none,world_bank,2026-05-13T21:10:05.774271+00:00
JPN,1999,MILITARY_EXPENDITURE,0.930179880124356,Japan,MS.MIL.XPND.GD.ZS,Military expenditure percentage GDP,percent,annual,none,world_bank,2026-05-13T21:10:05.774271+00:00
JPN,2000,MILITARY_EXPENDITURE,0.91598559605623,Japan,MS.MIL.XPND.GD.ZS,Military expenditure percentage GDP,percent,annual,none,world_bank,2026-05-13T21:10:05.774271+00:00
JPN,2001,MILITARY_EXPENDITURE,0.931672835040444,Japan,MS.MIL.XPND.GD.ZS,Military expenditure percentage GDP,percent,annual,none,world_bank,2026-05-13T21:10:05.774271+00:00
JPN,2002,MILITARY_EXPENDITURE,0.940357532610132,Japan,MS.MIL.XPND.GD.ZS,Military expenditure percentage GDP,percent,annual,none,world_bank,2026-05-13T21:10:05.774271+00:00
JPN,2003,MILITARY_EXPENDITURE,0.940046602477998,Japan,MS.MIL.XPND.GD.ZS,Military expenditure percentage GDP,percent,annual,none,world_bank,2026-05-13T21:10:05.774271+00:00
JPN,2004,MILITARY_EXPENDITURE,0.92660402297468,Japan,MS.MIL.XPND.GD.ZS,Military expenditure percentage GDP,percent,annual,none,world_bank,2026-05-13T21:10:05.774271+00:00
JPN,2005,MILITARY_EXPENDITURE,0.916916827733627,Japan,MS.MIL.XPND.GD.ZS,Military expenditure percentage GDP,percent,annual,none,world_bank,2026-05-13T21:10:05.774271+00:00
JPN,2006,MILITARY_EXPENDITURE,0.9029884189667,Japan,MS.MIL.XPND.GD.ZS,Military expenditure percentage GDP,percent,annual,none,world_bank,2026-05-13T21:10:05.774271+00:00
JPN,2007,MILITARY_EXPENDITURE,0.88498737572599,Japan,MS.MIL.XPND.GD.ZS,Military expenditure percentage GDP,percent,annual,none,world_bank,2026-05-13T21:10:05.774271+00:00
JPN,2008,MILITARY_EXPENDITURE,0.907855045566342,Japan,MS.MIL.XPND.GD.ZS,Military expenditure percentage GDP,percent,annual,none,world_bank,2026-05-13T21:10:05.774271+00:00
JPN,2009,MILITARY_EXPENDITURE,0.972969565505525,Japan,MS.MIL.XPND.GD.ZS,Military expenditure percentage GDP,percent,annual,none,world_bank,2026-05-13T21:10:05.774271+00:00
JPN,2010,MILITARY_EXPENDITURE,0.94903257605427,Japan,MS.MIL.XPND.GD.ZS,Military expenditure percentage GDP,percent,annual,none,world_bank,2026-05-13T21:10:05.774271+00:00
JPN,2011,MILITARY_EXPENDITURE,0.974823565427991,Japan,MS.MIL.XPND.GD.ZS,Military expenditure percentage GDP,percent,annual,none,world_bank,2026-05-13T21:10:05.774271+00:00
JPN,2012,MILITARY_EXPENDITURE,0.956761841659896,Japan,MS.MIL.XPND.GD.ZS,Military expenditure percentage GDP,percent,annual,none,world_bank,2026-05-13T21:10:05.774271+00:00
JPN,2013,MILITARY_EXPENDITURE,0.940538501428935,Japan,MS.MIL.XPND.GD.ZS,Military expenditure percentage GDP,percent,annual,none,world_bank,2026-05-13T21:10:05.774271+00:00
JPN,2014,MILITARY_EXPENDITURE,0.957800914762225,Japan,MS.MIL.XPND.GD.ZS,Military expenditure percentage GDP,percent,annual,none,world_bank,2026-05-13T21:10:05.774271+00:00
JPN,2015,MILITARY_EXPENDITURE,0.947283532698529,Japan,MS.MIL.XPND.GD.ZS,Military expenditure percentage GDP,percent,annual,none,world_bank,2026-05-13T21:10:05.774271+00:00
JPN,2016,MILITARY_EXPENDITURE,0.929516775505971,Japan,MS.MIL.XPND.GD.ZS,Military expenditure percentage GDP,percent,annual,none,world_bank,2026-05-13T21:10:05.774271+00:00
JPN,2017,MILITARY_EXPENDITURE,0.913229479099801,Japan,MS.MIL.XPND.GD.ZS,Military expenditure percentage GDP,percent,annual,none,world_bank,2026-05-13T21:10:05.774271+00:00
JPN,2018,MILITARY_EXPENDITURE,0.962497363778907,Japan,MS.MIL.XPND.GD.ZS,Military expenditure percentage GDP,percent,annual,none,world_bank,2026-05-13T21:10:05.774271+00:00
JPN,2019,MILITARY_EXPENDITURE,0.992231472747577,Japan,MS.MIL.XPND.GD.ZS,Military expenditure percentage GDP,percent,annual,none,world_bank,2026-05-13T21:10:05.774271+00:00
JPN,2020,MILITARY_EXPENDITURE,1.01676127140466,Japan,MS.MIL.XPND.GD.ZS,Military expenditure percentage GDP,percent,annual,none,world_bank,2026-05-13T21:10:05.774271+00:00
JPN,2021,MILITARY_EXPENDITURE,1.06384050244526,Japan,MS.MIL.XPND.GD.ZS,Military expenditure percentage GDP,percent,annual,none,world_bank,2026-05-13T21:10:05.774271+00:00
JPN,2022,MILITARY_EXPENDITURE,1.00994395391657,Japan,MS.MIL.XPND.GD.ZS,Military expenditure percentage GDP,percent,annual,none,world_bank,2026-05-13T21:10:05.774271+00:00
JPN,2023,MILITARY_EXPENDITURE,1.13954641785041,Japan,MS.MIL.XPND.GD.ZS,Military expenditure percentage GDP,percent,annual,none,world_bank,2026-05-13T21:10:05.774271+00:00
JPN,2024,MILITARY_EXPENDITURE,1.37139689580634,Japan,MS.MIL.XPND.GD.ZS,Military expenditure percentage GDP,percent,annual,none,world_bank,2026-05-13T21:10:05.774271+00:00
JPN,2025,MILITARY_EXPENDITURE,,Japan,MS.MIL.XPND.GD.ZS,Military expenditure percentage GDP,percent,annual,none,world_bank,2026-05-13T21:10:05.774271+00:00
JPN,1960,UNEMPLOYMENT,,Japan,SL.UEM.TOTL.ZS,Unemployment total percentage of labor force,percent,annual,none,world_bank,2026-05-13T21:10:02.761811+00:00
JPN,1961,UNEMPLOYMENT,,Japan,SL.UEM.TOTL.ZS,Unemployment total percentage of labor force,percent,annual,none,world_bank,2026-05-13T21:10:02.761811+00:00
JPN,1962,UNEMPLOYMENT,,Japan,SL.UEM.TOTL.ZS,Unemployment total percentage of labor force,percent,annual,none,world_bank,2026-05-13T21:10:02.761811+00:00
JPN,1963,UNEMPLOYMENT,,Japan,SL.UEM.TOTL.ZS,Unemployment total percentage of labor force,percent,annual,none,world_bank,2026-05-13T21:10:02.761811+00:00
JPN,1964,UNEMPLOYMENT,,Japan,SL.UEM.TOTL.ZS,Unemployment total percentage of labor force,percent,annual,none,world_bank,2026-05-13T21:10:02.761811+00:00
JPN,1965,UNEMPLOYMENT,,Japan,SL.UEM.TOTL.ZS,Unemployment total percentage of labor force,percent,annual,none,world_bank,2026-05-13T21:10:02.761811+00:00
JPN,1966,UNEMPLOYMENT,,Japan,SL.UEM.TOTL.ZS,Unemployment total percentage of labor force,percent,annual,none,world_bank,2026-05-13T21:10:02.761811+00:00
JPN,1967,UNEMPLOYMENT,,Japan,SL.UEM.TOTL.ZS,Unemployment total percentage of labor force,percent,annual,none,world_bank,2026-05-13T21:10:02.761811+00:00
JPN,1968,UNEMPLOYMENT,,Japan,SL.UEM.TOTL.ZS,Unemployment total percentage of labor force,percent,annual,none,world_bank,2026-05-13T21:10:02.761811+00:00
JPN,1969,UNEMPLOYMENT,,Japan,SL.UEM.TOTL.ZS,Unemployment total percentage of labor force,percent,annual,none,world_bank,2026-05-13T21:10:02.761811+00:00
JPN,1970,UNEMPLOYMENT,,Japan,SL.UEM.TOTL.ZS,Unemployment total percentage of labor force,percent,annual,none,world_bank,2026-05-13T21:10:02.761811+00:00
JPN,1971,UNEMPLOYMENT,,Japan,SL.UEM.TOTL.ZS,Unemployment total percentage of labor force,percent,annual,none,world_bank,2026-05-13T21:10:02.761811+00:00
JPN,1972,UNEMPLOYMENT,,Japan,SL.UEM.TOTL.ZS,Unemployment total percentage of labor force,percent,annual,none,world_bank,2026-05-13T21:10:02.761811+00:00
JPN,1973,UNEMPLOYMENT,,Japan,SL.UEM.TOTL.ZS,Unemployment total percentage of labor force,percent,annual,none,world_bank,2026-05-13T21:10:02.761811+00:00
JPN,1974,UNEMPLOYMENT,,Japan,SL.UEM.TOTL.ZS,Unemployment total percentage of labor force,percent,annual,none,world_bank,2026-05-13T21:10:02.761811+00:00
JPN,1975,UNEMPLOYMENT,,Japan,SL.UEM.TOTL.ZS,Unemployment total percentage of labor force,percent,annual,none,world_bank,2026-05-13T21:10:02.761811+00:00
JPN,1976,UNEMPLOYMENT,,Japan,SL.UEM.TOTL.ZS,Unemployment total percentage of labor force,percent,annual,none,world_bank,2026-05-13T21:10:02.761811+00:00
JPN,1977,UNEMPLOYMENT,,Japan,SL.UEM.TOTL.ZS,Unemployment total percentage of labor force,percent,annual,none,world_bank,2026-05-13T21:10:02.761811+00:00
JPN,1978,UNEMPLOYMENT,,Japan,SL.UEM.TOTL.ZS,Unemployment total percentage of labor force,percent,annual,none,world_bank,2026-05-13T21:10:02.761811+00:00
JPN,1979,UNEMPLOYMENT,,Japan,SL.UEM.TOTL.ZS,Unemployment total percentage of labor force,percent,annual,none,world_bank,2026-05-13T21:10:02.761811+00:00
JPN,1980,UNEMPLOYMENT,,Japan,SL.UEM.TOTL.ZS,Unemployment total percentage of labor force,percent,annual,none,world_bank,2026-05-13T21:10:02.761811+00:00
JPN,1981,UNEMPLOYMENT,,Japan,SL.UEM.TOTL.ZS,Unemployment total percentage of labor force,percent,annual,none,world_bank,2026-05-13T21:10:02.761811+00:00
JPN,1982,UNEMPLOYMENT,,Japan,SL.UEM.TOTL.ZS,Unemployment total percentage of labor force,percent,annual,none,world_bank,2026-05-13T21:10:02.761811+00:00
JPN,1983,UNEMPLOYMENT,,Japan,SL.UEM.TOTL.ZS,Unemployment total percentage of labor force,percent,annual,none,world_bank,2026-05-13T21:10:02.761811+00:00
JPN,1984,UNEMPLOYMENT,,Japan,SL.UEM.TOTL.ZS,Unemployment total percentage of labor force,percent,annual,none,world_bank,2026-05-13T21:10:02.761811+00:00
JPN,1985,UNEMPLOYMENT,,Japan,SL.UEM.TOTL.ZS,Unemployment total percentage of labor force,percent,annual,none,world_bank,2026-05-13T21:10:02.761811+00:00
JPN,1986,UNEMPLOYMENT,,Japan,SL.UEM.TOTL.ZS,Unemployment total percentage of labor force,percent,annual,none,world_bank,2026-05-13T21:10:02.761811+00:00
JPN,1987,UNEMPLOYMENT,,Japan,SL.UEM.TOTL.ZS,Unemployment total percentage of labor force,percent,annual,none,world_bank,2026-05-13T21:10:02.761811+00:00
JPN,1988,UNEMPLOYMENT,,Japan,SL.UEM.TOTL.ZS,Unemployment total percentage of labor force,percent,annual,none,world_bank,2026-05-13T21:10:02.761811+00:00
JPN,1989,UNEMPLOYMENT,,Japan,SL.UEM.TOTL.ZS,Unemployment total percentage of labor force,percent,annual,none,world_bank,2026-05-13T21:10:02.761811+00:00
JPN,1990,UNEMPLOYMENT,,Japan,SL.UEM.TOTL.ZS,Unemployment total percentage of labor force,percent,annual,none,world_bank,2026-05-13T21:10:02.761811+00:00
JPN,1991,UNEMPLOYMENT,2.059,Japan,SL.UEM.TOTL.ZS,Unemployment total percentage of labor force,percent,annual,none,world_bank,2026-05-13T21:10:02.761811+00:00
JPN,1992,UNEMPLOYMENT,2.158,Japan,SL.UEM.TOTL.ZS,Unemployment total percentage of labor force,percent,annual,none,world_bank,2026-05-13T21:10:02.761811+00:00
JPN,1993,UNEMPLOYMENT,2.539,Japan,SL.UEM.TOTL.ZS,Unemployment total percentage of labor force,percent,annual,none,world_bank,2026-05-13T21:10:02.761811+00:00
JPN,1994,UNEMPLOYMENT,2.89,Japan,SL.UEM.TOTL.ZS,Unemployment total percentage of labor force,percent,annual,none,world_bank,2026-05-13T21:10:02.761811+00:00
JPN,1995,UNEMPLOYMENT,3.15,Japan,SL.UEM.TOTL.ZS,Unemployment total percentage of labor force,percent,annual,none,world_bank,2026-05-13T21:10:02.761811+00:00
JPN,1996,UNEMPLOYMENT,3.383,Japan,SL.UEM.TOTL.ZS,Unemployment total percentage of labor force,percent,annual,none,world_bank,2026-05-13T21:10:02.761811+00:00
JPN,1997,UNEMPLOYMENT,3.374,Japan,SL.UEM.TOTL.ZS,Unemployment total percentage of labor force,percent,annual,none,world_bank,2026-05-13T21:10:02.761811+00:00
JPN,1998,UNEMPLOYMENT,4.078,Japan,SL.UEM.TOTL.ZS,Unemployment total percentage of labor force,percent,annual,none,world_bank,2026-05-13T21:10:02.761811+00:00
JPN,1999,UNEMPLOYMENT,4.677,Japan,SL.UEM.TOTL.ZS,Unemployment total percentage of labor force,percent,annual,none,world_bank,2026-05-13T21:10:02.761811+00:00
JPN,2000,UNEMPLOYMENT,4.748,Japan,SL.UEM.TOTL.ZS,Unemployment total percentage of labor force,percent,annual,none,world_bank,2026-05-13T21:10:02.761811+00:00
JPN,2001,UNEMPLOYMENT,5.02,Japan,SL.UEM.TOTL.ZS,Unemployment total percentage of labor force,percent,annual,none,world_bank,2026-05-13T21:10:02.761811+00:00
JPN,2002,UNEMPLOYMENT,5.386,Japan,SL.UEM.TOTL.ZS,Unemployment total percentage of labor force,percent,annual,none,world_bank,2026-05-13T21:10:02.761811+00:00
JPN,2003,UNEMPLOYMENT,5.251,Japan,SL.UEM.TOTL.ZS,Unemployment total percentage of labor force,percent,annual,none,world_bank,2026-05-13T21:10:02.761811+00:00
JPN,2004,UNEMPLOYMENT,4.734,Japan,SL.UEM.TOTL.ZS,Unemployment total percentage of labor force,percent,annual,none,world_bank,2026-05-13T21:10:02.761811+00:00
JPN,2005,UNEMPLOYMENT,4.446,Japan,SL.UEM.TOTL.ZS,Unemployment total percentage of labor force,percent,annual,none,world_bank,2026-05-13T21:10:02.761811+00:00
JPN,2006,UNEMPLOYMENT,4.192,Japan,SL.UEM.TOTL.ZS,Unemployment total percentage of labor force,percent,annual,none,world_bank,2026-05-13T21:10:02.761811+00:00
JPN,2007,UNEMPLOYMENT,3.888,Japan,SL.UEM.TOTL.ZS,Unemployment total percentage of labor force,percent,annual,none,world_bank,2026-05-13T21:10:02.761811+00:00
JPN,2008,UNEMPLOYMENT,4.002,Japan,SL.UEM.TOTL.ZS,Unemployment total percentage of labor force,percent,annual,none,world_bank,2026-05-13T21:10:02.761811+00:00
JPN,2009,UNEMPLOYMENT,5.068,Japan,SL.UEM.TOTL.ZS,Unemployment total percentage of labor force,percent,annual,none,world_bank,2026-05-13T21:10:02.761811+00:00
JPN,2010,UNEMPLOYMENT,5.102,Japan,SL.UEM.TOTL.ZS,Unemployment total percentage of labor force,percent,annual,none,world_bank,2026-05-13T21:10:02.761811+00:00
JPN,2011,UNEMPLOYMENT,4.55,Japan,SL.UEM.TOTL.ZS,Unemployment total percentage of labor force,percent,annual,none,world_bank,2026-05-13T21:10:02.761811+00:00
JPN,2012,UNEMPLOYMENT,4.358,Japan,SL.UEM.TOTL.ZS,Unemployment total percentage of labor force,percent,annual,none,world_bank,2026-05-13T21:10:02.761811+00:00
JPN,2013,UNEMPLOYMENT,4.038,Japan,SL.UEM.TOTL.ZS,Unemployment total percentage of labor force,percent,annual,none,world_bank,2026-05-13T21:10:02.761811+00:00
JPN,2014,UNEMPLOYMENT,3.589,Japan,SL.UEM.TOTL.ZS,Unemployment total percentage of labor force,percent,annual,none,world_bank,2026-05-13T21:10:02.761811+00:00
JPN,2015,UNEMPLOYMENT,3.385,Japan,SL.UEM.TOTL.ZS,Unemployment total percentage of labor force,percent,annual,none,world_bank,2026-05-13T21:10:02.761811+00:00
JPN,2016,UNEMPLOYMENT,3.132,Japan,SL.UEM.TOTL.ZS,Unemployment total percentage of labor force,percent,annual,none,world_bank,2026-05-13T21:10:02.761811+00:00
JPN,2017,UNEMPLOYMENT,2.822,Japan,SL.UEM.TOTL.ZS,Unemployment total percentage of labor force,percent,annual,none,world_bank,2026-05-13T21:10:02.761811+00:00
JPN,2018,UNEMPLOYMENT,2.467,Japan,SL.UEM.TOTL.ZS,Unemployment total percentage of labor force,percent,annual,none,world_bank,2026-05-13T21:10:02.761811+00:00
JPN,2019,UNEMPLOYMENT,2.351,Japan,SL.UEM.TOTL.ZS,Unemployment total percentage of labor force,percent,annual,none,world_bank,2026-05-13T21:10:02.761811+00:00
JPN,2020,UNEMPLOYMENT,2.809,Japan,SL.UEM.TOTL.ZS,Unemployment total percentage of labor force,percent,annual,none,world_bank,2026-05-13T21:10:02.761811+00:00
JPN,2021,UNEMPLOYMENT,2.808,Japan,SL.UEM.TOTL.ZS,Unemployment total percentage of labor force,percent,annual,none,world_bank,2026-05-13T21:10:02.761811+00:00
JPN,2022,UNEMPLOYMENT,2.614,Japan,SL.UEM.TOTL.ZS,Unemployment total percentage of labor force,percent,annual,none,world_bank,2026-05-13T21:10:02.761811+00:00
JPN,2023,UNEMPLOYMENT,2.6,Japan,SL.UEM.TOTL.ZS,Unemployment total percentage of labor force,percent,annual,none,world_bank,2026-05-13T21:10:02.761811+00:00
JPN,2024,UNEMPLOYMENT,2.5,Japan,SL.UEM.TOTL.ZS,Unemployment total percentage of labor force,percent,annual,none,world_bank,2026-05-13T21:10:02.761811+00:00
JPN,2025,UNEMPLOYMENT,2.451,Japan,SL.UEM.TOTL.ZS,Unemployment total percentage of labor force,percent,annual,none,world_bank,2026-05-13T21:10:02.761811+00:00
USA,1960,EXPORTS_PERCENT_GDP,,United States,NE.EXP.GNFS.ZS,Exports of goods and services percentage of GDP,percent,annual,none,world_bank,2026-05-13T21:08:38.769474+00:00
USA,1961,EXPORTS_PERCENT_GDP,,United States,NE.EXP.GNFS.ZS,Exports of goods and services percentage of GDP,percent,annual,none,world_bank,2026-05-13T21:08:38.769474+00:00
USA,1962,EXPORTS_PERCENT_GDP,,United States,NE.EXP.GNFS.ZS,Exports of goods and services percentage of GDP,percent,annual,none,world_bank,2026-05-13T21:08:38.769474+00:00
USA,1963,EXPORTS_PERCENT_GDP,,United States,NE.EXP.GNFS.ZS,Exports of goods and services percentage of GDP,percent,annual,none,world_bank,2026-05-13T21:08:38.769474+00:00
USA,1964,EXPORTS_PERCENT_GDP,,United States,NE.EXP.GNFS.ZS,Exports of goods and services percentage of GDP,percent,annual,none,world_bank,2026-05-13T21:08:38.769474+00:00
USA,1965,EXPORTS_PERCENT_GDP,,United States,NE.EXP.GNFS.ZS,Exports of goods and services percentage of GDP,percent,annual,none,world_bank,2026-05-13T21:08:38.769474+00:00
USA,1966,EXPORTS_PERCENT_GDP,,United States,NE.EXP.GNFS.ZS,Exports of goods and services percentage of GDP,percent,annual,none,world_bank,2026-05-13T21:08:38.769474+00:00
USA,1967,EXPORTS_PERCENT_GDP,,United States,NE.EXP.GNFS.ZS,Exports of goods and services percentage of GDP,percent,annual,none,world_bank,2026-05-13T21:08:38.769474+00:00
USA,1968,EXPORTS_PERCENT_GDP,,United States,NE.EXP.GNFS.ZS,Exports of goods and services percentage of GDP,percent,annual,none,world_bank,2026-05-13T21:08:38.769474+00:00
USA,1969,EXPORTS_PERCENT_GDP,,United States,NE.EXP.GNFS.ZS,Exports of goods and services percentage of GDP,percent,annual,none,world_bank,2026-05-13T21:08:38.769474+00:00
USA,1970,EXPORTS_PERCENT_GDP,5.56310752881526,United States,NE.EXP.GNFS.ZS,Exports of goods and services percentage of GDP,percent,annual,none,world_bank,2026-05-13T21:08:38.769474+00:00
USA,1971,EXPORTS_PERCENT_GDP,5.40524531055501,United States,NE.EXP.GNFS.ZS,Exports of goods and services percentage of GDP,percent,annual,none,world_bank,2026-05-13T21:08:38.769474+00:00
USA,1972,EXPORTS_PERCENT_GDP,5.53846033570217,United States,NE.EXP.GNFS.ZS,Exports of goods and services percentage of GDP,percent,annual,none,world_bank,2026-05-13T21:08:38.769474+00:00
USA,1973,EXPORTS_PERCENT_GDP,6.6837802797297,United States,NE.EXP.GNFS.ZS,Exports of goods and services percentage of GDP,percent,annual,none,world_bank,2026-05-13T21:08:38.769474+00:00
USA,1974,EXPORTS_PERCENT_GDP,8.19612190445127,United States,NE.EXP.GNFS.ZS,Exports of goods and services percentage of GDP,percent,annual,none,world_bank,2026-05-13T21:08:38.769474+00:00
USA,1975,EXPORTS_PERCENT_GDP,8.23227910907684,United States,NE.EXP.GNFS.ZS,Exports of goods and services percentage of GDP,percent,annual,none,world_bank,2026-05-13T21:08:38.769474+00:00
USA,1976,EXPORTS_PERCENT_GDP,7.9808926173207,United States,NE.EXP.GNFS.ZS,Exports of goods and services percentage of GDP,percent,annual,none,world_bank,2026-05-13T21:08:38.769474+00:00
USA,1977,EXPORTS_PERCENT_GDP,7.6542900319239,United States,NE.EXP.GNFS.ZS,Exports of goods and services percentage of GDP,percent,annual,none,world_bank,2026-05-13T21:08:38.769474+00:00
USA,1978,EXPORTS_PERCENT_GDP,7.947060702101,United States,NE.EXP.GNFS.ZS,Exports of goods and services percentage of GDP,percent,annual,none,world_bank,2026-05-13T21:08:38.769474+00:00
USA,1979,EXPORTS_PERCENT_GDP,8.75903435156488,United States,NE.EXP.GNFS.ZS,Exports of goods and services percentage of GDP,percent,annual,none,world_bank,2026-05-13T21:08:38.769474+00:00
USA,1980,EXPORTS_PERCENT_GDP,9.82645547013324,United States,NE.EXP.GNFS.ZS,Exports of goods and services percentage of GDP,percent,annual,none,world_bank,2026-05-13T21:08:38.769474+00:00
USA,1981,EXPORTS_PERCENT_GDP,9.51777666702733,United States,NE.EXP.GNFS.ZS,Exports of goods and services percentage of GDP,percent,annual,none,world_bank,2026-05-13T21:08:38.769474+00:00
USA,1982,EXPORTS_PERCENT_GDP,8.46973298853486,United States,NE.EXP.GNFS.ZS,Exports of goods and services percentage of GDP,percent,annual,none,world_bank,2026-05-13T21:08:38.769474+00:00
USA,1983,EXPORTS_PERCENT_GDP,7.62226481946529,United States,NE.EXP.GNFS.ZS,Exports of goods and services percentage of GDP,percent,annual,none,world_bank,2026-05-13T21:08:38.769474+00:00
USA,1984,EXPORTS_PERCENT_GDP,7.48907832424752,United States,NE.EXP.GNFS.ZS,Exports of goods and services percentage of GDP,percent,annual,none,world_bank,2026-05-13T21:08:38.769474+00:00
USA,1985,EXPORTS_PERCENT_GDP,6.98807253964585,United States,NE.EXP.GNFS.ZS,Exports of goods and services percentage of GDP,percent,annual,none,world_bank,2026-05-13T21:08:38.769474+00:00
USA,1986,EXPORTS_PERCENT_GDP,7.00925467575881,United States,NE.EXP.GNFS.ZS,Exports of goods and services percentage of GDP,percent,annual,none,world_bank,2026-05-13T21:08:38.769474+00:00
USA,1987,EXPORTS_PERCENT_GDP,7.49591933621889,United States,NE.EXP.GNFS.ZS,Exports of goods and services percentage of GDP,percent,annual,none,world_bank,2026-05-13T21:08:38.769474+00:00
USA,1988,EXPORTS_PERCENT_GDP,8.49052351999585,United States,NE.EXP.GNFS.ZS,Exports of goods and services percentage of GDP,percent,annual,none,world_bank,2026-05-13T21:08:38.769474+00:00
USA,1989,EXPORTS_PERCENT_GDP,8.93879019707245,United States,NE.EXP.GNFS.ZS,Exports of goods and services percentage of GDP,percent,annual,none,world_bank,2026-05-13T21:08:38.769474+00:00
USA,1990,EXPORTS_PERCENT_GDP,9.25473206751338,United States,NE.EXP.GNFS.ZS,Exports of goods and services percentage of GDP,percent,annual,none,world_bank,2026-05-13T21:08:38.769474+00:00
USA,1991,EXPORTS_PERCENT_GDP,9.66090512231881,United States,NE.EXP.GNFS.ZS,Exports of goods and services percentage of GDP,percent,annual,none,world_bank,2026-05-13T21:08:38.769474+00:00
USA,1992,EXPORTS_PERCENT_GDP,9.70891490564814,United States,NE.EXP.GNFS.ZS,Exports of goods and services percentage of GDP,percent,annual,none,world_bank,2026-05-13T21:08:38.769474+00:00
USA,1993,EXPORTS_PERCENT_GDP,9.54718039168286,United States,NE.EXP.GNFS.ZS,Exports of goods and services percentage of GDP,percent,annual,none,world_bank,2026-05-13T21:08:38.769474+00:00
USA,1994,EXPORTS_PERCENT_GDP,9.89314741556332,United States,NE.EXP.GNFS.ZS,Exports of goods and services percentage of GDP,percent,annual,none,world_bank,2026-05-13T21:08:38.769474+00:00
USA,1995,EXPORTS_PERCENT_GDP,10.639223880261,United States,NE.EXP.GNFS.ZS,Exports of goods and services percentage of GDP,percent,annual,none,world_bank,2026-05-13T21:08:38.769474+00:00
USA,1996,EXPORTS_PERCENT_GDP,10.7466355642836,United States,NE.EXP.GNFS.ZS,Exports of goods and services percentage of GDP,percent,annual,none,world_bank,2026-05-13T21:08:38.769474+00:00
USA,1997,EXPORTS_PERCENT_GDP,11.1197545265553,United States,NE.EXP.GNFS.ZS,Exports of goods and services percentage of GDP,percent,annual,none,world_bank,2026-05-13T21:08:38.769474+00:00
USA,1998,EXPORTS_PERCENT_GDP,10.5152611335588,United States,NE.EXP.GNFS.ZS,Exports of goods and services percentage of GDP,percent,annual,none,world_bank,2026-05-13T21:08:38.769474+00:00
USA,1999,EXPORTS_PERCENT_GDP,10.309334558667,United States,NE.EXP.GNFS.ZS,Exports of goods and services percentage of GDP,percent,annual,none,world_bank,2026-05-13T21:08:38.769474+00:00
USA,2000,EXPORTS_PERCENT_GDP,10.6927769053241,United States,NE.EXP.GNFS.ZS,Exports of goods and services percentage of GDP,percent,annual,none,world_bank,2026-05-13T21:08:38.769474+00:00
USA,2001,EXPORTS_PERCENT_GDP,9.70344749898923,United States,NE.EXP.GNFS.ZS,Exports of goods and services percentage of GDP,percent,annual,none,world_bank,2026-05-13T21:08:38.769474+00:00
USA,2002,EXPORTS_PERCENT_GDP,9.131381513844,United States,NE.EXP.GNFS.ZS,Exports of goods and services percentage of GDP,percent,annual,none,world_bank,2026-05-13T21:08:38.769474+00:00
USA,2003,EXPORTS_PERCENT_GDP,9.03565868264667,United States,NE.EXP.GNFS.ZS,Exports of goods and services percentage of GDP,percent,annual,none,world_bank,2026-05-13T21:08:38.769474+00:00
USA,2004,EXPORTS_PERCENT_GDP,9.62875008142275,United States,NE.EXP.GNFS.ZS,Exports of goods and services percentage of GDP,percent,annual,none,world_bank,2026-05-13T21:08:38.769474+00:00
USA,2005,EXPORTS_PERCENT_GDP,9.98205473154167,United States,NE.EXP.GNFS.ZS,Exports of goods and services percentage of GDP,percent,annual,none,world_bank,2026-05-13T21:08:38.769474+00:00
USA,2006,EXPORTS_PERCENT_GDP,10.641386468295,United States,NE.EXP.GNFS.ZS,Exports of goods and services percentage of GDP,percent,annual,none,world_bank,2026-05-13T21:08:38.769474+00:00
USA,2007,EXPORTS_PERCENT_GDP,11.4637901622698,United States,NE.EXP.GNFS.ZS,Exports of goods and services percentage of GDP,percent,annual,none,world_bank,2026-05-13T21:08:38.769474+00:00
USA,2008,EXPORTS_PERCENT_GDP,12.4258473646734,United States,NE.EXP.GNFS.ZS,Exports of goods and services percentage of GDP,percent,annual,none,world_bank,2026-05-13T21:08:38.769474+00:00
USA,2009,EXPORTS_PERCENT_GDP,10.9322206193664,United States,NE.EXP.GNFS.ZS,Exports of goods and services percentage of GDP,percent,annual,none,world_bank,2026-05-13T21:08:38.769474+00:00
USA,2010,EXPORTS_PERCENT_GDP,12.3413608086534,United States,NE.EXP.GNFS.ZS,Exports of goods and services percentage of GDP,percent,annual,none,world_bank,2026-05-13T21:08:38.769474+00:00
USA,2011,EXPORTS_PERCENT_GDP,13.5634671535102,United States,NE.EXP.GNFS.ZS,Exports of goods and services percentage of GDP,percent,annual,none,world_bank,2026-05-13T21:08:38.769474+00:00
USA,2012,EXPORTS_PERCENT_GDP,13.6440493967794,United States,NE.EXP.GNFS.ZS,Exports of goods and services percentage of GDP,percent,annual,none,world_bank,2026-05-13T21:08:38.769474+00:00
USA,2013,EXPORTS_PERCENT_GDP,13.5836612014366,United States,NE.EXP.GNFS.ZS,Exports of goods and services percentage of GDP,percent,annual,none,world_bank,2026-05-13T21:08:38.769474+00:00
USA,2014,EXPORTS_PERCENT_GDP,13.5524377198989,United States,NE.EXP.GNFS.ZS,Exports of goods and services percentage of GDP,percent,annual,none,world_bank,2026-05-13T21:08:38.769474+00:00
USA,2015,EXPORTS_PERCENT_GDP,12.4718192531032,United States,NE.EXP.GNFS.ZS,Exports of goods and services percentage of GDP,percent,annual,none,world_bank,2026-05-13T21:08:38.769474+00:00
USA,2016,EXPORTS_PERCENT_GDP,11.957982056879,United States,NE.EXP.GNFS.ZS,Exports of goods and services percentage of GDP,percent,annual,none,world_bank,2026-05-13T21:08:38.769474+00:00
USA,2017,EXPORTS_PERCENT_GDP,12.2617381180006,United States,NE.EXP.GNFS.ZS,Exports of goods and services percentage of GDP,percent,annual,none,world_bank,2026-05-13T21:08:38.769474+00:00
USA,2018,EXPORTS_PERCENT_GDP,12.3609892157496,United States,NE.EXP.GNFS.ZS,Exports of goods and services percentage of GDP,percent,annual,none,world_bank,2026-05-13T21:08:38.769474+00:00
USA,2019,EXPORTS_PERCENT_GDP,11.8768712235892,United States,NE.EXP.GNFS.ZS,Exports of goods and services percentage of GDP,percent,annual,none,world_bank,2026-05-13T21:08:38.769474+00:00
USA,2020,EXPORTS_PERCENT_GDP,10.2141055302392,United States,NE.EXP.GNFS.ZS,Exports of goods and services percentage of GDP,percent,annual,none,world_bank,2026-05-13T21:08:38.769474+00:00
USA,2021,EXPORTS_PERCENT_GDP,10.9604167715559,United States,NE.EXP.GNFS.ZS,Exports of goods and services percentage of GDP,percent,annual,none,world_bank,2026-05-13T21:08:38.769474+00:00
USA,2022,EXPORTS_PERCENT_GDP,11.7844046293243,United States,NE.EXP.GNFS.ZS,Exports of goods and services percentage of GDP,percent,annual,none,world_bank,2026-05-13T21:08:38.769474+00:00
USA,2023,EXPORTS_PERCENT_GDP,11.1844126402687,United States,NE.EXP.GNFS.ZS,Exports of goods and services percentage of GDP,percent,annual,none,world_bank,2026-05-13T21:08:38.769474+00:00
USA,2024,EXPORTS_PERCENT_GDP,11.1074566893674,United States,NE.EXP.GNFS.ZS,Exports of goods and services percentage of GDP,percent,annual,none,world_bank,2026-05-13T21:08:38.769474+00:00
USA,2025,EXPORTS_PERCENT_GDP,,United States,NE.EXP.GNFS.ZS,Exports of goods and services percentage of GDP,percent,annual,none,world_bank,2026-05-13T21:08:38.769474+00:00
USA,1960,FDI_NET_INFLOWS,,United States,BX.KLT.DINV.WD.GD.ZS,Foreign direct investment net inflows percentage GDP,percent,annual,none,world_bank,2026-05-13T21:08:39.576523+00:00
USA,1961,FDI_NET_INFLOWS,,United States,BX.KLT.DINV.WD.GD.ZS,Foreign direct investment net inflows percentage GDP,percent,annual,none,world_bank,2026-05-13T21:08:39.576523+00:00
USA,1962,FDI_NET_INFLOWS,,United States,BX.KLT.DINV.WD.GD.ZS,Foreign direct investment net inflows percentage GDP,percent,annual,none,world_bank,2026-05-13T21:08:39.576523+00:00
USA,1963,FDI_NET_INFLOWS,,United States,BX.KLT.DINV.WD.GD.ZS,Foreign direct investment net inflows percentage GDP,percent,annual,none,world_bank,2026-05-13T21:08:39.576523+00:00
USA,1964,FDI_NET_INFLOWS,,United States,BX.KLT.DINV.WD.GD.ZS,Foreign direct investment net inflows percentage GDP,percent,annual,none,world_bank,2026-05-13T21:08:39.576523+00:00
USA,1965,FDI_NET_INFLOWS,,United States,BX.KLT.DINV.WD.GD.ZS,Foreign direct investment net inflows percentage GDP,percent,annual,none,world_bank,2026-05-13T21:08:39.576523+00:00
USA,1966,FDI_NET_INFLOWS,,United States,BX.KLT.DINV.WD.GD.ZS,Foreign direct investment net inflows percentage GDP,percent,annual,none,world_bank,2026-05-13T21:08:39.576523+00:00
USA,1967,FDI_NET_INFLOWS,,United States,BX.KLT.DINV.WD.GD.ZS,Foreign direct investment net inflows percentage GDP,percent,annual,none,world_bank,2026-05-13T21:08:39.576523+00:00
USA,1968,FDI_NET_INFLOWS,,United States,BX.KLT.DINV.WD.GD.ZS,Foreign direct investment net inflows percentage GDP,percent,annual,none,world_bank,2026-05-13T21:08:39.576523+00:00
USA,1969,FDI_NET_INFLOWS,,United States,BX.KLT.DINV.WD.GD.ZS,Foreign direct investment net inflows percentage GDP,percent,annual,none,world_bank,2026-05-13T21:08:39.576523+00:00
USA,1970,FDI_NET_INFLOWS,0.113667808624405,United States,BX.KLT.DINV.WD.GD.ZS,Foreign direct investment net inflows percentage GDP,percent,annual,none,world_bank,2026-05-13T21:08:39.576523+00:00
USA,1971,FDI_NET_INFLOWS,0.0661029317079452,United States,BX.KLT.DINV.WD.GD.ZS,Foreign direct investment net inflows percentage GDP,percent,annual,none,world_bank,2026-05-13T21:08:39.576523+00:00
USA,1972,FDI_NET_INFLOWS,0.09928778603873,United States,BX.KLT.DINV.WD.GD.ZS,Foreign direct investment net inflows percentage GDP,percent,annual,none,world_bank,2026-05-13T21:08:39.576523+00:00
USA,1973,FDI_NET_INFLOWS,0.135402869137687,United States,BX.KLT.DINV.WD.GD.ZS,Foreign direct investment net inflows percentage GDP,percent,annual,none,world_bank,2026-05-13T21:08:39.576523+00:00
USA,1974,FDI_NET_INFLOWS,0.22909018193255,United States,BX.KLT.DINV.WD.GD.ZS,Foreign direct investment net inflows percentage GDP,percent,annual,none,world_bank,2026-05-13T21:08:39.576523+00:00
USA,1975,FDI_NET_INFLOWS,0.137099799157697,United States,BX.KLT.DINV.WD.GD.ZS,Foreign direct investment net inflows percentage GDP,percent,annual,none,world_bank,2026-05-13T21:08:39.576523+00:00
USA,1976,FDI_NET_INFLOWS,0.155331555472048,United States,BX.KLT.DINV.WD.GD.ZS,Foreign direct investment net inflows percentage GDP,percent,annual,none,world_bank,2026-05-13T21:08:39.576523+00:00
USA,1977,FDI_NET_INFLOWS,0.140261481987448,United States,BX.KLT.DINV.WD.GD.ZS,Foreign direct investment net inflows percentage GDP,percent,annual,none,world_bank,2026-05-13T21:08:39.576523+00:00
USA,1978,FDI_NET_INFLOWS,0.23388341294583,United States,BX.KLT.DINV.WD.GD.ZS,Foreign direct investment net inflows percentage GDP,percent,annual,none,world_bank,2026-05-13T21:08:39.576523+00:00
USA,1979,FDI_NET_INFLOWS,0.306394355036077,United States,BX.KLT.DINV.WD.GD.ZS,Foreign direct investment net inflows percentage GDP,percent,annual,none,world_bank,2026-05-13T21:08:39.576523+00:00
USA,1980,FDI_NET_INFLOWS,0.585866341978653,United States,BX.KLT.DINV.WD.GD.ZS,Foreign direct investment net inflows percentage GDP,percent,annual,none,world_bank,2026-05-13T21:08:39.576523+00:00
USA,1981,FDI_NET_INFLOWS,0.800738125892372,United States,BX.KLT.DINV.WD.GD.ZS,Foreign direct investment net inflows percentage GDP,percent,annual,none,world_bank,2026-05-13T21:08:39.576523+00:00
USA,1982,FDI_NET_INFLOWS,0.634908482562745,United States,BX.KLT.DINV.WD.GD.ZS,Foreign direct investment net inflows percentage GDP,percent,annual,none,world_bank,2026-05-13T21:08:39.576523+00:00
USA,1983,FDI_NET_INFLOWS,0.316452387124185,United States,BX.KLT.DINV.WD.GD.ZS,Foreign direct investment net inflows percentage GDP,percent,annual,none,world_bank,2026-05-13T21:08:39.576523+00:00
USA,1984,FDI_NET_INFLOWS,0.624874152128993,United States,BX.KLT.DINV.WD.GD.ZS,Foreign direct investment net inflows percentage GDP,percent,annual,none,world_bank,2026-05-13T21:08:39.576523+00:00
USA,1985,FDI_NET_INFLOWS,0.221941613453303,United States,BX.KLT.DINV.WD.GD.ZS,Foreign direct investment net inflows percentage GDP,percent,annual,none,world_bank,2026-05-13T21:08:39.576523+00:00
USA,1986,FDI_NET_INFLOWS,0.675731298001957,United States,BX.KLT.DINV.WD.GD.ZS,Foreign direct investment net inflows percentage GDP,percent,annual,none,world_bank,2026-05-13T21:08:39.576523+00:00
USA,1987,FDI_NET_INFLOWS,1.30241400226355,United States,BX.KLT.DINV.WD.GD.ZS,Foreign direct investment net inflows percentage GDP,percent,annual,none,world_bank,2026-05-13T21:08:39.576523+00:00
USA,1988,FDI_NET_INFLOWS,1.08680748249096,United States,BX.KLT.DINV.WD.GD.ZS,Foreign direct investment net inflows percentage GDP,percent,annual,none,world_bank,2026-05-13T21:08:39.576523+00:00
USA,1989,FDI_NET_INFLOWS,1.34324072334346,United States,BX.KLT.DINV.WD.GD.ZS,Foreign direct investment net inflows percentage GDP,percent,annual,none,world_bank,2026-05-13T21:08:39.576523+00:00
USA,1990,FDI_NET_INFLOWS,1.19450410722934,United States,BX.KLT.DINV.WD.GD.ZS,Foreign direct investment net inflows percentage GDP,percent,annual,none,world_bank,2026-05-13T21:08:39.576523+00:00
USA,1991,FDI_NET_INFLOWS,0.56104703230478,United States,BX.KLT.DINV.WD.GD.ZS,Foreign direct investment net inflows percentage GDP,percent,annual,none,world_bank,2026-05-13T21:08:39.576523+00:00
USA,1992,FDI_NET_INFLOWS,0.464853986617542,United States,BX.KLT.DINV.WD.GD.ZS,Foreign direct investment net inflows percentage GDP,percent,annual,none,world_bank,2026-05-13T21:08:39.576523+00:00
USA,1993,FDI_NET_INFLOWS,0.732369583756588,United States,BX.KLT.DINV.WD.GD.ZS,Foreign direct investment net inflows percentage GDP,percent,annual,none,world_bank,2026-05-13T21:08:39.576523+00:00
USA,1994,FDI_NET_INFLOWS,0.767643589421284,United States,BX.KLT.DINV.WD.GD.ZS,Foreign direct investment net inflows percentage GDP,percent,annual,none,world_bank,2026-05-13T21:08:39.576523+00:00
USA,1995,FDI_NET_INFLOWS,0.904218188320061,United States,BX.KLT.DINV.WD.GD.ZS,Foreign direct investment net inflows percentage GDP,percent,annual,none,world_bank,2026-05-13T21:08:39.576523+00:00
USA,1996,FDI_NET_INFLOWS,1.20969310261879,United States,BX.KLT.DINV.WD.GD.ZS,Foreign direct investment net inflows percentage GDP,percent,annual,none,world_bank,2026-05-13T21:08:39.576523+00:00
USA,1997,FDI_NET_INFLOWS,1.42406557267981,United States,BX.KLT.DINV.WD.GD.ZS,Foreign direct investment net inflows percentage GDP,percent,annual,none,world_bank,2026-05-13T21:08:39.576523+00:00
USA,1998,FDI_NET_INFLOWS,2.32984922894518,United States,BX.KLT.DINV.WD.GD.ZS,Foreign direct investment net inflows percentage GDP,percent,annual,none,world_bank,2026-05-13T21:08:39.576523+00:00
USA,1999,FDI_NET_INFLOWS,3.24414224201686,United States,BX.KLT.DINV.WD.GD.ZS,Foreign direct investment net inflows percentage GDP,percent,annual,none,world_bank,2026-05-13T21:08:39.576523+00:00
USA,2000,FDI_NET_INFLOWS,3.40578256861876,United States,BX.KLT.DINV.WD.GD.ZS,Foreign direct investment net inflows percentage GDP,percent,annual,none,world_bank,2026-05-13T21:08:39.576523+00:00
USA,2001,FDI_NET_INFLOWS,1.63009964802286,United States,BX.KLT.DINV.WD.GD.ZS,Foreign direct investment net inflows percentage GDP,percent,annual,none,world_bank,2026-05-13T21:08:39.576523+00:00
USA,2002,FDI_NET_INFLOWS,1.01613919132561,United States,BX.KLT.DINV.WD.GD.ZS,Foreign direct investment net inflows percentage GDP,percent,annual,none,world_bank,2026-05-13T21:08:39.576523+00:00
USA,2003,FDI_NET_INFLOWS,1.02218472001084,United States,BX.KLT.DINV.WD.GD.ZS,Foreign direct investment net inflows percentage GDP,percent,annual,none,world_bank,2026-05-13T21:08:39.576523+00:00
USA,2004,FDI_NET_INFLOWS,1.74869134454691,United States,BX.KLT.DINV.WD.GD.ZS,Foreign direct investment net inflows percentage GDP,percent,annual,none,world_bank,2026-05-13T21:08:39.576523+00:00
USA,2005,FDI_NET_INFLOWS,1.09166213272067,United States,BX.KLT.DINV.WD.GD.ZS,Foreign direct investment net inflows percentage GDP,percent,annual,none,world_bank,2026-05-13T21:08:39.576523+00:00
USA,2006,FDI_NET_INFLOWS,2.16033528740671,United States,BX.KLT.DINV.WD.GD.ZS,Foreign direct investment net inflows percentage GDP,percent,annual,none,world_bank,2026-05-13T21:08:39.576523+00:00
USA,2007,FDI_NET_INFLOWS,2.39469093772646,United States,BX.KLT.DINV.WD.GD.ZS,Foreign direct investment net inflows percentage GDP,percent,annual,none,world_bank,2026-05-13T21:08:39.576523+00:00
USA,2008,FDI_NET_INFLOWS,2.30937902080946,United States,BX.KLT.DINV.WD.GD.ZS,Foreign direct investment net inflows percentage GDP,percent,annual,none,world_bank,2026-05-13T21:08:39.576523+00:00
USA,2009,FDI_NET_INFLOWS,1.11260034220261,United States,BX.KLT.DINV.WD.GD.ZS,Foreign direct investment net inflows percentage GDP,percent,annual,none,world_bank,2026-05-13T21:08:39.576523+00:00
USA,2010,FDI_NET_INFLOWS,1.75453268550496,United States,BX.KLT.DINV.WD.GD.ZS,Foreign direct investment net inflows percentage GDP,percent,annual,none,world_bank,2026-05-13T21:08:39.576523+00:00
USA,2011,FDI_NET_INFLOWS,1.68911277121237,United States,BX.KLT.DINV.WD.GD.ZS,Foreign direct investment net inflows percentage GDP,percent,annual,none,world_bank,2026-05-13T21:08:39.576523+00:00
USA,2012,FDI_NET_INFLOWS,1.54020811932936,United States,BX.KLT.DINV.WD.GD.ZS,Foreign direct investment net inflows percentage GDP,percent,annual,none,world_bank,2026-05-13T21:08:39.576523+00:00
USA,2013,FDI_NET_INFLOWS,1.71066753395925,United States,BX.KLT.DINV.WD.GD.ZS,Foreign direct investment net inflows percentage GDP,percent,annual,none,world_bank,2026-05-13T21:08:39.576523+00:00
USA,2014,FDI_NET_INFLOWS,1.43502130688419,United States,BX.KLT.DINV.WD.GD.ZS,Foreign direct investment net inflows percentage GDP,percent,annual,none,world_bank,2026-05-13T21:08:39.576523+00:00
USA,2015,FDI_NET_INFLOWS,2.80914762910409,United States,BX.KLT.DINV.WD.GD.ZS,Foreign direct investment net inflows percentage GDP,percent,annual,none,world_bank,2026-05-13T21:08:39.576523+00:00
USA,2016,FDI_NET_INFLOWS,2.53749765919682,United States,BX.KLT.DINV.WD.GD.ZS,Foreign direct investment net inflows percentage GDP,percent,annual,none,world_bank,2026-05-13T21:08:39.576523+00:00
USA,2017,FDI_NET_INFLOWS,1.95521086285051,United States,BX.KLT.DINV.WD.GD.ZS,Foreign direct investment net inflows percentage GDP,percent,annual,none,world_bank,2026-05-13T21:08:39.576523+00:00
USA,2018,FDI_NET_INFLOWS,1.0457039920427,United States,BX.KLT.DINV.WD.GD.ZS,Foreign direct investment net inflows percentage GDP,percent,annual,none,world_bank,2026-05-13T21:08:39.576523+00:00
USA,2019,FDI_NET_INFLOWS,1.47787452846554,United States,BX.KLT.DINV.WD.GD.ZS,Foreign direct investment net inflows percentage GDP,percent,annual,none,world_bank,2026-05-13T21:08:39.576523+00:00
USA,2020,FDI_NET_INFLOWS,0.650821071352324,United States,BX.KLT.DINV.WD.GD.ZS,Foreign direct investment net inflows percentage GDP,percent,annual,none,world_bank,2026-05-13T21:08:39.576523+00:00
USA,2021,FDI_NET_INFLOWS,2.04998648308338,United States,BX.KLT.DINV.WD.GD.ZS,Foreign direct investment net inflows percentage GDP,percent,annual,none,world_bank,2026-05-13T21:08:39.576523+00:00
USA,2022,FDI_NET_INFLOWS,1.62816817042838,United States,BX.KLT.DINV.WD.GD.ZS,Foreign direct investment net inflows percentage GDP,percent,annual,none,world_bank,2026-05-13T21:08:39.576523+00:00
USA,2023,FDI_NET_INFLOWS,1.32618252590589,United States,BX.KLT.DINV.WD.GD.ZS,Foreign direct investment net inflows percentage GDP,percent,annual,none,world_bank,2026-05-13T21:08:39.576523+00:00
USA,2024,FDI_NET_INFLOWS,1.03321085618604,United States,BX.KLT.DINV.WD.GD.ZS,Foreign direct investment net inflows percentage GDP,percent,annual,none,world_bank,2026-05-13T21:08:39.576523+00:00
USA,2025,FDI_NET_INFLOWS,,United States,BX.KLT.DINV.WD.GD.ZS,Foreign direct investment net inflows percentage GDP,percent,annual,none,world_bank,2026-05-13T21:08:39.576523+00:00
USA,1960,GDP_GROWTH,,United States,NY.GDP.MKTP.KD.ZG,GDP growth annual percentage,percent,annual,none,world_bank,2026-05-13T21:08:38.019295+00:00
USA,1961,GDP_GROWTH,2.29999999999977,United States,NY.GDP.MKTP.KD.ZG,GDP growth annual percentage,percent,annual,none,world_bank,2026-05-13T21:08:38.019295+00:00
USA,1962,GDP_GROWTH,6.10000000000011,United States,NY.GDP.MKTP.KD.ZG,GDP growth annual percentage,percent,annual,none,world_bank,2026-05-13T21:08:38.019295+00:00
USA,1963,GDP_GROWTH,4.39999999999982,United States,NY.GDP.MKTP.KD.ZG,GDP growth annual percentage,percent,annual,none,world_bank,2026-05-13T21:08:38.019295+00:00
USA,1964,GDP_GROWTH,5.8000000000003,United States,NY.GDP.MKTP.KD.ZG,GDP growth annual percentage,percent,annual,none,world_bank,2026-05-13T21:08:38.019295+00:00
USA,1965,GDP_GROWTH,6.39999999999981,United States,NY.GDP.MKTP.KD.ZG,GDP growth annual percentage,percent,annual,none,world_bank,2026-05-13T21:08:38.019295+00:00
USA,1966,GDP_GROWTH,6.50000000000021,United States,NY.GDP.MKTP.KD.ZG,GDP growth annual percentage,percent,annual,none,world_bank,2026-05-13T21:08:38.019295+00:00
USA,1967,GDP_GROWTH,2.49999999999999,United States,NY.GDP.MKTP.KD.ZG,GDP growth annual percentage,percent,annual,none,world_bank,2026-05-13T21:08:38.019295+00:00
USA,1968,GDP_GROWTH,4.7999999999997,United States,NY.GDP.MKTP.KD.ZG,GDP growth annual percentage,percent,annual,none,world_bank,2026-05-13T21:08:38.019295+00:00
USA,1969,GDP_GROWTH,3.09999999999999,United States,NY.GDP.MKTP.KD.ZG,GDP growth annual percentage,percent,annual,none,world_bank,2026-05-13T21:08:38.019295+00:00
USA,1970,GDP_GROWTH,0.216606498194878,United States,NY.GDP.MKTP.KD.ZG,GDP growth annual percentage,percent,annual,none,world_bank,2026-05-13T21:08:38.019295+00:00
USA,1971,GDP_GROWTH,3.29272245005524,United States,NY.GDP.MKTP.KD.ZG,GDP growth annual percentage,percent,annual,none,world_bank,2026-05-13T21:08:38.019295+00:00
USA,1972,GDP_GROWTH,5.25550195781351,United States,NY.GDP.MKTP.KD.ZG,GDP growth annual percentage,percent,annual,none,world_bank,2026-05-13T21:08:38.019295+00:00
USA,1973,GDP_GROWTH,5.64567976314829,United States,NY.GDP.MKTP.KD.ZG,GDP growth annual percentage,percent,annual,none,world_bank,2026-05-13T21:08:38.019295+00:00
USA,1974,GDP_GROWTH,-0.540550192633191,United States,NY.GDP.MKTP.KD.ZG,GDP growth annual percentage,percent,annual,none,world_bank,2026-05-13T21:08:38.019295+00:00
USA,1975,GDP_GROWTH,-0.205619191121627,United States,NY.GDP.MKTP.KD.ZG,GDP growth annual percentage,percent,annual,none,world_bank,2026-05-13T21:08:38.019295+00:00
USA,1976,GDP_GROWTH,5.38803391770217,United States,NY.GDP.MKTP.KD.ZG,GDP growth annual percentage,percent,annual,none,world_bank,2026-05-13T21:08:38.019295+00:00
USA,1977,GDP_GROWTH,4.62418650601657,United States,NY.GDP.MKTP.KD.ZG,GDP growth annual percentage,percent,annual,none,world_bank,2026-05-13T21:08:38.019295+00:00
USA,1978,GDP_GROWTH,5.53520648243719,United States,NY.GDP.MKTP.KD.ZG,GDP growth annual percentage,percent,annual,none,world_bank,2026-05-13T21:08:38.019295+00:00
USA,1979,GDP_GROWTH,3.16598821816159,United States,NY.GDP.MKTP.KD.ZG,GDP growth annual percentage,percent,annual,none,world_bank,2026-05-13T21:08:38.019295+00:00
USA,1980,GDP_GROWTH,-0.256775731395592,United States,NY.GDP.MKTP.KD.ZG,GDP growth annual percentage,percent,annual,none,world_bank,2026-05-13T21:08:38.019295+00:00
USA,1981,GDP_GROWTH,2.53770126828974,United States,NY.GDP.MKTP.KD.ZG,GDP growth annual percentage,percent,annual,none,world_bank,2026-05-13T21:08:38.019295+00:00
USA,1982,GDP_GROWTH,-1.80301378934359,United States,NY.GDP.MKTP.KD.ZG,GDP growth annual percentage,percent,annual,none,world_bank,2026-05-13T21:08:38.019295+00:00
USA,1983,GDP_GROWTH,4.58379098362749,United States,NY.GDP.MKTP.KD.ZG,GDP growth annual percentage,percent,annual,none,world_bank,2026-05-13T21:08:38.019295+00:00
USA,1984,GDP_GROWTH,7.23645316474058,United States,NY.GDP.MKTP.KD.ZG,GDP growth annual percentage,percent,annual,none,world_bank,2026-05-13T21:08:38.019295+00:00
USA,1985,GDP_GROWTH,4.16957534699196,United States,NY.GDP.MKTP.KD.ZG,GDP growth annual percentage,percent,annual,none,world_bank,2026-05-13T21:08:38.019295+00:00
USA,1986,GDP_GROWTH,3.46265505694664,United States,NY.GDP.MKTP.KD.ZG,GDP growth annual percentage,percent,annual,none,world_bank,2026-05-13T21:08:38.019295+00:00
USA,1987,GDP_GROWTH,3.45462966856461,United States,NY.GDP.MKTP.KD.ZG,GDP growth annual percentage,percent,annual,none,world_bank,2026-05-13T21:08:38.019295+00:00
USA,1988,GDP_GROWTH,4.1769823865164,United States,NY.GDP.MKTP.KD.ZG,GDP growth annual percentage,percent,annual,none,world_bank,2026-05-13T21:08:38.019295+00:00
USA,1989,GDP_GROWTH,3.67223784383981,United States,NY.GDP.MKTP.KD.ZG,GDP growth annual percentage,percent,annual,none,world_bank,2026-05-13T21:08:38.019295+00:00
USA,1990,GDP_GROWTH,1.88596558187626,United States,NY.GDP.MKTP.KD.ZG,GDP growth annual percentage,percent,annual,none,world_bank,2026-05-13T21:08:38.019295+00:00
USA,1991,GDP_GROWTH,-0.108312882368935,United States,NY.GDP.MKTP.KD.ZG,GDP growth annual percentage,percent,annual,none,world_bank,2026-05-13T21:08:38.019295+00:00
USA,1992,GDP_GROWTH,3.52249717301392,United States,NY.GDP.MKTP.KD.ZG,GDP growth annual percentage,percent,annual,none,world_bank,2026-05-13T21:08:38.019295+00:00
USA,1993,GDP_GROWTH,2.75179586709815,United States,NY.GDP.MKTP.KD.ZG,GDP growth annual percentage,percent,annual,none,world_bank,2026-05-13T21:08:38.019295+00:00
USA,1994,GDP_GROWTH,4.02902272983438,United States,NY.GDP.MKTP.KD.ZG,GDP growth annual percentage,percent,annual,none,world_bank,2026-05-13T21:08:38.019295+00:00
USA,1995,GDP_GROWTH,2.6844307317787,United States,NY.GDP.MKTP.KD.ZG,GDP growth annual percentage,percent,annual,none,world_bank,2026-05-13T21:08:38.019295+00:00
USA,1996,GDP_GROWTH,3.77277269119453,United States,NY.GDP.MKTP.KD.ZG,GDP growth annual percentage,percent,annual,none,world_bank,2026-05-13T21:08:38.019295+00:00
USA,1997,GDP_GROWTH,4.44712793566428,United States,NY.GDP.MKTP.KD.ZG,GDP growth annual percentage,percent,annual,none,world_bank,2026-05-13T21:08:38.019295+00:00
USA,1998,GDP_GROWTH,4.48313335374613,United States,NY.GDP.MKTP.KD.ZG,GDP growth annual percentage,percent,annual,none,world_bank,2026-05-13T21:08:38.019295+00:00
USA,1999,GDP_GROWTH,4.78842504725272,United States,NY.GDP.MKTP.KD.ZG,GDP growth annual percentage,percent,annual,none,world_bank,2026-05-13T21:08:38.019295+00:00
USA,2000,GDP_GROWTH,4.07758575682804,United States,NY.GDP.MKTP.KD.ZG,GDP growth annual percentage,percent,annual,none,world_bank,2026-05-13T21:08:38.019295+00:00
USA,2001,GDP_GROWTH,0.955538348341605,United States,NY.GDP.MKTP.KD.ZG,GDP growth annual percentage,percent,annual,none,world_bank,2026-05-13T21:08:38.019295+00:00
USA,2002,GDP_GROWTH,1.70044732643726,United States,NY.GDP.MKTP.KD.ZG,GDP growth annual percentage,percent,annual,none,world_bank,2026-05-13T21:08:38.019295+00:00
USA,2003,GDP_GROWTH,2.79560596320081,United States,NY.GDP.MKTP.KD.ZG,GDP growth annual percentage,percent,annual,none,world_bank,2026-05-13T21:08:38.019295+00:00
USA,2004,GDP_GROWTH,3.84777169556921,United States,NY.GDP.MKTP.KD.ZG,GDP growth annual percentage,percent,annual,none,world_bank,2026-05-13T21:08:38.019295+00:00
USA,2005,GDP_GROWTH,3.48354993555606,United States,NY.GDP.MKTP.KD.ZG,GDP growth annual percentage,percent,annual,none,world_bank,2026-05-13T21:08:38.019295+00:00
USA,2006,GDP_GROWTH,2.78453963650701,United States,NY.GDP.MKTP.KD.ZG,GDP growth annual percentage,percent,annual,none,world_bank,2026-05-13T21:08:38.019295+00:00
USA,2007,GDP_GROWTH,2.00385829784946,United States,NY.GDP.MKTP.KD.ZG,GDP growth annual percentage,percent,annual,none,world_bank,2026-05-13T21:08:38.019295+00:00
USA,2008,GDP_GROWTH,0.113587249881704,United States,NY.GDP.MKTP.KD.ZG,GDP growth annual percentage,percent,annual,none,world_bank,2026-05-13T21:08:38.019295+00:00
USA,2009,GDP_GROWTH,-2.57650022958367,United States,NY.GDP.MKTP.KD.ZG,GDP growth annual percentage,percent,annual,none,world_bank,2026-05-13T21:08:38.019295+00:00
USA,2010,GDP_GROWTH,2.69519257744442,United States,NY.GDP.MKTP.KD.ZG,GDP growth annual percentage,percent,annual,none,world_bank,2026-05-13T21:08:38.019295+00:00
USA,2011,GDP_GROWTH,1.56440685763506,United States,NY.GDP.MKTP.KD.ZG,GDP growth annual percentage,percent,annual,none,world_bank,2026-05-13T21:08:38.019295+00:00
USA,2012,GDP_GROWTH,2.28911338669843,United States,NY.GDP.MKTP.KD.ZG,GDP growth annual percentage,percent,annual,none,world_bank,2026-05-13T21:08:38.019295+00:00
USA,2013,GDP_GROWTH,2.11783009790057,United States,NY.GDP.MKTP.KD.ZG,GDP growth annual percentage,percent,annual,none,world_bank,2026-05-13T21:08:38.019295+00:00
USA,2014,GDP_GROWTH,2.52381981363968,United States,NY.GDP.MKTP.KD.ZG,GDP growth annual percentage,percent,annual,none,world_bank,2026-05-13T21:08:38.019295+00:00
USA,2015,GDP_GROWTH,2.94555045484053,United States,NY.GDP.MKTP.KD.ZG,GDP growth annual percentage,percent,annual,none,world_bank,2026-05-13T21:08:38.019295+00:00
USA,2016,GDP_GROWTH,1.81945147788167,United States,NY.GDP.MKTP.KD.ZG,GDP growth annual percentage,percent,annual,none,world_bank,2026-05-13T21:08:38.019295+00:00
USA,2017,GDP_GROWTH,2.45762229852507,United States,NY.GDP.MKTP.KD.ZG,GDP growth annual percentage,percent,annual,none,world_bank,2026-05-13T21:08:38.019295+00:00
USA,2018,GDP_GROWTH,2.96650506901305,United States,NY.GDP.MKTP.KD.ZG,GDP growth annual percentage,percent,annual,none,world_bank,2026-05-13T21:08:38.019295+00:00
USA,2019,GDP_GROWTH,2.58382533412825,United States,NY.GDP.MKTP.KD.ZG,GDP growth annual percentage,percent,annual,none,world_bank,2026-05-13T21:08:38.019295+00:00
USA,2020,GDP_GROWTH,-2.16302914036166,United States,NY.GDP.MKTP.KD.ZG,GDP growth annual percentage,percent,annual,none,world_bank,2026-05-13T21:08:38.019295+00:00
USA,2021,GDP_GROWTH,6.05505293244555,United States,NY.GDP.MKTP.KD.ZG,GDP growth annual percentage,percent,annual,none,world_bank,2026-05-13T21:08:38.019295+00:00
USA,2022,GDP_GROWTH,2.51237531986017,United States,NY.GDP.MKTP.KD.ZG,GDP growth annual percentage,percent,annual,none,world_bank,2026-05-13T21:08:38.019295+00:00
USA,2023,GDP_GROWTH,2.88755600749487,United States,NY.GDP.MKTP.KD.ZG,GDP growth annual percentage,percent,annual,none,world_bank,2026-05-13T21:08:38.019295+00:00
USA,2024,GDP_GROWTH,2.79300127716779,United States,NY.GDP.MKTP.KD.ZG,GDP growth annual percentage,percent,annual,none,world_bank,2026-05-13T21:08:38.019295+00:00
USA,2025,GDP_GROWTH,,United States,NY.GDP.MKTP.KD.ZG,GDP growth annual percentage,percent,annual,none,world_bank,2026-05-13T21:08:38.019295+00:00
USA,1960,GDP_PER_CAPITA,2999.86487154495,United States,NY.GDP.PCAP.CD,GDP per capita current USD,USD,annual,log,world_bank,2026-05-13T21:08:38.294594+00:00
USA,1961,GDP_PER_CAPITA,3059.16082086127,United States,NY.GDP.PCAP.CD,GDP per capita current USD,USD,annual,log,world_bank,2026-05-13T21:08:38.294594+00:00
USA,1962,GDP_PER_CAPITA,3236.01311150062,United States,NY.GDP.PCAP.CD,GDP per capita current USD,USD,annual,log,world_bank,2026-05-13T21:08:38.294594+00:00
USA,1963,GDP_PER_CAPITA,3366.36978960346,United States,NY.GDP.PCAP.CD,GDP per capita current USD,USD,annual,log,world_bank,2026-05-13T21:08:38.294594+00:00
USA,1964,GDP_PER_CAPITA,3565.31443016356,United States,NY.GDP.PCAP.CD,GDP per capita current USD,USD,annual,log,world_bank,2026-05-13T21:08:38.294594+00:00
USA,1965,GDP_PER_CAPITA,3818.28825117968,United States,NY.GDP.PCAP.CD,GDP per capita current USD,USD,annual,log,world_bank,2026-05-13T21:08:38.294594+00:00
USA,1966,GDP_PER_CAPITA,4136.30829579106,United States,NY.GDP.PCAP.CD,GDP per capita current USD,USD,annual,log,world_bank,2026-05-13T21:08:38.294594+00:00
USA,1967,GDP_PER_CAPITA,4325.95935063186,United States,NY.GDP.PCAP.CD,GDP per capita current USD,USD,annual,log,world_bank,2026-05-13T21:08:38.294594+00:00
USA,1968,GDP_PER_CAPITA,4684.58840293763,United States,NY.GDP.PCAP.CD,GDP per capita current USD,USD,annual,log,world_bank,2026-05-13T21:08:38.294594+00:00
USA,1969,GDP_PER_CAPITA,5019.99818634473,United States,NY.GDP.PCAP.CD,GDP per capita current USD,USD,annual,log,world_bank,2026-05-13T21:08:38.294594+00:00
USA,1970,GDP_PER_CAPITA,5234.2966662115,United States,NY.GDP.PCAP.CD,GDP per capita current USD,USD,annual,log,world_bank,2026-05-13T21:08:38.294594+00:00
USA,1971,GDP_PER_CAPITA,5609.38259952519,United States,NY.GDP.PCAP.CD,GDP per capita current USD,USD,annual,log,world_bank,2026-05-13T21:08:38.294594+00:00
USA,1972,GDP_PER_CAPITA,6094.01798986165,United States,NY.GDP.PCAP.CD,GDP per capita current USD,USD,annual,log,world_bank,2026-05-13T21:08:38.294594+00:00
USA,1973,GDP_PER_CAPITA,6726.35895596695,United States,NY.GDP.PCAP.CD,GDP per capita current USD,USD,annual,log,world_bank,2026-05-13T21:08:38.294594+00:00
USA,1974,GDP_PER_CAPITA,7225.69135952566,United States,NY.GDP.PCAP.CD,GDP per capita current USD,USD,annual,log,world_bank,2026-05-13T21:08:38.294594+00:00
USA,1975,GDP_PER_CAPITA,7801.45666356443,United States,NY.GDP.PCAP.CD,GDP per capita current USD,USD,annual,log,world_bank,2026-05-13T21:08:38.294594+00:00
USA,1976,GDP_PER_CAPITA,8592.25353727612,United States,NY.GDP.PCAP.CD,GDP per capita current USD,USD,annual,log,world_bank,2026-05-13T21:08:38.294594+00:00
USA,1977,GDP_PER_CAPITA,9452.57651914511,United States,NY.GDP.PCAP.CD,GDP per capita current USD,USD,annual,log,world_bank,2026-05-13T21:08:38.294594+00:00
USA,1978,GDP_PER_CAPITA,10564.9482220275,United States,NY.GDP.PCAP.CD,GDP per capita current USD,USD,annual,log,world_bank,2026-05-13T21:08:38.294594+00:00
USA,1979,GDP_PER_CAPITA,11674.1818666548,United States,NY.GDP.PCAP.CD,GDP per capita current USD,USD,annual,log,world_bank,2026-05-13T21:08:38.294594+00:00
USA,1980,GDP_PER_CAPITA,12574.7915062163,United States,NY.GDP.PCAP.CD,GDP per capita current USD,USD,annual,log,world_bank,2026-05-13T21:08:38.294594+00:00
USA,1981,GDP_PER_CAPITA,13976.10539252,United States,NY.GDP.PCAP.CD,GDP per capita current USD,USD,annual,log,world_bank,2026-05-13T21:08:38.294594+00:00
USA,1982,GDP_PER_CAPITA,14433.787727053,United States,NY.GDP.PCAP.CD,GDP per capita current USD,USD,annual,log,world_bank,2026-05-13T21:08:38.294594+00:00
USA,1983,GDP_PER_CAPITA,15543.8937174925,United States,NY.GDP.PCAP.CD,GDP per capita current USD,USD,annual,log,world_bank,2026-05-13T21:08:38.294594+00:00
USA,1984,GDP_PER_CAPITA,17121.2254849995,United States,NY.GDP.PCAP.CD,GDP per capita current USD,USD,annual,log,world_bank,2026-05-13T21:08:38.294594+00:00
USA,1985,GDP_PER_CAPITA,18236.8277265009,United States,NY.GDP.PCAP.CD,GDP per capita current USD,USD,annual,log,world_bank,2026-05-13T21:08:38.294594+00:00
USA,1986,GDP_PER_CAPITA,19071.2271949295,United States,NY.GDP.PCAP.CD,GDP per capita current USD,USD,annual,log,world_bank,2026-05-13T21:08:38.294594+00:00
USA,1987,GDP_PER_CAPITA,20038.9410992658,United States,NY.GDP.PCAP.CD,GDP per capita current USD,USD,annual,log,world_bank,2026-05-13T21:08:38.294594+00:00
USA,1988,GDP_PER_CAPITA,21417.0119305191,United States,NY.GDP.PCAP.CD,GDP per capita current USD,USD,annual,log,world_bank,2026-05-13T21:08:38.294594+00:00
USA,1989,GDP_PER_CAPITA,22857.1544330056,United States,NY.GDP.PCAP.CD,GDP per capita current USD,USD,annual,log,world_bank,2026-05-13T21:08:38.294594+00:00
USA,1990,GDP_PER_CAPITA,23888.6000088133,United States,NY.GDP.PCAP.CD,GDP per capita current USD,USD,annual,log,world_bank,2026-05-13T21:08:38.294594+00:00
USA,1991,GDP_PER_CAPITA,24342.2589048189,United States,NY.GDP.PCAP.CD,GDP per capita current USD,USD,annual,log,world_bank,2026-05-13T21:08:38.294594+00:00
USA,1992,GDP_PER_CAPITA,25418.9907763319,United States,NY.GDP.PCAP.CD,GDP per capita current USD,USD,annual,log,world_bank,2026-05-13T21:08:38.294594+00:00
USA,1993,GDP_PER_CAPITA,26387.2937338171,United States,NY.GDP.PCAP.CD,GDP per capita current USD,USD,annual,log,world_bank,2026-05-13T21:08:38.294594+00:00
USA,1994,GDP_PER_CAPITA,27694.853416234,United States,NY.GDP.PCAP.CD,GDP per capita current USD,USD,annual,log,world_bank,2026-05-13T21:08:38.294594+00:00
USA,1995,GDP_PER_CAPITA,28690.8757013347,United States,NY.GDP.PCAP.CD,GDP per capita current USD,USD,annual,log,world_bank,2026-05-13T21:08:38.294594+00:00
USA,1996,GDP_PER_CAPITA,29967.7127181749,United States,NY.GDP.PCAP.CD,GDP per capita current USD,USD,annual,log,world_bank,2026-05-13T21:08:38.294594+00:00
USA,1997,GDP_PER_CAPITA,31459.1389804773,United States,NY.GDP.PCAP.CD,GDP per capita current USD,USD,annual,log,world_bank,2026-05-13T21:08:38.294594+00:00
USA,1998,GDP_PER_CAPITA,32853.6769523009,United States,NY.GDP.PCAP.CD,GDP per capita current USD,USD,annual,log,world_bank,2026-05-13T21:08:38.294594+00:00
USA,1999,GDP_PER_CAPITA,34515.3902272076,United States,NY.GDP.PCAP.CD,GDP per capita current USD,USD,annual,log,world_bank,2026-05-13T21:08:38.294594+00:00
USA,2000,GDP_PER_CAPITA,36329.9560727102,United States,NY.GDP.PCAP.CD,GDP per capita current USD,USD,annual,log,world_bank,2026-05-13T21:08:38.294594+00:00
USA,2001,GDP_PER_CAPITA,37133.623113437,United States,NY.GDP.PCAP.CD,GDP per capita current USD,USD,annual,log,world_bank,2026-05-13T21:08:38.294594+00:00
USA,2002,GDP_PER_CAPITA,37997.7596573051,United States,NY.GDP.PCAP.CD,GDP per capita current USD,USD,annual,log,world_bank,2026-05-13T21:08:38.294594+00:00
USA,2003,GDP_PER_CAPITA,39490.2749557007,United States,NY.GDP.PCAP.CD,GDP per capita current USD,USD,annual,log,world_bank,2026-05-13T21:08:38.294594+00:00
USA,2004,GDP_PER_CAPITA,41724.6316287624,United States,NY.GDP.PCAP.CD,GDP per capita current USD,USD,annual,log,world_bank,2026-05-13T21:08:38.294594+00:00
USA,2005,GDP_PER_CAPITA,44123.4070679055,United States,NY.GDP.PCAP.CD,GDP per capita current USD,USD,annual,log,world_bank,2026-05-13T21:08:38.294594+00:00
USA,2006,GDP_PER_CAPITA,46302.0008800056,United States,NY.GDP.PCAP.CD,GDP per capita current USD,USD,annual,log,world_bank,2026-05-13T21:08:38.294594+00:00
USA,2007,GDP_PER_CAPITA,48050.2237771135,United States,NY.GDP.PCAP.CD,GDP per capita current USD,USD,annual,log,world_bank,2026-05-13T21:08:38.294594+00:00
USA,2008,GDP_PER_CAPITA,48570.0459804586,United States,NY.GDP.PCAP.CD,GDP per capita current USD,USD,annual,log,world_bank,2026-05-13T21:08:38.294594+00:00
USA,2009,GDP_PER_CAPITA,47194.9433547336,United States,NY.GDP.PCAP.CD,GDP per capita current USD,USD,annual,log,world_bank,2026-05-13T21:08:38.294594+00:00
USA,2010,GDP_PER_CAPITA,48642.6100179312,United States,NY.GDP.PCAP.CD,GDP per capita current USD,USD,annual,log,world_bank,2026-05-13T21:08:38.294594+00:00
USA,2011,GDP_PER_CAPITA,50024.868799398,United States,NY.GDP.PCAP.CD,GDP per capita current USD,USD,annual,log,world_bank,2026-05-13T21:08:38.294594+00:00
USA,2012,GDP_PER_CAPITA,51708.4011556577,United States,NY.GDP.PCAP.CD,GDP per capita current USD,USD,annual,log,world_bank,2026-05-13T21:08:38.294594+00:00
USA,2013,GDP_PER_CAPITA,53179.0127634561,United States,NY.GDP.PCAP.CD,GDP per capita current USD,USD,annual,log,world_bank,2026-05-13T21:08:38.294594+00:00
USA,2014,GDP_PER_CAPITA,54973.4207515712,United States,NY.GDP.PCAP.CD,GDP per capita current USD,USD,annual,log,world_bank,2026-05-13T21:08:38.294594+00:00
USA,2015,GDP_PER_CAPITA,56572.9188996063,United States,NY.GDP.PCAP.CD,GDP per capita current USD,USD,annual,log,world_bank,2026-05-13T21:08:38.294594+00:00
USA,2016,GDP_PER_CAPITA,57638.1018367192,United States,NY.GDP.PCAP.CD,GDP per capita current USD,USD,annual,log,world_bank,2026-05-13T21:08:38.294594+00:00
USA,2017,GDP_PER_CAPITA,59635.0984397965,United States,NY.GDP.PCAP.CD,GDP per capita current USD,USD,annual,log,world_bank,2026-05-13T21:08:38.294594+00:00
USA,2018,GDP_PER_CAPITA,62499.8744390068,United States,NY.GDP.PCAP.CD,GDP per capita current USD,USD,annual,log,world_bank,2026-05-13T21:08:38.294594+00:00
USA,2019,GDP_PER_CAPITA,64746.4506778863,United States,NY.GDP.PCAP.CD,GDP per capita current USD,USD,annual,log,world_bank,2026-05-13T21:08:38.294594+00:00
USA,2020,GDP_PER_CAPITA,63515.9491807833,United States,NY.GDP.PCAP.CD,GDP per capita current USD,USD,annual,log,world_bank,2026-05-13T21:08:38.294594+00:00
USA,2021,GDP_PER_CAPITA,70205.050916026,United States,NY.GDP.PCAP.CD,GDP per capita current USD,USD,annual,log,world_bank,2026-05-13T21:08:38.294594+00:00
USA,2022,GDP_PER_CAPITA,76657.2488844403,United States,NY.GDP.PCAP.CD,GDP per capita current USD,USD,annual,log,world_bank,2026-05-13T21:08:38.294594+00:00
USA,2023,GDP_PER_CAPITA,81032.262117545,United States,NY.GDP.PCAP.CD,GDP per capita current USD,USD,annual,log,world_bank,2026-05-13T21:08:38.294594+00:00
USA,2024,GDP_PER_CAPITA,84534.0407841548,United States,NY.GDP.PCAP.CD,GDP per capita current USD,USD,annual,log,world_bank,2026-05-13T21:08:38.294594+00:00
USA,2025,GDP_PER_CAPITA,,United States,NY.GDP.PCAP.CD,GDP per capita current USD,USD,annual,log,world_bank,2026-05-13T21:08:38.294594+00:00
USA,1960,HIGH_TECH_EXPORTS,,United States,TX.VAL.TECH.MF.ZS,High technology exports percentage manufactured exports,percent,annual,none,world_bank,2026-05-13T21:08:40.262647+00:00
USA,1961,HIGH_TECH_EXPORTS,,United States,TX.VAL.TECH.MF.ZS,High technology exports percentage manufactured exports,percent,annual,none,world_bank,2026-05-13T21:08:40.262647+00:00
USA,1962,HIGH_TECH_EXPORTS,,United States,TX.VAL.TECH.MF.ZS,High technology exports percentage manufactured exports,percent,annual,none,world_bank,2026-05-13T21:08:40.262647+00:00
USA,1963,HIGH_TECH_EXPORTS,,United States,TX.VAL.TECH.MF.ZS,High technology exports percentage manufactured exports,percent,annual,none,world_bank,2026-05-13T21:08:40.262647+00:00
USA,1964,HIGH_TECH_EXPORTS,,United States,TX.VAL.TECH.MF.ZS,High technology exports percentage manufactured exports,percent,annual,none,world_bank,2026-05-13T21:08:40.262647+00:00
USA,1965,HIGH_TECH_EXPORTS,,United States,TX.VAL.TECH.MF.ZS,High technology exports percentage manufactured exports,percent,annual,none,world_bank,2026-05-13T21:08:40.262647+00:00
USA,1966,HIGH_TECH_EXPORTS,,United States,TX.VAL.TECH.MF.ZS,High technology exports percentage manufactured exports,percent,annual,none,world_bank,2026-05-13T21:08:40.262647+00:00
USA,1967,HIGH_TECH_EXPORTS,,United States,TX.VAL.TECH.MF.ZS,High technology exports percentage manufactured exports,percent,annual,none,world_bank,2026-05-13T21:08:40.262647+00:00
USA,1968,HIGH_TECH_EXPORTS,,United States,TX.VAL.TECH.MF.ZS,High technology exports percentage manufactured exports,percent,annual,none,world_bank,2026-05-13T21:08:40.262647+00:00
USA,1969,HIGH_TECH_EXPORTS,,United States,TX.VAL.TECH.MF.ZS,High technology exports percentage manufactured exports,percent,annual,none,world_bank,2026-05-13T21:08:40.262647+00:00
USA,1970,HIGH_TECH_EXPORTS,,United States,TX.VAL.TECH.MF.ZS,High technology exports percentage manufactured exports,percent,annual,none,world_bank,2026-05-13T21:08:40.262647+00:00
USA,1971,HIGH_TECH_EXPORTS,,United States,TX.VAL.TECH.MF.ZS,High technology exports percentage manufactured exports,percent,annual,none,world_bank,2026-05-13T21:08:40.262647+00:00
USA,1972,HIGH_TECH_EXPORTS,,United States,TX.VAL.TECH.MF.ZS,High technology exports percentage manufactured exports,percent,annual,none,world_bank,2026-05-13T21:08:40.262647+00:00
USA,1973,HIGH_TECH_EXPORTS,,United States,TX.VAL.TECH.MF.ZS,High technology exports percentage manufactured exports,percent,annual,none,world_bank,2026-05-13T21:08:40.262647+00:00
USA,1974,HIGH_TECH_EXPORTS,,United States,TX.VAL.TECH.MF.ZS,High technology exports percentage manufactured exports,percent,annual,none,world_bank,2026-05-13T21:08:40.262647+00:00
USA,1975,HIGH_TECH_EXPORTS,,United States,TX.VAL.TECH.MF.ZS,High technology exports percentage manufactured exports,percent,annual,none,world_bank,2026-05-13T21:08:40.262647+00:00
USA,1976,HIGH_TECH_EXPORTS,,United States,TX.VAL.TECH.MF.ZS,High technology exports percentage manufactured exports,percent,annual,none,world_bank,2026-05-13T21:08:40.262647+00:00
USA,1977,HIGH_TECH_EXPORTS,,United States,TX.VAL.TECH.MF.ZS,High technology exports percentage manufactured exports,percent,annual,none,world_bank,2026-05-13T21:08:40.262647+00:00
USA,1978,HIGH_TECH_EXPORTS,,United States,TX.VAL.TECH.MF.ZS,High technology exports percentage manufactured exports,percent,annual,none,world_bank,2026-05-13T21:08:40.262647+00:00
USA,1979,HIGH_TECH_EXPORTS,,United States,TX.VAL.TECH.MF.ZS,High technology exports percentage manufactured exports,percent,annual,none,world_bank,2026-05-13T21:08:40.262647+00:00
USA,1980,HIGH_TECH_EXPORTS,,United States,TX.VAL.TECH.MF.ZS,High technology exports percentage manufactured exports,percent,annual,none,world_bank,2026-05-13T21:08:40.262647+00:00
USA,1981,HIGH_TECH_EXPORTS,,United States,TX.VAL.TECH.MF.ZS,High technology exports percentage manufactured exports,percent,annual,none,world_bank,2026-05-13T21:08:40.262647+00:00
USA,1982,HIGH_TECH_EXPORTS,,United States,TX.VAL.TECH.MF.ZS,High technology exports percentage manufactured exports,percent,annual,none,world_bank,2026-05-13T21:08:40.262647+00:00
USA,1983,HIGH_TECH_EXPORTS,,United States,TX.VAL.TECH.MF.ZS,High technology exports percentage manufactured exports,percent,annual,none,world_bank,2026-05-13T21:08:40.262647+00:00
USA,1984,HIGH_TECH_EXPORTS,,United States,TX.VAL.TECH.MF.ZS,High technology exports percentage manufactured exports,percent,annual,none,world_bank,2026-05-13T21:08:40.262647+00:00
USA,1985,HIGH_TECH_EXPORTS,,United States,TX.VAL.TECH.MF.ZS,High technology exports percentage manufactured exports,percent,annual,none,world_bank,2026-05-13T21:08:40.262647+00:00
USA,1986,HIGH_TECH_EXPORTS,,United States,TX.VAL.TECH.MF.ZS,High technology exports percentage manufactured exports,percent,annual,none,world_bank,2026-05-13T21:08:40.262647+00:00
USA,1987,HIGH_TECH_EXPORTS,,United States,TX.VAL.TECH.MF.ZS,High technology exports percentage manufactured exports,percent,annual,none,world_bank,2026-05-13T21:08:40.262647+00:00
USA,1988,HIGH_TECH_EXPORTS,,United States,TX.VAL.TECH.MF.ZS,High technology exports percentage manufactured exports,percent,annual,none,world_bank,2026-05-13T21:08:40.262647+00:00
USA,1989,HIGH_TECH_EXPORTS,,United States,TX.VAL.TECH.MF.ZS,High technology exports percentage manufactured exports,percent,annual,none,world_bank,2026-05-13T21:08:40.262647+00:00
USA,1990,HIGH_TECH_EXPORTS,,United States,TX.VAL.TECH.MF.ZS,High technology exports percentage manufactured exports,percent,annual,none,world_bank,2026-05-13T21:08:40.262647+00:00
USA,1991,HIGH_TECH_EXPORTS,,United States,TX.VAL.TECH.MF.ZS,High technology exports percentage manufactured exports,percent,annual,none,world_bank,2026-05-13T21:08:40.262647+00:00
USA,1992,HIGH_TECH_EXPORTS,,United States,TX.VAL.TECH.MF.ZS,High technology exports percentage manufactured exports,percent,annual,none,world_bank,2026-05-13T21:08:40.262647+00:00
USA,1993,HIGH_TECH_EXPORTS,,United States,TX.VAL.TECH.MF.ZS,High technology exports percentage manufactured exports,percent,annual,none,world_bank,2026-05-13T21:08:40.262647+00:00
USA,1994,HIGH_TECH_EXPORTS,,United States,TX.VAL.TECH.MF.ZS,High technology exports percentage manufactured exports,percent,annual,none,world_bank,2026-05-13T21:08:40.262647+00:00
USA,1995,HIGH_TECH_EXPORTS,,United States,TX.VAL.TECH.MF.ZS,High technology exports percentage manufactured exports,percent,annual,none,world_bank,2026-05-13T21:08:40.262647+00:00
USA,1996,HIGH_TECH_EXPORTS,,United States,TX.VAL.TECH.MF.ZS,High technology exports percentage manufactured exports,percent,annual,none,world_bank,2026-05-13T21:08:40.262647+00:00
USA,1997,HIGH_TECH_EXPORTS,,United States,TX.VAL.TECH.MF.ZS,High technology exports percentage manufactured exports,percent,annual,none,world_bank,2026-05-13T21:08:40.262647+00:00
USA,1998,HIGH_TECH_EXPORTS,,United States,TX.VAL.TECH.MF.ZS,High technology exports percentage manufactured exports,percent,annual,none,world_bank,2026-05-13T21:08:40.262647+00:00
USA,1999,HIGH_TECH_EXPORTS,,United States,TX.VAL.TECH.MF.ZS,High technology exports percentage manufactured exports,percent,annual,none,world_bank,2026-05-13T21:08:40.262647+00:00
USA,2000,HIGH_TECH_EXPORTS,,United States,TX.VAL.TECH.MF.ZS,High technology exports percentage manufactured exports,percent,annual,none,world_bank,2026-05-13T21:08:40.262647+00:00
USA,2001,HIGH_TECH_EXPORTS,,United States,TX.VAL.TECH.MF.ZS,High technology exports percentage manufactured exports,percent,annual,none,world_bank,2026-05-13T21:08:40.262647+00:00
USA,2002,HIGH_TECH_EXPORTS,,United States,TX.VAL.TECH.MF.ZS,High technology exports percentage manufactured exports,percent,annual,none,world_bank,2026-05-13T21:08:40.262647+00:00
USA,2003,HIGH_TECH_EXPORTS,,United States,TX.VAL.TECH.MF.ZS,High technology exports percentage manufactured exports,percent,annual,none,world_bank,2026-05-13T21:08:40.262647+00:00
USA,2004,HIGH_TECH_EXPORTS,,United States,TX.VAL.TECH.MF.ZS,High technology exports percentage manufactured exports,percent,annual,none,world_bank,2026-05-13T21:08:40.262647+00:00
USA,2005,HIGH_TECH_EXPORTS,,United States,TX.VAL.TECH.MF.ZS,High technology exports percentage manufactured exports,percent,annual,none,world_bank,2026-05-13T21:08:40.262647+00:00
USA,2006,HIGH_TECH_EXPORTS,,United States,TX.VAL.TECH.MF.ZS,High technology exports percentage manufactured exports,percent,annual,none,world_bank,2026-05-13T21:08:40.262647+00:00
USA,2007,HIGH_TECH_EXPORTS,29.8991351588255,United States,TX.VAL.TECH.MF.ZS,High technology exports percentage manufactured exports,percent,annual,none,world_bank,2026-05-13T21:08:40.262647+00:00
USA,2008,HIGH_TECH_EXPORTS,28.4192806106129,United States,TX.VAL.TECH.MF.ZS,High technology exports percentage manufactured exports,percent,annual,none,world_bank,2026-05-13T21:08:40.262647+00:00
USA,2009,HIGH_TECH_EXPORTS,24.3626446890131,United States,TX.VAL.TECH.MF.ZS,High technology exports percentage manufactured exports,percent,annual,none,world_bank,2026-05-13T21:08:40.262647+00:00
USA,2010,HIGH_TECH_EXPORTS,22.6194775165319,United States,TX.VAL.TECH.MF.ZS,High technology exports percentage manufactured exports,percent,annual,none,world_bank,2026-05-13T21:08:40.262647+00:00
USA,2011,HIGH_TECH_EXPORTS,20.624916162211,United States,TX.VAL.TECH.MF.ZS,High technology exports percentage manufactured exports,percent,annual,none,world_bank,2026-05-13T21:08:40.262647+00:00
USA,2012,HIGH_TECH_EXPORTS,20.174250704896,United States,TX.VAL.TECH.MF.ZS,High technology exports percentage manufactured exports,percent,annual,none,world_bank,2026-05-13T21:08:40.262647+00:00
USA,2013,HIGH_TECH_EXPORTS,20.188635370966,United States,TX.VAL.TECH.MF.ZS,High technology exports percentage manufactured exports,percent,annual,none,world_bank,2026-05-13T21:08:40.262647+00:00
USA,2014,HIGH_TECH_EXPORTS,20.4843982208576,United States,TX.VAL.TECH.MF.ZS,High technology exports percentage manufactured exports,percent,annual,none,world_bank,2026-05-13T21:08:40.262647+00:00
USA,2015,HIGH_TECH_EXPORTS,21.3904480368657,United States,TX.VAL.TECH.MF.ZS,High technology exports percentage manufactured exports,percent,annual,none,world_bank,2026-05-13T21:08:40.262647+00:00
USA,2016,HIGH_TECH_EXPORTS,22.4192942002286,United States,TX.VAL.TECH.MF.ZS,High technology exports percentage manufactured exports,percent,annual,none,world_bank,2026-05-13T21:08:40.262647+00:00
USA,2017,HIGH_TECH_EXPORTS,19.2659699620243,United States,TX.VAL.TECH.MF.ZS,High technology exports percentage manufactured exports,percent,annual,none,world_bank,2026-05-13T21:08:40.262647+00:00
USA,2018,HIGH_TECH_EXPORTS,18.4842699258676,United States,TX.VAL.TECH.MF.ZS,High technology exports percentage manufactured exports,percent,annual,none,world_bank,2026-05-13T21:08:40.262647+00:00
USA,2019,HIGH_TECH_EXPORTS,18.6853939276571,United States,TX.VAL.TECH.MF.ZS,High technology exports percentage manufactured exports,percent,annual,none,world_bank,2026-05-13T21:08:40.262647+00:00
USA,2020,HIGH_TECH_EXPORTS,19.4939761609452,United States,TX.VAL.TECH.MF.ZS,High technology exports percentage manufactured exports,percent,annual,none,world_bank,2026-05-13T21:08:40.262647+00:00
USA,2021,HIGH_TECH_EXPORTS,19.9014614131792,United States,TX.VAL.TECH.MF.ZS,High technology exports percentage manufactured exports,percent,annual,none,world_bank,2026-05-13T21:08:40.262647+00:00
USA,2022,HIGH_TECH_EXPORTS,20.5789833007379,United States,TX.VAL.TECH.MF.ZS,High technology exports percentage manufactured exports,percent,annual,none,world_bank,2026-05-13T21:08:40.262647+00:00
USA,2023,HIGH_TECH_EXPORTS,21.8459878355521,United States,TX.VAL.TECH.MF.ZS,High technology exports percentage manufactured exports,percent,annual,none,world_bank,2026-05-13T21:08:40.262647+00:00
USA,2024,HIGH_TECH_EXPORTS,24.322982844202,United States,TX.VAL.TECH.MF.ZS,High technology exports percentage manufactured exports,percent,annual,none,world_bank,2026-05-13T21:08:40.262647+00:00
USA,2025,HIGH_TECH_EXPORTS,,United States,TX.VAL.TECH.MF.ZS,High technology exports percentage manufactured exports,percent,annual,none,world_bank,2026-05-13T21:08:40.262647+00:00
USA,1960,IMPORTS_PERCENT_GDP,,United States,NE.IMP.GNFS.ZS,Imports of goods and services percentage of GDP,percent,annual,none,world_bank,2026-05-13T21:08:39.016396+00:00
USA,1961,IMPORTS_PERCENT_GDP,,United States,NE.IMP.GNFS.ZS,Imports of goods and services percentage of GDP,percent,annual,none,world_bank,2026-05-13T21:08:39.016396+00:00
USA,1962,IMPORTS_PERCENT_GDP,,United States,NE.IMP.GNFS.ZS,Imports of goods and services percentage of GDP,percent,annual,none,world_bank,2026-05-13T21:08:39.016396+00:00
USA,1963,IMPORTS_PERCENT_GDP,,United States,NE.IMP.GNFS.ZS,Imports of goods and services percentage of GDP,percent,annual,none,world_bank,2026-05-13T21:08:39.016396+00:00
USA,1964,IMPORTS_PERCENT_GDP,,United States,NE.IMP.GNFS.ZS,Imports of goods and services percentage of GDP,percent,annual,none,world_bank,2026-05-13T21:08:39.016396+00:00
USA,1965,IMPORTS_PERCENT_GDP,,United States,NE.IMP.GNFS.ZS,Imports of goods and services percentage of GDP,percent,annual,none,world_bank,2026-05-13T21:08:39.016396+00:00
USA,1966,IMPORTS_PERCENT_GDP,,United States,NE.IMP.GNFS.ZS,Imports of goods and services percentage of GDP,percent,annual,none,world_bank,2026-05-13T21:08:39.016396+00:00
USA,1967,IMPORTS_PERCENT_GDP,,United States,NE.IMP.GNFS.ZS,Imports of goods and services percentage of GDP,percent,annual,none,world_bank,2026-05-13T21:08:39.016396+00:00
USA,1968,IMPORTS_PERCENT_GDP,,United States,NE.IMP.GNFS.ZS,Imports of goods and services percentage of GDP,percent,annual,none,world_bank,2026-05-13T21:08:39.016396+00:00
USA,1969,IMPORTS_PERCENT_GDP,,United States,NE.IMP.GNFS.ZS,Imports of goods and services percentage of GDP,percent,annual,none,world_bank,2026-05-13T21:08:39.016396+00:00
USA,1970,IMPORTS_PERCENT_GDP,5.19517787614495,United States,NE.IMP.GNFS.ZS,Imports of goods and services percentage of GDP,percent,annual,none,world_bank,2026-05-13T21:08:39.016396+00:00
USA,1971,IMPORTS_PERCENT_GDP,5.35193372537237,United States,NE.IMP.GNFS.ZS,Imports of goods and services percentage of GDP,percent,annual,none,world_bank,2026-05-13T21:08:39.016396+00:00
USA,1972,IMPORTS_PERCENT_GDP,5.80215931389794,United States,NE.IMP.GNFS.ZS,Imports of goods and services percentage of GDP,percent,annual,none,world_bank,2026-05-13T21:08:39.016396+00:00
USA,1973,IMPORTS_PERCENT_GDP,6.39543530970074,United States,NE.IMP.GNFS.ZS,Imports of goods and services percentage of GDP,percent,annual,none,world_bank,2026-05-13T21:08:39.016396+00:00
USA,1974,IMPORTS_PERCENT_GDP,8.24886441808829,United States,NE.IMP.GNFS.ZS,Imports of goods and services percentage of GDP,percent,annual,none,world_bank,2026-05-13T21:08:39.016396+00:00
USA,1975,IMPORTS_PERCENT_GDP,7.28409452407971,United States,NE.IMP.GNFS.ZS,Imports of goods and services percentage of GDP,percent,annual,none,world_bank,2026-05-13T21:08:39.016396+00:00
USA,1976,IMPORTS_PERCENT_GDP,8.067953018343,United States,NE.IMP.GNFS.ZS,Imports of goods and services percentage of GDP,percent,annual,none,world_bank,2026-05-13T21:08:39.016396+00:00
USA,1977,IMPORTS_PERCENT_GDP,8.76360464323147,United States,NE.IMP.GNFS.ZS,Imports of goods and services percentage of GDP,percent,annual,none,world_bank,2026-05-13T21:08:39.016396+00:00
USA,1978,IMPORTS_PERCENT_GDP,9.02577352686406,United States,NE.IMP.GNFS.ZS,Imports of goods and services percentage of GDP,percent,annual,none,world_bank,2026-05-13T21:08:39.016396+00:00
USA,1979,IMPORTS_PERCENT_GDP,9.61712885271871,United States,NE.IMP.GNFS.ZS,Imports of goods and services percentage of GDP,percent,annual,none,world_bank,2026-05-13T21:08:39.016396+00:00
USA,1980,IMPORTS_PERCENT_GDP,10.2833892192894,United States,NE.IMP.GNFS.ZS,Imports of goods and services percentage of GDP,percent,annual,none,world_bank,2026-05-13T21:08:39.016396+00:00
USA,1981,IMPORTS_PERCENT_GDP,9.90813650339986,United States,NE.IMP.GNFS.ZS,Imports of goods and services percentage of GDP,percent,annual,none,world_bank,2026-05-13T21:08:39.016396+00:00
USA,1982,IMPORTS_PERCENT_GDP,9.06707929238358,United States,NE.IMP.GNFS.ZS,Imports of goods and services percentage of GDP,percent,annual,none,world_bank,2026-05-13T21:08:39.016396+00:00
USA,1983,IMPORTS_PERCENT_GDP,9.04332866084504,United States,NE.IMP.GNFS.ZS,Imports of goods and services percentage of GDP,percent,annual,none,world_bank,2026-05-13T21:08:39.016396+00:00
USA,1984,IMPORTS_PERCENT_GDP,10.0333290981577,United States,NE.IMP.GNFS.ZS,Imports of goods and services percentage of GDP,percent,annual,none,world_bank,2026-05-13T21:08:39.016396+00:00
USA,1985,IMPORTS_PERCENT_GDP,9.61583358665714,United States,NE.IMP.GNFS.ZS,Imports of goods and services percentage of GDP,percent,annual,none,world_bank,2026-05-13T21:08:39.016396+00:00
USA,1986,IMPORTS_PERCENT_GDP,9.88872247567544,United States,NE.IMP.GNFS.ZS,Imports of goods and services percentage of GDP,percent,annual,none,world_bank,2026-05-13T21:08:39.016396+00:00
USA,1987,IMPORTS_PERCENT_GDP,10.4776616483513,United States,NE.IMP.GNFS.ZS,Imports of goods and services percentage of GDP,percent,annual,none,world_bank,2026-05-13T21:08:39.016396+00:00
USA,1988,IMPORTS_PERCENT_GDP,10.5795771858657,United States,NE.IMP.GNFS.ZS,Imports of goods and services percentage of GDP,percent,annual,none,world_bank,2026-05-13T21:08:39.016396+00:00
USA,1989,IMPORTS_PERCENT_GDP,10.4763204634163,United States,NE.IMP.GNFS.ZS,Imports of goods and services percentage of GDP,percent,annual,none,world_bank,2026-05-13T21:08:39.016396+00:00
USA,1990,IMPORTS_PERCENT_GDP,10.5603352862181,United States,NE.IMP.GNFS.ZS,Imports of goods and services percentage of GDP,percent,annual,none,world_bank,2026-05-13T21:08:39.016396+00:00
USA,1991,IMPORTS_PERCENT_GDP,10.1255430017786,United States,NE.IMP.GNFS.ZS,Imports of goods and services percentage of GDP,percent,annual,none,world_bank,2026-05-13T21:08:39.016396+00:00
USA,1992,IMPORTS_PERCENT_GDP,10.2416795967442,United States,NE.IMP.GNFS.ZS,Imports of goods and services percentage of GDP,percent,annual,none,world_bank,2026-05-13T21:08:39.016396+00:00
USA,1993,IMPORTS_PERCENT_GDP,10.4974383102923,United States,NE.IMP.GNFS.ZS,Imports of goods and services percentage of GDP,percent,annual,none,world_bank,2026-05-13T21:08:39.016396+00:00
USA,1994,IMPORTS_PERCENT_GDP,11.162311746182,United States,NE.IMP.GNFS.ZS,Imports of goods and services percentage of GDP,percent,annual,none,world_bank,2026-05-13T21:08:39.016396+00:00
USA,1995,IMPORTS_PERCENT_GDP,11.8141577687958,United States,NE.IMP.GNFS.ZS,Imports of goods and services percentage of GDP,percent,annual,none,world_bank,2026-05-13T21:08:39.016396+00:00
USA,1996,IMPORTS_PERCENT_GDP,11.9404364259576,United States,NE.IMP.GNFS.ZS,Imports of goods and services percentage of GDP,percent,annual,none,world_bank,2026-05-13T21:08:39.016396+00:00
USA,1997,IMPORTS_PERCENT_GDP,12.3085665651286,United States,NE.IMP.GNFS.ZS,Imports of goods and services percentage of GDP,percent,annual,none,world_bank,2026-05-13T21:08:39.016396+00:00
USA,1998,IMPORTS_PERCENT_GDP,12.3106298188105,United States,NE.IMP.GNFS.ZS,Imports of goods and services percentage of GDP,percent,annual,none,world_bank,2026-05-13T21:08:39.016396+00:00
USA,1999,IMPORTS_PERCENT_GDP,13.0042291459932,United States,NE.IMP.GNFS.ZS,Imports of goods and services percentage of GDP,percent,annual,none,world_bank,2026-05-13T21:08:39.016396+00:00
USA,2000,IMPORTS_PERCENT_GDP,14.4102184542572,United States,NE.IMP.GNFS.ZS,Imports of goods and services percentage of GDP,percent,annual,none,world_bank,2026-05-13T21:08:39.016396+00:00
USA,2001,IMPORTS_PERCENT_GDP,13.2637338366067,United States,NE.IMP.GNFS.ZS,Imports of goods and services percentage of GDP,percent,annual,none,world_bank,2026-05-13T21:08:39.016396+00:00
USA,2002,IMPORTS_PERCENT_GDP,13.1549925956457,United States,NE.IMP.GNFS.ZS,Imports of goods and services percentage of GDP,percent,annual,none,world_bank,2026-05-13T21:08:39.016396+00:00
USA,2003,IMPORTS_PERCENT_GDP,13.5916543236323,United States,NE.IMP.GNFS.ZS,Imports of goods and services percentage of GDP,percent,annual,none,world_bank,2026-05-13T21:08:39.016396+00:00
USA,2004,IMPORTS_PERCENT_GDP,14.8193121829029,United States,NE.IMP.GNFS.ZS,Imports of goods and services percentage of GDP,percent,annual,none,world_bank,2026-05-13T21:08:39.016396+00:00
USA,2005,IMPORTS_PERCENT_GDP,15.65649830011,United States,NE.IMP.GNFS.ZS,Imports of goods and services percentage of GDP,percent,annual,none,world_bank,2026-05-13T21:08:39.016396+00:00
USA,2006,IMPORTS_PERCENT_GDP,16.3338916290247,United States,NE.IMP.GNFS.ZS,Imports of goods and services percentage of GDP,percent,annual,none,world_bank,2026-05-13T21:08:39.016396+00:00
USA,2007,IMPORTS_PERCENT_GDP,16.5482275199969,United States,NE.IMP.GNFS.ZS,Imports of goods and services percentage of GDP,percent,annual,none,world_bank,2026-05-13T21:08:39.016396+00:00
USA,2008,IMPORTS_PERCENT_GDP,17.4419484298585,United States,NE.IMP.GNFS.ZS,Imports of goods and services percentage of GDP,percent,annual,none,world_bank,2026-05-13T21:08:39.016396+00:00
USA,2009,IMPORTS_PERCENT_GDP,13.8273105496213,United States,NE.IMP.GNFS.ZS,Imports of goods and services percentage of GDP,percent,annual,none,world_bank,2026-05-13T21:08:39.016396+00:00
USA,2010,IMPORTS_PERCENT_GDP,15.8785344260197,United States,NE.IMP.GNFS.ZS,Imports of goods and services percentage of GDP,percent,annual,none,world_bank,2026-05-13T21:08:39.016396+00:00
USA,2011,IMPORTS_PERCENT_GDP,17.2790190876841,United States,NE.IMP.GNFS.ZS,Imports of goods and services percentage of GDP,percent,annual,none,world_bank,2026-05-13T21:08:39.016396+00:00
USA,2012,IMPORTS_PERCENT_GDP,17.0377859689502,United States,NE.IMP.GNFS.ZS,Imports of goods and services percentage of GDP,percent,annual,none,world_bank,2026-05-13T21:08:39.016396+00:00
USA,2013,IMPORTS_PERCENT_GDP,16.4242927670279,United States,NE.IMP.GNFS.ZS,Imports of goods and services percentage of GDP,percent,annual,none,world_bank,2026-05-13T21:08:39.016396+00:00
USA,2014,IMPORTS_PERCENT_GDP,16.4520404415866,United States,NE.IMP.GNFS.ZS,Imports of goods and services percentage of GDP,percent,annual,none,world_bank,2026-05-13T21:08:39.016396+00:00
USA,2015,IMPORTS_PERCENT_GDP,15.351745665684,United States,NE.IMP.GNFS.ZS,Imports of goods and services percentage of GDP,percent,annual,none,world_bank,2026-05-13T21:08:39.016396+00:00
USA,2016,IMPORTS_PERCENT_GDP,14.6499800035794,United States,NE.IMP.GNFS.ZS,Imports of goods and services percentage of GDP,percent,annual,none,world_bank,2026-05-13T21:08:39.016396+00:00
USA,2017,IMPORTS_PERCENT_GDP,15.0512827697199,United States,NE.IMP.GNFS.ZS,Imports of goods and services percentage of GDP,percent,annual,none,world_bank,2026-05-13T21:08:39.016396+00:00
USA,2018,IMPORTS_PERCENT_GDP,15.2493900563462,United States,NE.IMP.GNFS.ZS,Imports of goods and services percentage of GDP,percent,annual,none,world_bank,2026-05-13T21:08:39.016396+00:00
USA,2019,IMPORTS_PERCENT_GDP,14.5768882704583,United States,NE.IMP.GNFS.ZS,Imports of goods and services percentage of GDP,percent,annual,none,world_bank,2026-05-13T21:08:39.016396+00:00
USA,2020,IMPORTS_PERCENT_GDP,13.1874574667002,United States,NE.IMP.GNFS.ZS,Imports of goods and services percentage of GDP,percent,annual,none,world_bank,2026-05-13T21:08:39.016396+00:00
USA,2021,IMPORTS_PERCENT_GDP,14.6491408906374,United States,NE.IMP.GNFS.ZS,Imports of goods and services percentage of GDP,percent,annual,none,world_bank,2026-05-13T21:08:39.016396+00:00
USA,2022,IMPORTS_PERCENT_GDP,15.529535106212,United States,NE.IMP.GNFS.ZS,Imports of goods and services percentage of GDP,percent,annual,none,world_bank,2026-05-13T21:08:39.016396+00:00
USA,2023,IMPORTS_PERCENT_GDP,14.1059171480679,United States,NE.IMP.GNFS.ZS,Imports of goods and services percentage of GDP,percent,annual,none,world_bank,2026-05-13T21:08:39.016396+00:00
USA,2024,IMPORTS_PERCENT_GDP,14.2711775613413,United States,NE.IMP.GNFS.ZS,Imports of goods and services percentage of GDP,percent,annual,none,world_bank,2026-05-13T21:08:39.016396+00:00
USA,2025,IMPORTS_PERCENT_GDP,,United States,NE.IMP.GNFS.ZS,Imports of goods and services percentage of GDP,percent,annual,none,world_bank,2026-05-13T21:08:39.016396+00:00
USA,1960,INFLATION,1.45797598627791,United States,FP.CPI.TOTL.ZG,Inflation consumer prices annual percentage,percent,annual,none,world_bank,2026-05-13T21:08:38.520867+00:00
USA,1961,INFLATION,1.07072414764724,United States,FP.CPI.TOTL.ZG,Inflation consumer prices annual percentage,percent,annual,none,world_bank,2026-05-13T21:08:38.520867+00:00
USA,1962,INFLATION,1.19877334820186,United States,FP.CPI.TOTL.ZG,Inflation consumer prices annual percentage,percent,annual,none,world_bank,2026-05-13T21:08:38.520867+00:00
USA,1963,INFLATION,1.23966942148753,United States,FP.CPI.TOTL.ZG,Inflation consumer prices annual percentage,percent,annual,none,world_bank,2026-05-13T21:08:38.520867+00:00
USA,1964,INFLATION,1.27891156462591,United States,FP.CPI.TOTL.ZG,Inflation consumer prices annual percentage,percent,annual,none,world_bank,2026-05-13T21:08:38.520867+00:00
USA,1965,INFLATION,1.58516926383662,United States,FP.CPI.TOTL.ZG,Inflation consumer prices annual percentage,percent,annual,none,world_bank,2026-05-13T21:08:38.520867+00:00
USA,1966,INFLATION,3.0150753768844,United States,FP.CPI.TOTL.ZG,Inflation consumer prices annual percentage,percent,annual,none,world_bank,2026-05-13T21:08:38.520867+00:00
USA,1967,INFLATION,2.77278562259309,United States,FP.CPI.TOTL.ZG,Inflation consumer prices annual percentage,percent,annual,none,world_bank,2026-05-13T21:08:38.520867+00:00
USA,1968,INFLATION,4.27179615288537,United States,FP.CPI.TOTL.ZG,Inflation consumer prices annual percentage,percent,annual,none,world_bank,2026-05-13T21:08:38.520867+00:00
USA,1969,INFLATION,5.46238620028745,United States,FP.CPI.TOTL.ZG,Inflation consumer prices annual percentage,percent,annual,none,world_bank,2026-05-13T21:08:38.520867+00:00
USA,1970,INFLATION,5.83825533848251,United States,FP.CPI.TOTL.ZG,Inflation consumer prices annual percentage,percent,annual,none,world_bank,2026-05-13T21:08:38.520867+00:00
USA,1971,INFLATION,4.29276668813051,United States,FP.CPI.TOTL.ZG,Inflation consumer prices annual percentage,percent,annual,none,world_bank,2026-05-13T21:08:38.520867+00:00
USA,1972,INFLATION,3.27227824655283,United States,FP.CPI.TOTL.ZG,Inflation consumer prices annual percentage,percent,annual,none,world_bank,2026-05-13T21:08:38.520867+00:00
USA,1973,INFLATION,6.17776006377038,United States,FP.CPI.TOTL.ZG,Inflation consumer prices annual percentage,percent,annual,none,world_bank,2026-05-13T21:08:38.520867+00:00
USA,1974,INFLATION,11.0548048048048,United States,FP.CPI.TOTL.ZG,Inflation consumer prices annual percentage,percent,annual,none,world_bank,2026-05-13T21:08:38.520867+00:00
USA,1975,INFLATION,9.14314686496535,United States,FP.CPI.TOTL.ZG,Inflation consumer prices annual percentage,percent,annual,none,world_bank,2026-05-13T21:08:38.520867+00:00
USA,1976,INFLATION,5.74481263549085,United States,FP.CPI.TOTL.ZG,Inflation consumer prices annual percentage,percent,annual,none,world_bank,2026-05-13T21:08:38.520867+00:00
USA,1977,INFLATION,6.5016839947284,United States,FP.CPI.TOTL.ZG,Inflation consumer prices annual percentage,percent,annual,none,world_bank,2026-05-13T21:08:38.520867+00:00
USA,1978,INFLATION,7.63096383885606,United States,FP.CPI.TOTL.ZG,Inflation consumer prices annual percentage,percent,annual,none,world_bank,2026-05-13T21:08:38.520867+00:00
USA,1979,INFLATION,11.2544711292795,United States,FP.CPI.TOTL.ZG,Inflation consumer prices annual percentage,percent,annual,none,world_bank,2026-05-13T21:08:38.520867+00:00
USA,1980,INFLATION,13.5492019749684,United States,FP.CPI.TOTL.ZG,Inflation consumer prices annual percentage,percent,annual,none,world_bank,2026-05-13T21:08:38.520867+00:00
USA,1981,INFLATION,10.3347153402771,United States,FP.CPI.TOTL.ZG,Inflation consumer prices annual percentage,percent,annual,none,world_bank,2026-05-13T21:08:38.520867+00:00
USA,1982,INFLATION,6.13142700027493,United States,FP.CPI.TOTL.ZG,Inflation consumer prices annual percentage,percent,annual,none,world_bank,2026-05-13T21:08:38.520867+00:00
USA,1983,INFLATION,3.21243523316065,United States,FP.CPI.TOTL.ZG,Inflation consumer prices annual percentage,percent,annual,none,world_bank,2026-05-13T21:08:38.520867+00:00
USA,1984,INFLATION,4.30053547523429,United States,FP.CPI.TOTL.ZG,Inflation consumer prices annual percentage,percent,annual,none,world_bank,2026-05-13T21:08:38.520867+00:00
USA,1985,INFLATION,3.54564415209365,United States,FP.CPI.TOTL.ZG,Inflation consumer prices annual percentage,percent,annual,none,world_bank,2026-05-13T21:08:38.520867+00:00
USA,1986,INFLATION,1.89804772234276,United States,FP.CPI.TOTL.ZG,Inflation consumer prices annual percentage,percent,annual,none,world_bank,2026-05-13T21:08:38.520867+00:00
USA,1987,INFLATION,3.6645632175169,United States,FP.CPI.TOTL.ZG,Inflation consumer prices annual percentage,percent,annual,none,world_bank,2026-05-13T21:08:38.520867+00:00
USA,1988,INFLATION,4.07774110744413,United States,FP.CPI.TOTL.ZG,Inflation consumer prices annual percentage,percent,annual,none,world_bank,2026-05-13T21:08:38.520867+00:00
USA,1989,INFLATION,4.82700303008944,United States,FP.CPI.TOTL.ZG,Inflation consumer prices annual percentage,percent,annual,none,world_bank,2026-05-13T21:08:38.520867+00:00
USA,1990,INFLATION,5.39795643990325,United States,FP.CPI.TOTL.ZG,Inflation consumer prices annual percentage,percent,annual,none,world_bank,2026-05-13T21:08:38.520867+00:00
USA,1991,INFLATION,4.23496396453849,United States,FP.CPI.TOTL.ZG,Inflation consumer prices annual percentage,percent,annual,none,world_bank,2026-05-13T21:08:38.520867+00:00
USA,1992,INFLATION,3.02881967814969,United States,FP.CPI.TOTL.ZG,Inflation consumer prices annual percentage,percent,annual,none,world_bank,2026-05-13T21:08:38.520867+00:00
USA,1993,INFLATION,2.95165696638559,United States,FP.CPI.TOTL.ZG,Inflation consumer prices annual percentage,percent,annual,none,world_bank,2026-05-13T21:08:38.520867+00:00
USA,1994,INFLATION,2.60744159215453,United States,FP.CPI.TOTL.ZG,Inflation consumer prices annual percentage,percent,annual,none,world_bank,2026-05-13T21:08:38.520867+00:00
USA,1995,INFLATION,2.80541968853662,United States,FP.CPI.TOTL.ZG,Inflation consumer prices annual percentage,percent,annual,none,world_bank,2026-05-13T21:08:38.520867+00:00
USA,1996,INFLATION,2.93120419993441,United States,FP.CPI.TOTL.ZG,Inflation consumer prices annual percentage,percent,annual,none,world_bank,2026-05-13T21:08:38.520867+00:00
USA,1997,INFLATION,2.33768993730735,United States,FP.CPI.TOTL.ZG,Inflation consumer prices annual percentage,percent,annual,none,world_bank,2026-05-13T21:08:38.520867+00:00
USA,1998,INFLATION,1.55227909874364,United States,FP.CPI.TOTL.ZG,Inflation consumer prices annual percentage,percent,annual,none,world_bank,2026-05-13T21:08:38.520867+00:00
USA,1999,INFLATION,2.18802719697358,United States,FP.CPI.TOTL.ZG,Inflation consumer prices annual percentage,percent,annual,none,world_bank,2026-05-13T21:08:38.520867+00:00
USA,2000,INFLATION,3.37685727149929,United States,FP.CPI.TOTL.ZG,Inflation consumer prices annual percentage,percent,annual,none,world_bank,2026-05-13T21:08:38.520867+00:00
USA,2001,INFLATION,2.82617111885407,United States,FP.CPI.TOTL.ZG,Inflation consumer prices annual percentage,percent,annual,none,world_bank,2026-05-13T21:08:38.520867+00:00
USA,2002,INFLATION,1.58603162650601,United States,FP.CPI.TOTL.ZG,Inflation consumer prices annual percentage,percent,annual,none,world_bank,2026-05-13T21:08:38.520867+00:00
USA,2003,INFLATION,2.27009497336115,United States,FP.CPI.TOTL.ZG,Inflation consumer prices annual percentage,percent,annual,none,world_bank,2026-05-13T21:08:38.520867+00:00
USA,2004,INFLATION,2.67723669309172,United States,FP.CPI.TOTL.ZG,Inflation consumer prices annual percentage,percent,annual,none,world_bank,2026-05-13T21:08:38.520867+00:00
USA,2005,INFLATION,3.3927468454955,United States,FP.CPI.TOTL.ZG,Inflation consumer prices annual percentage,percent,annual,none,world_bank,2026-05-13T21:08:38.520867+00:00
USA,2006,INFLATION,3.22594410070404,United States,FP.CPI.TOTL.ZG,Inflation consumer prices annual percentage,percent,annual,none,world_bank,2026-05-13T21:08:38.520867+00:00
USA,2007,INFLATION,2.85267248150138,United States,FP.CPI.TOTL.ZG,Inflation consumer prices annual percentage,percent,annual,none,world_bank,2026-05-13T21:08:38.520867+00:00
USA,2008,INFLATION,3.839100296651,United States,FP.CPI.TOTL.ZG,Inflation consumer prices annual percentage,percent,annual,none,world_bank,2026-05-13T21:08:38.520867+00:00
USA,2009,INFLATION,-0.355546266299747,United States,FP.CPI.TOTL.ZG,Inflation consumer prices annual percentage,percent,annual,none,world_bank,2026-05-13T21:08:38.520867+00:00
USA,2010,INFLATION,1.6400434423899,United States,FP.CPI.TOTL.ZG,Inflation consumer prices annual percentage,percent,annual,none,world_bank,2026-05-13T21:08:38.520867+00:00
USA,2011,INFLATION,3.156841568622,United States,FP.CPI.TOTL.ZG,Inflation consumer prices annual percentage,percent,annual,none,world_bank,2026-05-13T21:08:38.520867+00:00
USA,2012,INFLATION,2.06933726526067,United States,FP.CPI.TOTL.ZG,Inflation consumer prices annual percentage,percent,annual,none,world_bank,2026-05-13T21:08:38.520867+00:00
USA,2013,INFLATION,1.46483265562717,United States,FP.CPI.TOTL.ZG,Inflation consumer prices annual percentage,percent,annual,none,world_bank,2026-05-13T21:08:38.520867+00:00
USA,2014,INFLATION,1.62222297740817,United States,FP.CPI.TOTL.ZG,Inflation consumer prices annual percentage,percent,annual,none,world_bank,2026-05-13T21:08:38.520867+00:00
USA,2015,INFLATION,0.118627135552451,United States,FP.CPI.TOTL.ZG,Inflation consumer prices annual percentage,percent,annual,none,world_bank,2026-05-13T21:08:38.520867+00:00
USA,2016,INFLATION,1.26158320570536,United States,FP.CPI.TOTL.ZG,Inflation consumer prices annual percentage,percent,annual,none,world_bank,2026-05-13T21:08:38.520867+00:00
USA,2017,INFLATION,2.13011000365961,United States,FP.CPI.TOTL.ZG,Inflation consumer prices annual percentage,percent,annual,none,world_bank,2026-05-13T21:08:38.520867+00:00
USA,2018,INFLATION,2.44258329692817,United States,FP.CPI.TOTL.ZG,Inflation consumer prices annual percentage,percent,annual,none,world_bank,2026-05-13T21:08:38.520867+00:00
USA,2019,INFLATION,1.81221007526021,United States,FP.CPI.TOTL.ZG,Inflation consumer prices annual percentage,percent,annual,none,world_bank,2026-05-13T21:08:38.520867+00:00
USA,2020,INFLATION,1.23358439630629,United States,FP.CPI.TOTL.ZG,Inflation consumer prices annual percentage,percent,annual,none,world_bank,2026-05-13T21:08:38.520867+00:00
USA,2021,INFLATION,4.69785886363742,United States,FP.CPI.TOTL.ZG,Inflation consumer prices annual percentage,percent,annual,none,world_bank,2026-05-13T21:08:38.520867+00:00
USA,2022,INFLATION,8.00279982052121,United States,FP.CPI.TOTL.ZG,Inflation consumer prices annual percentage,percent,annual,none,world_bank,2026-05-13T21:08:38.520867+00:00
USA,2023,INFLATION,4.11633838374488,United States,FP.CPI.TOTL.ZG,Inflation consumer prices annual percentage,percent,annual,none,world_bank,2026-05-13T21:08:38.520867+00:00
USA,2024,INFLATION,2.94952520485207,United States,FP.CPI.TOTL.ZG,Inflation consumer prices annual percentage,percent,annual,none,world_bank,2026-05-13T21:08:38.520867+00:00
USA,2025,INFLATION,,United States,FP.CPI.TOTL.ZG,Inflation consumer prices annual percentage,percent,annual,none,world_bank,2026-05-13T21:08:38.520867+00:00
USA,1960,MILITARY_EXPENDITURE,8.99312458715278,United States,MS.MIL.XPND.GD.ZS,Military expenditure percentage GDP,percent,annual,none,world_bank,2026-05-13T21:08:40.911300+00:00
USA,1961,MILITARY_EXPENDITURE,9.15603150017123,United States,MS.MIL.XPND.GD.ZS,Military expenditure percentage GDP,percent,annual,none,world_bank,2026-05-13T21:08:40.911300+00:00
USA,1962,MILITARY_EXPENDITURE,9.33167294545842,United States,MS.MIL.XPND.GD.ZS,Military expenditure percentage GDP,percent,annual,none,world_bank,2026-05-13T21:08:40.911300+00:00
USA,1963,MILITARY_EXPENDITURE,8.83189118618018,United States,MS.MIL.XPND.GD.ZS,Military expenditure percentage GDP,percent,annual,none,world_bank,2026-05-13T21:08:40.911300+00:00
USA,1964,MILITARY_EXPENDITURE,8.0512811057284,United States,MS.MIL.XPND.GD.ZS,Military expenditure percentage GDP,percent,annual,none,world_bank,2026-05-13T21:08:40.911300+00:00
USA,1965,MILITARY_EXPENDITURE,7.58724717722602,United States,MS.MIL.XPND.GD.ZS,Military expenditure percentage GDP,percent,annual,none,world_bank,2026-05-13T21:08:40.911300+00:00
USA,1966,MILITARY_EXPENDITURE,8.43530028594507,United States,MS.MIL.XPND.GD.ZS,Military expenditure percentage GDP,percent,annual,none,world_bank,2026-05-13T21:08:40.911300+00:00
USA,1967,MILITARY_EXPENDITURE,9.41779593255137,United States,MS.MIL.XPND.GD.ZS,Military expenditure percentage GDP,percent,annual,none,world_bank,2026-05-13T21:08:40.911300+00:00
USA,1968,MILITARY_EXPENDITURE,9.26845427468793,United States,MS.MIL.XPND.GD.ZS,Military expenditure percentage GDP,percent,annual,none,world_bank,2026-05-13T21:08:40.911300+00:00
USA,1969,MILITARY_EXPENDITURE,8.63326379509104,United States,MS.MIL.XPND.GD.ZS,Military expenditure percentage GDP,percent,annual,none,world_bank,2026-05-13T21:08:40.911300+00:00
USA,1970,MILITARY_EXPENDITURE,8.03274358404085,United States,MS.MIL.XPND.GD.ZS,Military expenditure percentage GDP,percent,annual,none,world_bank,2026-05-13T21:08:40.911300+00:00
USA,1971,MILITARY_EXPENDITURE,6.94306960936061,United States,MS.MIL.XPND.GD.ZS,Military expenditure percentage GDP,percent,annual,none,world_bank,2026-05-13T21:08:40.911300+00:00
USA,1972,MILITARY_EXPENDITURE,6.51975692434716,United States,MS.MIL.XPND.GD.ZS,Military expenditure percentage GDP,percent,annual,none,world_bank,2026-05-13T21:08:40.911300+00:00
USA,1973,MILITARY_EXPENDITURE,5.8938705911674,United States,MS.MIL.XPND.GD.ZS,Military expenditure percentage GDP,percent,annual,none,world_bank,2026-05-13T21:08:40.911300+00:00
USA,1974,MILITARY_EXPENDITURE,5.95411119676015,United States,MS.MIL.XPND.GD.ZS,Military expenditure percentage GDP,percent,annual,none,world_bank,2026-05-13T21:08:40.911300+00:00
USA,1975,MILITARY_EXPENDITURE,5.62267909613336,United States,MS.MIL.XPND.GD.ZS,Military expenditure percentage GDP,percent,annual,none,world_bank,2026-05-13T21:08:40.911300+00:00
USA,1976,MILITARY_EXPENDITURE,5.19107142902555,United States,MS.MIL.XPND.GD.ZS,Military expenditure percentage GDP,percent,annual,none,world_bank,2026-05-13T21:08:40.911300+00:00
USA,1977,MILITARY_EXPENDITURE,5.15561735127125,United States,MS.MIL.XPND.GD.ZS,Military expenditure percentage GDP,percent,annual,none,world_bank,2026-05-13T21:08:40.911300+00:00
USA,1978,MILITARY_EXPENDITURE,4.94308724791688,United States,MS.MIL.XPND.GD.ZS,Military expenditure percentage GDP,percent,annual,none,world_bank,2026-05-13T21:08:40.911300+00:00
USA,1979,MILITARY_EXPENDITURE,4.95199153527265,United States,MS.MIL.XPND.GD.ZS,Military expenditure percentage GDP,percent,annual,none,world_bank,2026-05-13T21:08:40.911300+00:00
USA,1980,MILITARY_EXPENDITURE,5.15353746651636,United States,MS.MIL.XPND.GD.ZS,Military expenditure percentage GDP,percent,annual,none,world_bank,2026-05-13T21:08:40.911300+00:00
USA,1981,MILITARY_EXPENDITURE,5.64654125624258,United States,MS.MIL.XPND.GD.ZS,Military expenditure percentage GDP,percent,annual,none,world_bank,2026-05-13T21:08:40.911300+00:00
USA,1982,MILITARY_EXPENDITURE,6.81405709441284,United States,MS.MIL.XPND.GD.ZS,Military expenditure percentage GDP,percent,annual,none,world_bank,2026-05-13T21:08:40.911300+00:00
USA,1983,MILITARY_EXPENDITURE,6.32114425976717,United States,MS.MIL.XPND.GD.ZS,Military expenditure percentage GDP,percent,annual,none,world_bank,2026-05-13T21:08:40.911300+00:00
USA,1984,MILITARY_EXPENDITURE,6.23641652963897,United States,MS.MIL.XPND.GD.ZS,Military expenditure percentage GDP,percent,annual,none,world_bank,2026-05-13T21:08:40.911300+00:00
USA,1985,MILITARY_EXPENDITURE,6.4532192046686,United States,MS.MIL.XPND.GD.ZS,Military expenditure percentage GDP,percent,annual,none,world_bank,2026-05-13T21:08:40.911300+00:00
USA,1986,MILITARY_EXPENDITURE,6.62652265789842,United States,MS.MIL.XPND.GD.ZS,Military expenditure percentage GDP,percent,annual,none,world_bank,2026-05-13T21:08:40.911300+00:00
USA,1987,MILITARY_EXPENDITURE,6.42027402288488,United States,MS.MIL.XPND.GD.ZS,Military expenditure percentage GDP,percent,annual,none,world_bank,2026-05-13T21:08:40.911300+00:00
USA,1988,MILITARY_EXPENDITURE,6.0712777020948,United States,MS.MIL.XPND.GD.ZS,Military expenditure percentage GDP,percent,annual,none,world_bank,2026-05-13T21:08:40.911300+00:00
USA,1989,MILITARY_EXPENDITURE,5.87120600804653,United States,MS.MIL.XPND.GD.ZS,Military expenditure percentage GDP,percent,annual,none,world_bank,2026-05-13T21:08:40.911300+00:00
USA,1990,MILITARY_EXPENDITURE,5.60517529438794,United States,MS.MIL.XPND.GD.ZS,Military expenditure percentage GDP,percent,annual,none,world_bank,2026-05-13T21:08:40.911300+00:00
USA,1991,MILITARY_EXPENDITURE,4.88342939776313,United States,MS.MIL.XPND.GD.ZS,Military expenditure percentage GDP,percent,annual,none,world_bank,2026-05-13T21:08:40.911300+00:00
USA,1992,MILITARY_EXPENDITURE,4.97046680768284,United States,MS.MIL.XPND.GD.ZS,Military expenditure percentage GDP,percent,annual,none,world_bank,2026-05-13T21:08:40.911300+00:00
USA,1993,MILITARY_EXPENDITURE,4.60435029507644,United States,MS.MIL.XPND.GD.ZS,Military expenditure percentage GDP,percent,annual,none,world_bank,2026-05-13T21:08:40.911300+00:00
USA,1994,MILITARY_EXPENDITURE,4.2152646751779,United States,MS.MIL.XPND.GD.ZS,Military expenditure percentage GDP,percent,annual,none,world_bank,2026-05-13T21:08:40.911300+00:00
USA,1995,MILITARY_EXPENDITURE,3.8602457917389,United States,MS.MIL.XPND.GD.ZS,Military expenditure percentage GDP,percent,annual,none,world_bank,2026-05-13T21:08:40.911300+00:00
USA,1996,MILITARY_EXPENDITURE,3.55498220635218,United States,MS.MIL.XPND.GD.ZS,Military expenditure percentage GDP,percent,annual,none,world_bank,2026-05-13T21:08:40.911300+00:00
USA,1997,MILITARY_EXPENDITURE,3.40556224418855,United States,MS.MIL.XPND.GD.ZS,Military expenditure percentage GDP,percent,annual,none,world_bank,2026-05-13T21:08:40.911300+00:00
USA,1998,MILITARY_EXPENDITURE,3.20155849896996,United States,MS.MIL.XPND.GD.ZS,Military expenditure percentage GDP,percent,annual,none,world_bank,2026-05-13T21:08:40.911300+00:00
USA,1999,MILITARY_EXPENDITURE,3.08567678324746,United States,MS.MIL.XPND.GD.ZS,Military expenditure percentage GDP,percent,annual,none,world_bank,2026-05-13T21:08:40.911300+00:00
USA,2000,MILITARY_EXPENDITURE,3.11224214697679,United States,MS.MIL.XPND.GD.ZS,Military expenditure percentage GDP,percent,annual,none,world_bank,2026-05-13T21:08:40.911300+00:00
USA,2001,MILITARY_EXPENDITURE,3.12380980266703,United States,MS.MIL.XPND.GD.ZS,Military expenditure percentage GDP,percent,annual,none,world_bank,2026-05-13T21:08:40.911300+00:00
USA,2002,MILITARY_EXPENDITURE,3.44761809928778,United States,MS.MIL.XPND.GD.ZS,Military expenditure percentage GDP,percent,annual,none,world_bank,2026-05-13T21:08:40.911300+00:00
USA,2003,MILITARY_EXPENDITURE,3.82716104473623,United States,MS.MIL.XPND.GD.ZS,Military expenditure percentage GDP,percent,annual,none,world_bank,2026-05-13T21:08:40.911300+00:00
USA,2004,MILITARY_EXPENDITURE,4.01631273640692,United States,MS.MIL.XPND.GD.ZS,Military expenditure percentage GDP,percent,annual,none,world_bank,2026-05-13T21:08:40.911300+00:00
USA,2005,MILITARY_EXPENDITURE,4.08923187524508,United States,MS.MIL.XPND.GD.ZS,Military expenditure percentage GDP,percent,annual,none,world_bank,2026-05-13T21:08:40.911300+00:00
USA,2006,MILITARY_EXPENDITURE,4.04134230166038,United States,MS.MIL.XPND.GD.ZS,Military expenditure percentage GDP,percent,annual,none,world_bank,2026-05-13T21:08:40.911300+00:00
USA,2007,MILITARY_EXPENDITURE,4.07335051467688,United States,MS.MIL.XPND.GD.ZS,Military expenditure percentage GDP,percent,annual,none,world_bank,2026-05-13T21:08:40.911300+00:00
USA,2008,MILITARY_EXPENDITURE,4.44659552156261,United States,MS.MIL.XPND.GD.ZS,Military expenditure percentage GDP,percent,annual,none,world_bank,2026-05-13T21:08:40.911300+00:00
USA,2009,MILITARY_EXPENDITURE,4.87576835879774,United States,MS.MIL.XPND.GD.ZS,Military expenditure percentage GDP,percent,annual,none,world_bank,2026-05-13T21:08:40.911300+00:00
USA,2010,MILITARY_EXPENDITURE,4.90402300595835,United States,MS.MIL.XPND.GD.ZS,Military expenditure percentage GDP,percent,annual,none,world_bank,2026-05-13T21:08:40.911300+00:00
USA,2011,MILITARY_EXPENDITURE,4.82244197600452,United States,MS.MIL.XPND.GD.ZS,Military expenditure percentage GDP,percent,annual,none,world_bank,2026-05-13T21:08:40.911300+00:00
USA,2012,MILITARY_EXPENDITURE,4.4617099699335,United States,MS.MIL.XPND.GD.ZS,Military expenditure percentage GDP,percent,annual,none,world_bank,2026-05-13T21:08:40.911300+00:00
USA,2013,MILITARY_EXPENDITURE,4.02370560438155,United States,MS.MIL.XPND.GD.ZS,Military expenditure percentage GDP,percent,annual,none,world_bank,2026-05-13T21:08:40.911300+00:00
USA,2014,MILITARY_EXPENDITURE,3.67891817387645,United States,MS.MIL.XPND.GD.ZS,Military expenditure percentage GDP,percent,annual,none,world_bank,2026-05-13T21:08:40.911300+00:00
USA,2015,MILITARY_EXPENDITURE,3.46449292564277,United States,MS.MIL.XPND.GD.ZS,Military expenditure percentage GDP,percent,annual,none,world_bank,2026-05-13T21:08:40.911300+00:00
USA,2016,MILITARY_EXPENDITURE,3.40260233575118,United States,MS.MIL.XPND.GD.ZS,Military expenditure percentage GDP,percent,annual,none,world_bank,2026-05-13T21:08:40.911300+00:00
USA,2017,MILITARY_EXPENDITURE,3.2977234873792,United States,MS.MIL.XPND.GD.ZS,Military expenditure percentage GDP,percent,annual,none,world_bank,2026-05-13T21:08:40.911300+00:00
USA,2018,MILITARY_EXPENDITURE,3.3040005391035,United States,MS.MIL.XPND.GD.ZS,Military expenditure percentage GDP,percent,annual,none,world_bank,2026-05-13T21:08:40.911300+00:00
USA,2019,MILITARY_EXPENDITURE,3.40921408383721,United States,MS.MIL.XPND.GD.ZS,Military expenditure percentage GDP,percent,annual,none,world_bank,2026-05-13T21:08:40.911300+00:00
USA,2020,MILITARY_EXPENDITURE,3.64518757294704,United States,MS.MIL.XPND.GD.ZS,Military expenditure percentage GDP,percent,annual,none,world_bank,2026-05-13T21:08:40.911300+00:00
USA,2021,MILITARY_EXPENDITURE,3.40451991574826,United States,MS.MIL.XPND.GD.ZS,Military expenditure percentage GDP,percent,annual,none,world_bank,2026-05-13T21:08:40.911300+00:00
USA,2022,MILITARY_EXPENDITURE,3.30947715843109,United States,MS.MIL.XPND.GD.ZS,Military expenditure percentage GDP,percent,annual,none,world_bank,2026-05-13T21:08:40.911300+00:00
USA,2023,MILITARY_EXPENDITURE,3.304441637598,United States,MS.MIL.XPND.GD.ZS,Military expenditure percentage GDP,percent,annual,none,world_bank,2026-05-13T21:08:40.911300+00:00
USA,2024,MILITARY_EXPENDITURE,3.41921653228044,United States,MS.MIL.XPND.GD.ZS,Military expenditure percentage GDP,percent,annual,none,world_bank,2026-05-13T21:08:40.911300+00:00
USA,2025,MILITARY_EXPENDITURE,,United States,MS.MIL.XPND.GD.ZS,Military expenditure percentage GDP,percent,annual,none,world_bank,2026-05-13T21:08:40.911300+00:00
USA,1960,UNEMPLOYMENT,,United States,SL.UEM.TOTL.ZS,Unemployment total percentage of labor force,percent,annual,none,world_bank,2026-05-13T21:08:38.638716+00:00
USA,1961,UNEMPLOYMENT,,United States,SL.UEM.TOTL.ZS,Unemployment total percentage of labor force,percent,annual,none,world_bank,2026-05-13T21:08:38.638716+00:00
USA,1962,UNEMPLOYMENT,,United States,SL.UEM.TOTL.ZS,Unemployment total percentage of labor force,percent,annual,none,world_bank,2026-05-13T21:08:38.638716+00:00
USA,1963,UNEMPLOYMENT,,United States,SL.UEM.TOTL.ZS,Unemployment total percentage of labor force,percent,annual,none,world_bank,2026-05-13T21:08:38.638716+00:00
USA,1964,UNEMPLOYMENT,,United States,SL.UEM.TOTL.ZS,Unemployment total percentage of labor force,percent,annual,none,world_bank,2026-05-13T21:08:38.638716+00:00
USA,1965,UNEMPLOYMENT,,United States,SL.UEM.TOTL.ZS,Unemployment total percentage of labor force,percent,annual,none,world_bank,2026-05-13T21:08:38.638716+00:00
USA,1966,UNEMPLOYMENT,,United States,SL.UEM.TOTL.ZS,Unemployment total percentage of labor force,percent,annual,none,world_bank,2026-05-13T21:08:38.638716+00:00
USA,1967,UNEMPLOYMENT,,United States,SL.UEM.TOTL.ZS,Unemployment total percentage of labor force,percent,annual,none,world_bank,2026-05-13T21:08:38.638716+00:00
USA,1968,UNEMPLOYMENT,,United States,SL.UEM.TOTL.ZS,Unemployment total percentage of labor force,percent,annual,none,world_bank,2026-05-13T21:08:38.638716+00:00
USA,1969,UNEMPLOYMENT,,United States,SL.UEM.TOTL.ZS,Unemployment total percentage of labor force,percent,annual,none,world_bank,2026-05-13T21:08:38.638716+00:00
USA,1970,UNEMPLOYMENT,,United States,SL.UEM.TOTL.ZS,Unemployment total percentage of labor force,percent,annual,none,world_bank,2026-05-13T21:08:38.638716+00:00
USA,1971,UNEMPLOYMENT,,United States,SL.UEM.TOTL.ZS,Unemployment total percentage of labor force,percent,annual,none,world_bank,2026-05-13T21:08:38.638716+00:00
USA,1972,UNEMPLOYMENT,,United States,SL.UEM.TOTL.ZS,Unemployment total percentage of labor force,percent,annual,none,world_bank,2026-05-13T21:08:38.638716+00:00
USA,1973,UNEMPLOYMENT,,United States,SL.UEM.TOTL.ZS,Unemployment total percentage of labor force,percent,annual,none,world_bank,2026-05-13T21:08:38.638716+00:00
USA,1974,UNEMPLOYMENT,,United States,SL.UEM.TOTL.ZS,Unemployment total percentage of labor force,percent,annual,none,world_bank,2026-05-13T21:08:38.638716+00:00
USA,1975,UNEMPLOYMENT,,United States,SL.UEM.TOTL.ZS,Unemployment total percentage of labor force,percent,annual,none,world_bank,2026-05-13T21:08:38.638716+00:00
USA,1976,UNEMPLOYMENT,,United States,SL.UEM.TOTL.ZS,Unemployment total percentage of labor force,percent,annual,none,world_bank,2026-05-13T21:08:38.638716+00:00
USA,1977,UNEMPLOYMENT,,United States,SL.UEM.TOTL.ZS,Unemployment total percentage of labor force,percent,annual,none,world_bank,2026-05-13T21:08:38.638716+00:00
USA,1978,UNEMPLOYMENT,,United States,SL.UEM.TOTL.ZS,Unemployment total percentage of labor force,percent,annual,none,world_bank,2026-05-13T21:08:38.638716+00:00
USA,1979,UNEMPLOYMENT,,United States,SL.UEM.TOTL.ZS,Unemployment total percentage of labor force,percent,annual,none,world_bank,2026-05-13T21:08:38.638716+00:00
USA,1980,UNEMPLOYMENT,,United States,SL.UEM.TOTL.ZS,Unemployment total percentage of labor force,percent,annual,none,world_bank,2026-05-13T21:08:38.638716+00:00
USA,1981,UNEMPLOYMENT,,United States,SL.UEM.TOTL.ZS,Unemployment total percentage of labor force,percent,annual,none,world_bank,2026-05-13T21:08:38.638716+00:00
USA,1982,UNEMPLOYMENT,,United States,SL.UEM.TOTL.ZS,Unemployment total percentage of labor force,percent,annual,none,world_bank,2026-05-13T21:08:38.638716+00:00
USA,1983,UNEMPLOYMENT,,United States,SL.UEM.TOTL.ZS,Unemployment total percentage of labor force,percent,annual,none,world_bank,2026-05-13T21:08:38.638716+00:00
USA,1984,UNEMPLOYMENT,,United States,SL.UEM.TOTL.ZS,Unemployment total percentage of labor force,percent,annual,none,world_bank,2026-05-13T21:08:38.638716+00:00
USA,1985,UNEMPLOYMENT,,United States,SL.UEM.TOTL.ZS,Unemployment total percentage of labor force,percent,annual,none,world_bank,2026-05-13T21:08:38.638716+00:00
USA,1986,UNEMPLOYMENT,,United States,SL.UEM.TOTL.ZS,Unemployment total percentage of labor force,percent,annual,none,world_bank,2026-05-13T21:08:38.638716+00:00
USA,1987,UNEMPLOYMENT,,United States,SL.UEM.TOTL.ZS,Unemployment total percentage of labor force,percent,annual,none,world_bank,2026-05-13T21:08:38.638716+00:00
USA,1988,UNEMPLOYMENT,,United States,SL.UEM.TOTL.ZS,Unemployment total percentage of labor force,percent,annual,none,world_bank,2026-05-13T21:08:38.638716+00:00
USA,1989,UNEMPLOYMENT,,United States,SL.UEM.TOTL.ZS,Unemployment total percentage of labor force,percent,annual,none,world_bank,2026-05-13T21:08:38.638716+00:00
USA,1990,UNEMPLOYMENT,,United States,SL.UEM.TOTL.ZS,Unemployment total percentage of labor force,percent,annual,none,world_bank,2026-05-13T21:08:38.638716+00:00
USA,1991,UNEMPLOYMENT,6.8,United States,SL.UEM.TOTL.ZS,Unemployment total percentage of labor force,percent,annual,none,world_bank,2026-05-13T21:08:38.638716+00:00
USA,1992,UNEMPLOYMENT,7.5,United States,SL.UEM.TOTL.ZS,Unemployment total percentage of labor force,percent,annual,none,world_bank,2026-05-13T21:08:38.638716+00:00
USA,1993,UNEMPLOYMENT,6.9,United States,SL.UEM.TOTL.ZS,Unemployment total percentage of labor force,percent,annual,none,world_bank,2026-05-13T21:08:38.638716+00:00
USA,1994,UNEMPLOYMENT,6.119,United States,SL.UEM.TOTL.ZS,Unemployment total percentage of labor force,percent,annual,none,world_bank,2026-05-13T21:08:38.638716+00:00
USA,1995,UNEMPLOYMENT,5.65,United States,SL.UEM.TOTL.ZS,Unemployment total percentage of labor force,percent,annual,none,world_bank,2026-05-13T21:08:38.638716+00:00
USA,1996,UNEMPLOYMENT,5.451,United States,SL.UEM.TOTL.ZS,Unemployment total percentage of labor force,percent,annual,none,world_bank,2026-05-13T21:08:38.638716+00:00
USA,1997,UNEMPLOYMENT,5.0,United States,SL.UEM.TOTL.ZS,Unemployment total percentage of labor force,percent,annual,none,world_bank,2026-05-13T21:08:38.638716+00:00
USA,1998,UNEMPLOYMENT,4.511,United States,SL.UEM.TOTL.ZS,Unemployment total percentage of labor force,percent,annual,none,world_bank,2026-05-13T21:08:38.638716+00:00
USA,1999,UNEMPLOYMENT,4.219,United States,SL.UEM.TOTL.ZS,Unemployment total percentage of labor force,percent,annual,none,world_bank,2026-05-13T21:08:38.638716+00:00
USA,2000,UNEMPLOYMENT,3.992,United States,SL.UEM.TOTL.ZS,Unemployment total percentage of labor force,percent,annual,none,world_bank,2026-05-13T21:08:38.638716+00:00
USA,2001,UNEMPLOYMENT,4.731,United States,SL.UEM.TOTL.ZS,Unemployment total percentage of labor force,percent,annual,none,world_bank,2026-05-13T21:08:38.638716+00:00
USA,2002,UNEMPLOYMENT,5.783,United States,SL.UEM.TOTL.ZS,Unemployment total percentage of labor force,percent,annual,none,world_bank,2026-05-13T21:08:38.638716+00:00
USA,2003,UNEMPLOYMENT,5.989,United States,SL.UEM.TOTL.ZS,Unemployment total percentage of labor force,percent,annual,none,world_bank,2026-05-13T21:08:38.638716+00:00
USA,2004,UNEMPLOYMENT,5.529,United States,SL.UEM.TOTL.ZS,Unemployment total percentage of labor force,percent,annual,none,world_bank,2026-05-13T21:08:38.638716+00:00
USA,2005,UNEMPLOYMENT,5.084,United States,SL.UEM.TOTL.ZS,Unemployment total percentage of labor force,percent,annual,none,world_bank,2026-05-13T21:08:38.638716+00:00
USA,2006,UNEMPLOYMENT,4.623,United States,SL.UEM.TOTL.ZS,Unemployment total percentage of labor force,percent,annual,none,world_bank,2026-05-13T21:08:38.638716+00:00
USA,2007,UNEMPLOYMENT,4.622,United States,SL.UEM.TOTL.ZS,Unemployment total percentage of labor force,percent,annual,none,world_bank,2026-05-13T21:08:38.638716+00:00
USA,2008,UNEMPLOYMENT,5.784,United States,SL.UEM.TOTL.ZS,Unemployment total percentage of labor force,percent,annual,none,world_bank,2026-05-13T21:08:38.638716+00:00
USA,2009,UNEMPLOYMENT,9.254,United States,SL.UEM.TOTL.ZS,Unemployment total percentage of labor force,percent,annual,none,world_bank,2026-05-13T21:08:38.638716+00:00
USA,2010,UNEMPLOYMENT,9.633,United States,SL.UEM.TOTL.ZS,Unemployment total percentage of labor force,percent,annual,none,world_bank,2026-05-13T21:08:38.638716+00:00
USA,2011,UNEMPLOYMENT,8.949,United States,SL.UEM.TOTL.ZS,Unemployment total percentage of labor force,percent,annual,none,world_bank,2026-05-13T21:08:38.638716+00:00
USA,2012,UNEMPLOYMENT,8.069,United States,SL.UEM.TOTL.ZS,Unemployment total percentage of labor force,percent,annual,none,world_bank,2026-05-13T21:08:38.638716+00:00
USA,2013,UNEMPLOYMENT,7.375,United States,SL.UEM.TOTL.ZS,Unemployment total percentage of labor force,percent,annual,none,world_bank,2026-05-13T21:08:38.638716+00:00
USA,2014,UNEMPLOYMENT,6.168,United States,SL.UEM.TOTL.ZS,Unemployment total percentage of labor force,percent,annual,none,world_bank,2026-05-13T21:08:38.638716+00:00
USA,2015,UNEMPLOYMENT,5.28,United States,SL.UEM.TOTL.ZS,Unemployment total percentage of labor force,percent,annual,none,world_bank,2026-05-13T21:08:38.638716+00:00
USA,2016,UNEMPLOYMENT,4.869,United States,SL.UEM.TOTL.ZS,Unemployment total percentage of labor force,percent,annual,none,world_bank,2026-05-13T21:08:38.638716+00:00
USA,2017,UNEMPLOYMENT,4.355,United States,SL.UEM.TOTL.ZS,Unemployment total percentage of labor force,percent,annual,none,world_bank,2026-05-13T21:08:38.638716+00:00
USA,2018,UNEMPLOYMENT,3.896,United States,SL.UEM.TOTL.ZS,Unemployment total percentage of labor force,percent,annual,none,world_bank,2026-05-13T21:08:38.638716+00:00
USA,2019,UNEMPLOYMENT,3.669,United States,SL.UEM.TOTL.ZS,Unemployment total percentage of labor force,percent,annual,none,world_bank,2026-05-13T21:08:38.638716+00:00
USA,2020,UNEMPLOYMENT,8.055,United States,SL.UEM.TOTL.ZS,Unemployment total percentage of labor force,percent,annual,none,world_bank,2026-05-13T21:08:38.638716+00:00
USA,2021,UNEMPLOYMENT,5.349,United States,SL.UEM.TOTL.ZS,Unemployment total percentage of labor force,percent,annual,none,world_bank,2026-05-13T21:08:38.638716+00:00
USA,2022,UNEMPLOYMENT,3.65,United States,SL.UEM.TOTL.ZS,Unemployment total percentage of labor force,percent,annual,none,world_bank,2026-05-13T21:08:38.638716+00:00
USA,2023,UNEMPLOYMENT,3.638,United States,SL.UEM.TOTL.ZS,Unemployment total percentage of labor force,percent,annual,none,world_bank,2026-05-13T21:08:38.638716+00:00
USA,2024,UNEMPLOYMENT,4.022,United States,SL.UEM.TOTL.ZS,Unemployment total percentage of labor force,percent,annual,none,world_bank,2026-05-13T21:08:38.638716+00:00
USA,2025,UNEMPLOYMENT,4.198,United States,SL.UEM.TOTL.ZS,Unemployment total percentage of labor force,percent,annual,none,world_bank,2026-05-13T21:08:38.638716+00:00
